sighting_id,vehicle_number,plate_confidence,plate_frames_voted,vehicle_type,vehicle_colour,direction,camera_id,location,latitude,longitude,location_accuracy,timestamp,timestamp_source,detection_confidence,evidence_image
2,NOT_READABLE,,,car,grey,stationary,CAM-01,Chiman bhai Bridge,23.0064,72.5698,APPROXIMATE,2026-06-14 00:54:14,overlay,0.36,evidence/CAM-01_7_1788366103701.jpg
18,NOT_READABLE,,,truck,black,stationary,CAM-01,Chiman bhai Bridge,23.0064,72.5698,APPROXIMATE,2026-06-14 00:54:16,overlay,0.57,evidence/CAM-01_1_1788366151313.jpg
174,NOT_READABLE,,,bus,black,westbound,CAM-13,CN-VIDHYALAYA,23.0284,72.5541,APPROXIMATE,2026-06-14 00:54:22,overlay,1.21,evidence/CAM-13_346_1788366185978.jpg
194,NOT_READABLE,,,motorcycle,grey,northbound,CAM-13,CN-VIDHYALAYA,23.0284,72.5541,APPROXIMATE,2026-06-14 00:54:23,overlay,6.57,evidence/CAM-13_367_1788366186727.jpg
196,NOT_READABLE,,,truck,blue,eastbound,CAM-13,CN-VIDHYALAYA,23.0284,72.5541,APPROXIMATE,2026-06-14 00:54:23,overlay,0.75,evidence/CAM-13_376_1788366186738.jpg
225,NOT_READABLE,,,truck,grey,westbound,CAM-13,CN-VIDHYALAYA,23.0284,72.5541,APPROXIMATE,2026-06-14 00:54:24,overlay,3.30,evidence/CAM-13_382_1788366187804.jpg
227,NOT_READABLE,,,motorcycle,grey,westbound,CAM-13,CN-VIDHYALAYA,23.0284,72.5541,APPROXIMATE,2026-06-14 00:54:24,overlay,1.51,evidence/CAM-13_383_1788366187978.jpg
229,NOT_READABLE,,,car,black,westbound,CAM-13,CN-VIDHYALAYA,23.0284,72.5541,APPROXIMATE,2026-06-14 00:54:24,overlay,3.52,evidence/CAM-13_386_1788366188166.jpg
231,NOT_READABLE,,,motorcycle,,northbound,CAM-13,CN-VIDHYALAYA,23.0284,72.5541,APPROXIMATE,2026-06-14 00:54:24,overlay,7.43,evidence/CAM-13_399_1788366188246.jpg
266,NOT_READABLE,,,bus,white,southbound,CAM-13,CN-VIDHYALAYA,23.0284,72.5541,APPROXIMATE,2026-06-14 00:54:26,overlay,0.38,evidence/CAM-13_411_1788366189383.jpg
13,NOT_READABLE,,,car,white,stationary,CAM-05,Visat teen Rasta,23.1192572,72.5656704,GEOCODED,2026-06-14 00:54:32,overlay,0.56,evidence/CAM-05_24_1788366145238.jpg
14,NOT_READABLE,,,car,white,eastbound,CAM-05,Visat teen Rasta,23.1192572,72.5656704,GEOCODED,2026-06-14 00:54:33,overlay,0.73,evidence/CAM-05_26_1788366147677.jpg
15,NOT_READABLE,,,car,white,stationary,CAM-05,Visat teen Rasta,23.1192572,72.5656704,GEOCODED,2026-06-14 00:54:33,overlay,0.54,evidence/CAM-05_23_1788366148402.jpg
526,NOT_READABLE,,,bus,grey,westbound,CAM-13,CN-VIDHYALAYA,23.0284,72.5541,APPROXIMATE,2026-06-14 00:54:33,overlay,0.46,evidence/CAM-13_421_1788366202857.jpg
528,NOT_READABLE,,,bus,grey,northbound,CAM-13,CN-VIDHYALAYA,23.0284,72.5541,APPROXIMATE,2026-06-14 00:54:33,overlay,1.10,evidence/CAM-13_422_1788366202880.jpg
531,NOT_READABLE,,,car,black,northbound,CAM-13,CN-VIDHYALAYA,23.0284,72.5541,APPROXIMATE,2026-06-14 00:54:33,overlay,0.89,evidence/CAM-13_427_1788366202890.jpg
535,NOT_READABLE,,,truck,grey,westbound,CAM-13,CN-VIDHYALAYA,23.0284,72.5541,APPROXIMATE,2026-06-14 00:54:33,overlay,0.67,evidence/CAM-13_429_1788366203012.jpg
538,NOT_READABLE,,,motorcycle,grey,westbound,CAM-13,CN-VIDHYALAYA,23.0284,72.5541,APPROXIMATE,2026-06-14 00:54:33,overlay,0.46,evidence/CAM-13_430_1788366203160.jpg
539,NOT_READABLE,,,bus,grey,westbound,CAM-13,CN-VIDHYALAYA,23.0284,72.5541,APPROXIMATE,2026-06-14 00:54:33,overlay,7.86,evidence/CAM-13_432_1788366203187.jpg
541,NOT_READABLE,,,truck,black,westbound,CAM-13,CN-VIDHYALAYA,23.0284,72.5541,APPROXIMATE,2026-06-14 00:54:33,overlay,1.43,evidence/CAM-13_434_1788366203201.jpg
543,NOT_READABLE,,,bicycle,orange,eastbound,CAM-13,CN-VIDHYALAYA,23.0284,72.5541,APPROXIMATE,2026-06-14 00:54:33,overlay,0.47,evidence/CAM-13_439_1788366203213.jpg
544,NOT_READABLE,,,bicycle,grey,stationary,CAM-13,CN-VIDHYALAYA,23.0284,72.5541,APPROXIMATE,2026-06-14 00:54:33,overlay,11.82,evidence/CAM-13_442_1788366203225.jpg
545,NOT_READABLE,,,truck,grey,northbound,CAM-13,CN-VIDHYALAYA,23.0284,72.5541,APPROXIMATE,2026-06-14 00:54:33,overlay,0.79,evidence/CAM-13_448_1788366203379.jpg
546,NOT_READABLE,,,car,grey,stationary,CAM-13,CN-VIDHYALAYA,23.0284,72.5541,APPROXIMATE,2026-06-14 00:54:33,overlay,1.39,evidence/CAM-13_449_1788366203404.jpg
547,NOT_READABLE,,,bicycle,black,stationary,CAM-13,CN-VIDHYALAYA,23.0284,72.5541,APPROXIMATE,2026-06-14 00:54:33,overlay,7.90,evidence/CAM-13_451_1788366203497.jpg
548,NOT_READABLE,,,bus,,northbound,CAM-13,CN-VIDHYALAYA,23.0284,72.5541,APPROXIMATE,2026-06-14 00:54:33,overlay,4.47,evidence/CAM-13_461_1788366203522.jpg
549,NOT_READABLE,,,car,white,northbound,CAM-13,CN-VIDHYALAYA,23.0284,72.5541,APPROXIMATE,2026-06-14 00:54:33,overlay,0.43,evidence/CAM-13_462_1788366203559.jpg
16,NOT_READABLE,,,car,red,eastbound,CAM-05,Visat teen Rasta,23.1192572,72.5656704,GEOCODED,2026-06-14 00:54:34,overlay,0.90,evidence/CAM-05_29_1788366148978.jpg
17,NOT_READABLE,,,car,red,stationary,CAM-05,Visat teen Rasta,23.1192572,72.5656704,GEOCODED,2026-06-14 00:54:34,overlay,0.39,evidence/CAM-05_30_1788366148984.jpg
673,NOT_READABLE,,,car,grey,northbound,CAM-13,CN-VIDHYALAYA,23.0284,72.5541,APPROXIMATE,2026-06-14 00:54:35,overlay,2.44,evidence/CAM-13_420_1788366210675.jpg
674,NOT_READABLE,,,car,grey,stationary,CAM-13,CN-VIDHYALAYA,23.0284,72.5541,APPROXIMATE,2026-06-14 00:54:35,overlay,0.89,evidence/CAM-13_423_1788366210699.jpg
675,NOT_READABLE,,,car,black,eastbound,CAM-13,CN-VIDHYALAYA,23.0284,72.5541,APPROXIMATE,2026-06-14 00:54:35,overlay,0.42,evidence/CAM-13_424_1788366210714.jpg
676,NOT_READABLE,,,truck,grey,southbound,CAM-13,CN-VIDHYALAYA,23.0284,72.5541,APPROXIMATE,2026-06-14 00:54:35,overlay,0.62,evidence/CAM-13_425_1788366210744.jpg
677,NOT_READABLE,,,car,grey,northbound,CAM-13,CN-VIDHYALAYA,23.0284,72.5541,APPROXIMATE,2026-06-14 00:54:35,overlay,0.64,evidence/CAM-13_426_1788366210768.jpg
678,NOT_READABLE,,,truck,grey,northbound,CAM-13,CN-VIDHYALAYA,23.0284,72.5541,APPROXIMATE,2026-06-14 00:54:35,overlay,0.82,evidence/CAM-13_428_1788366210795.jpg
680,NOT_READABLE,,,bicycle,grey,northbound,CAM-13,CN-VIDHYALAYA,23.0284,72.5541,APPROXIMATE,2026-06-14 00:54:35,overlay,0.64,evidence/CAM-13_431_1788366210816.jpg
681,NOT_READABLE,,,truck,grey,southbound,CAM-13,CN-VIDHYALAYA,23.0284,72.5541,APPROXIMATE,2026-06-14 00:54:35,overlay,0.65,evidence/CAM-13_433_1788366210839.jpg
682,NOT_READABLE,,,truck,grey,southbound,CAM-13,CN-VIDHYALAYA,23.0284,72.5541,APPROXIMATE,2026-06-14 00:54:35,overlay,0.64,evidence/CAM-13_438_1788366210858.jpg
683,NOT_READABLE,,,bus,grey,northbound,CAM-13,CN-VIDHYALAYA,23.0284,72.5541,APPROXIMATE,2026-06-14 00:54:35,overlay,0.85,evidence/CAM-13_446_1788366210875.jpg
684,NOT_READABLE,,,bus,grey,westbound,CAM-13,CN-VIDHYALAYA,23.0284,72.5541,APPROXIMATE,2026-06-14 00:54:35,overlay,5.75,evidence/CAM-13_450_1788366210889.jpg
685,NOT_READABLE,,,car,white,westbound,CAM-13,CN-VIDHYALAYA,23.0284,72.5541,APPROXIMATE,2026-06-14 00:54:35,overlay,0.82,evidence/CAM-13_463_1788366210904.jpg
686,NOT_READABLE,,,motorcycle,grey,eastbound,CAM-13,CN-VIDHYALAYA,23.0284,72.5541,APPROXIMATE,2026-06-14 00:54:35,overlay,0.85,evidence/CAM-13_470_1788366210921.jpg
687,NOT_READABLE,,,motorcycle,grey,eastbound,CAM-13,CN-VIDHYALAYA,23.0284,72.5541,APPROXIMATE,2026-06-14 00:54:35,overlay,0.60,evidence/CAM-13_471_1788366210938.jpg
688,NOT_READABLE,,,bicycle,grey,eastbound,CAM-13,CN-VIDHYALAYA,23.0284,72.5541,APPROXIMATE,2026-06-14 00:54:35,overlay,3.78,evidence/CAM-13_472_1788366210951.jpg
689,NOT_READABLE,,,motorcycle,grey,eastbound,CAM-13,CN-VIDHYALAYA,23.0284,72.5541,APPROXIMATE,2026-06-14 00:54:35,overlay,0.80,evidence/CAM-13_476_1788366210981.jpg
690,NOT_READABLE,,,motorcycle,grey,eastbound,CAM-13,CN-VIDHYALAYA,23.0284,72.5541,APPROXIMATE,2026-06-14 00:54:35,overlay,4.19,evidence/CAM-13_481_1788366211002.jpg
691,NOT_READABLE,,,bus,orange,westbound,CAM-13,CN-VIDHYALAYA,23.0284,72.5541,APPROXIMATE,2026-06-14 00:54:35,overlay,0.85,evidence/CAM-13_482_1788366211029.jpg
692,NOT_READABLE,,,bicycle,grey,westbound,CAM-13,CN-VIDHYALAYA,23.0284,72.5541,APPROXIMATE,2026-06-14 00:54:35,overlay,2.38,evidence/CAM-13_484_1788366211053.jpg
693,NOT_READABLE,,,bus,grey,eastbound,CAM-13,CN-VIDHYALAYA,23.0284,72.5541,APPROXIMATE,2026-06-14 00:54:35,overlay,3.54,evidence/CAM-13_485_1788366211067.jpg
694,NOT_READABLE,,,motorcycle,black,westbound,CAM-13,CN-VIDHYALAYA,23.0284,72.5541,APPROXIMATE,2026-06-14 00:54:35,overlay,3.14,evidence/CAM-13_490_1788366211094.jpg
695,NOT_READABLE,,,bicycle,grey,eastbound,CAM-13,CN-VIDHYALAYA,23.0284,72.5541,APPROXIMATE,2026-06-14 00:54:35,overlay,0.82,evidence/CAM-13_491_1788366211117.jpg
696,NOT_READABLE,,,motorcycle,grey,eastbound,CAM-13,CN-VIDHYALAYA,23.0284,72.5541,APPROXIMATE,2026-06-14 00:54:35,overlay,0.76,evidence/CAM-13_493_1788366211221.jpg
697,NOT_READABLE,,,truck,grey,westbound,CAM-13,CN-VIDHYALAYA,23.0284,72.5541,APPROXIMATE,2026-06-14 00:54:35,overlay,0.44,evidence/CAM-13_494_1788366211245.jpg
698,NOT_READABLE,,,bicycle,grey,westbound,CAM-13,CN-VIDHYALAYA,23.0284,72.5541,APPROXIMATE,2026-06-14 00:54:35,overlay,0.92,evidence/CAM-13_500_1788366211262.jpg
699,NOT_READABLE,,,car,grey,westbound,CAM-13,CN-VIDHYALAYA,23.0284,72.5541,APPROXIMATE,2026-06-14 00:54:35,overlay,0.53,evidence/CAM-13_509_1788366211280.jpg
700,NOT_READABLE,,,motorcycle,grey,northbound,CAM-13,CN-VIDHYALAYA,23.0284,72.5541,APPROXIMATE,2026-06-14 00:54:35,overlay,0.94,evidence/CAM-13_510_1788366211299.jpg
701,NOT_READABLE,,,bicycle,white,westbound,CAM-13,CN-VIDHYALAYA,23.0284,72.5541,APPROXIMATE,2026-06-14 00:54:35,overlay,0.71,evidence/CAM-13_513_1788366211314.jpg
702,NOT_READABLE,,,motorcycle,grey,westbound,CAM-13,CN-VIDHYALAYA,23.0284,72.5541,APPROXIMATE,2026-06-14 00:54:35,overlay,0.85,evidence/CAM-13_515_1788366211334.jpg
703,NOT_READABLE,,,truck,grey,westbound,CAM-13,CN-VIDHYALAYA,23.0284,72.5541,APPROXIMATE,2026-06-14 00:54:35,overlay,1.38,evidence/CAM-13_516_1788366211352.jpg
704,NOT_READABLE,,,bus,black,eastbound,CAM-13,CN-VIDHYALAYA,23.0284,72.5541,APPROXIMATE,2026-06-14 00:54:35,overlay,0.61,evidence/CAM-13_517_1788366211368.jpg
705,NOT_READABLE,,,motorcycle,grey,westbound,CAM-13,CN-VIDHYALAYA,23.0284,72.5541,APPROXIMATE,2026-06-14 00:54:35,overlay,0.53,evidence/CAM-13_521_1788366211389.jpg
706,NOT_READABLE,,,motorcycle,grey,eastbound,CAM-13,CN-VIDHYALAYA,23.0284,72.5541,APPROXIMATE,2026-06-14 00:54:35,overlay,0.69,evidence/CAM-13_522_1788366211468.jpg
707,NOT_READABLE,,,bicycle,grey,eastbound,CAM-13,CN-VIDHYALAYA,23.0284,72.5541,APPROXIMATE,2026-06-14 00:54:35,overlay,0.58,evidence/CAM-13_528_1788366211492.jpg
708,NOT_READABLE,,,bicycle,grey,eastbound,CAM-13,CN-VIDHYALAYA,23.0284,72.5541,APPROXIMATE,2026-06-14 00:54:35,overlay,0.56,evidence/CAM-13_531_1788366211635.jpg
709,NOT_READABLE,,,car,grey,westbound,CAM-13,CN-VIDHYALAYA,23.0284,72.5541,APPROXIMATE,2026-06-14 00:54:35,overlay,0.34,evidence/CAM-13_534_1788366211679.jpg
710,NOT_READABLE,,,motorcycle,grey,southbound,CAM-13,CN-VIDHYALAYA,23.0284,72.5541,APPROXIMATE,2026-06-14 00:54:35,overlay,0.43,evidence/CAM-13_535_1788366211695.jpg
711,NOT_READABLE,,,car,grey,eastbound,CAM-13,CN-VIDHYALAYA,23.0284,72.5541,APPROXIMATE,2026-06-14 00:54:35,overlay,0.53,evidence/CAM-13_536_1788366211792.jpg
712,NOT_READABLE,,,motorcycle,grey,westbound,CAM-13,CN-VIDHYALAYA,23.0284,72.5541,APPROXIMATE,2026-06-14 00:54:35,overlay,0.41,evidence/CAM-13_537_1788366211815.jpg
713,NOT_READABLE,,,bus,grey,westbound,CAM-13,CN-VIDHYALAYA,23.0284,72.5541,APPROXIMATE,2026-06-14 00:54:35,overlay,0.68,evidence/CAM-13_538_1788366211919.jpg
714,NOT_READABLE,,,bicycle,grey,eastbound,CAM-13,CN-VIDHYALAYA,23.0284,72.5541,APPROXIMATE,2026-06-14 00:54:35,overlay,0.61,evidence/CAM-13_539_1788366211942.jpg
715,NOT_READABLE,,,car,grey,westbound,CAM-13,CN-VIDHYALAYA,23.0284,72.5541,APPROXIMATE,2026-06-14 00:54:35,overlay,0.46,evidence/CAM-13_540_1788366211956.jpg
716,NOT_READABLE,,,car,grey,westbound,CAM-13,CN-VIDHYALAYA,23.0284,72.5541,APPROXIMATE,2026-06-14 00:54:35,overlay,0.65,evidence/CAM-13_542_1788366211976.jpg
717,NOT_READABLE,,,bus,grey,westbound,CAM-13,CN-VIDHYALAYA,23.0284,72.5541,APPROXIMATE,2026-06-14 00:54:35,overlay,0.53,evidence/CAM-13_544_1788366211993.jpg
718,NOT_READABLE,,,bus,grey,westbound,CAM-13,CN-VIDHYALAYA,23.0284,72.5541,APPROXIMATE,2026-06-14 00:54:35,overlay,0.56,evidence/CAM-13_547_1788366212007.jpg
719,NOT_READABLE,,,motorcycle,grey,southbound,CAM-13,CN-VIDHYALAYA,23.0284,72.5541,APPROXIMATE,2026-06-14 00:54:35,overlay,0.57,evidence/CAM-13_550_1788366212028.jpg
720,NOT_READABLE,,,truck,grey,westbound,CAM-13,CN-VIDHYALAYA,23.0284,72.5541,APPROXIMATE,2026-06-14 00:54:35,overlay,0.42,evidence/CAM-13_556_1788366212045.jpg
721,NOT_READABLE,,,car,grey,northbound,CAM-13,CN-VIDHYALAYA,23.0284,72.5541,APPROXIMATE,2026-06-14 00:54:35,overlay,0.46,evidence/CAM-13_558_1788366212058.jpg
722,NOT_READABLE,,,truck,white,eastbound,CAM-13,CN-VIDHYALAYA,23.0284,72.5541,APPROXIMATE,2026-06-14 00:54:35,overlay,0.68,evidence/CAM-13_561_1788366212071.jpg
723,NOT_READABLE,,,bus,grey,westbound,CAM-13,CN-VIDHYALAYA,23.0284,72.5541,APPROXIMATE,2026-06-14 00:54:35,overlay,0.42,evidence/CAM-13_564_1788366212097.jpg
724,NOT_READABLE,,,bus,white,westbound,CAM-13,CN-VIDHYALAYA,23.0284,72.5541,APPROXIMATE,2026-06-14 00:54:35,overlay,0.35,evidence/CAM-13_565_1788366212119.jpg
725,NOT_READABLE,,,motorcycle,grey,eastbound,CAM-13,CN-VIDHYALAYA,23.0284,72.5541,APPROXIMATE,2026-06-14 00:54:35,overlay,0.51,evidence/CAM-13_566_1788366212214.jpg
726,NOT_READABLE,,,bicycle,orange,stationary,CAM-13,CN-VIDHYALAYA,23.0284,72.5541,APPROXIMATE,2026-06-14 00:54:35,overlay,0.65,evidence/CAM-13_568_1788366212234.jpg
727,NOT_READABLE,,,bus,grey,westbound,CAM-13,CN-VIDHYALAYA,23.0284,72.5541,APPROXIMATE,2026-06-14 00:54:35,overlay,0.32,evidence/CAM-13_569_1788366212247.jpg
728,NOT_READABLE,,,motorcycle,grey,westbound,CAM-13,CN-VIDHYALAYA,23.0284,72.5541,APPROXIMATE,2026-06-14 00:54:35,overlay,0.77,evidence/CAM-13_572_1788366212277.jpg
729,NOT_READABLE,,,truck,grey,westbound,CAM-13,CN-VIDHYALAYA,23.0284,72.5541,APPROXIMATE,2026-06-14 00:54:35,overlay,0.67,evidence/CAM-13_574_1788366212299.jpg
730,NOT_READABLE,,,car,grey,southbound,CAM-13,CN-VIDHYALAYA,23.0284,72.5541,APPROXIMATE,2026-06-14 00:54:35,overlay,0.45,evidence/CAM-13_575_1788366212477.jpg
731,NOT_READABLE,,,car,grey,eastbound,CAM-13,CN-VIDHYALAYA,23.0284,72.5541,APPROXIMATE,2026-06-14 00:54:35,overlay,0.75,evidence/CAM-13_577_1788366212503.jpg
732,NOT_READABLE,,,bus,orange,eastbound,CAM-13,CN-VIDHYALAYA,23.0284,72.5541,APPROXIMATE,2026-06-14 00:54:35,overlay,0.64,evidence/CAM-13_581_1788366212598.jpg
733,NOT_READABLE,,,car,grey,southbound,CAM-13,CN-VIDHYALAYA,23.0284,72.5541,APPROXIMATE,2026-06-14 00:54:35,overlay,0.49,evidence/CAM-13_584_1788366212618.jpg
734,NOT_READABLE,,,truck,grey,eastbound,CAM-13,CN-VIDHYALAYA,23.0284,72.5541,APPROXIMATE,2026-06-14 00:54:35,overlay,0.37,evidence/CAM-13_589_1788366212642.jpg
735,NOT_READABLE,,,bus,black,southbound,CAM-13,CN-VIDHYALAYA,23.0284,72.5541,APPROXIMATE,2026-06-14 00:54:35,overlay,0.69,evidence/CAM-13_591_1788366212666.jpg
736,NOT_READABLE,,,truck,grey,eastbound,CAM-13,CN-VIDHYALAYA,23.0284,72.5541,APPROXIMATE,2026-06-14 00:54:35,overlay,0.40,evidence/CAM-13_592_1788366212684.jpg
737,NOT_READABLE,,,motorcycle,white,eastbound,CAM-13,CN-VIDHYALAYA,23.0284,72.5541,APPROXIMATE,2026-06-14 00:54:35,overlay,0.44,evidence/CAM-13_598_1788366212705.jpg
738,NOT_READABLE,,,car,black,southbound,CAM-13,CN-VIDHYALAYA,23.0284,72.5541,APPROXIMATE,2026-06-14 00:54:35,overlay,0.41,evidence/CAM-13_602_1788366212728.jpg
739,NOT_READABLE,,,truck,black,southbound,CAM-13,CN-VIDHYALAYA,23.0284,72.5541,APPROXIMATE,2026-06-14 00:54:35,overlay,0.37,evidence/CAM-13_606_1788366212751.jpg
741,NOT_READABLE,,,truck,grey,westbound,CAM-13,CN-VIDHYALAYA,23.0284,72.5541,APPROXIMATE,2026-06-14 00:54:35,overlay,0.45,evidence/CAM-13_607_1788366212833.jpg
743,NOT_READABLE,,,bicycle,grey,northbound,CAM-13,CN-VIDHYALAYA,23.0284,72.5541,APPROXIMATE,2026-06-14 00:54:35,overlay,0.36,evidence/CAM-13_608_1788366212847.jpg
745,NOT_READABLE,,,bus,grey,northbound,CAM-13,CN-VIDHYALAYA,23.0284,72.5541,APPROXIMATE,2026-06-14 00:54:35,overlay,0.65,evidence/CAM-13_615_1788366212872.jpg
747,NOT_READABLE,,,car,grey,northbound,CAM-13,CN-VIDHYALAYA,23.0284,72.5541,APPROXIMATE,2026-06-14 00:54:35,overlay,0.63,evidence/CAM-13_617_1788366212885.jpg
748,NOT_READABLE,,,truck,grey,stationary,CAM-13,CN-VIDHYALAYA,23.0284,72.5541,APPROXIMATE,2026-06-14 00:54:35,overlay,0.41,evidence/CAM-13_619_1788366212902.jpg
749,NOT_READABLE,,,bus,grey,stationary,CAM-13,CN-VIDHYALAYA,23.0284,72.5541,APPROXIMATE,2026-06-14 00:54:35,overlay,0.49,evidence/CAM-13_620_1788366213021.jpg
750,NOT_READABLE,,,bicycle,grey,eastbound,CAM-13,CN-VIDHYALAYA,23.0284,72.5541,APPROXIMATE,2026-06-14 00:54:35,overlay,0.57,evidence/CAM-13_625_1788366213220.jpg
751,NOT_READABLE,,,bicycle,white,westbound,CAM-13,CN-VIDHYALAYA,23.0284,72.5541,APPROXIMATE,2026-06-14 00:54:35,overlay,0.39,evidence/CAM-13_626_1788366213247.jpg
752,NOT_READABLE,,,motorcycle,grey,eastbound,CAM-13,CN-VIDHYALAYA,23.0284,72.5541,APPROXIMATE,2026-06-14 00:54:35,overlay,0.65,evidence/CAM-13_627_1788366213531.jpg
753,NOT_READABLE,,,truck,grey,stationary,CAM-13,CN-VIDHYALAYA,23.0284,72.5541,APPROXIMATE,2026-06-14 00:54:35,overlay,0.47,evidence/CAM-13_633_1788366213552.jpg
754,NOT_READABLE,,,motorcycle,grey,northbound,CAM-13,CN-VIDHYALAYA,23.0284,72.5541,APPROXIMATE,2026-06-14 00:54:35,overlay,0.68,evidence/CAM-13_636_1788366213570.jpg
755,NOT_READABLE,,,car,grey,stationary,CAM-13,CN-VIDHYALAYA,23.0284,72.5541,APPROXIMATE,2026-06-14 00:54:35,overlay,0.38,evidence/CAM-13_648_1788366213588.jpg
756,NOT_READABLE,,,truck,orange,northbound,CAM-13,CN-VIDHYALAYA,23.0284,72.5541,APPROXIMATE,2026-06-14 00:54:35,overlay,0.44,evidence/CAM-13_664_1788366213604.jpg
757,NOT_READABLE,,,bicycle,grey,stationary,CAM-13,CN-VIDHYALAYA,23.0284,72.5541,APPROXIMATE,2026-06-14 00:54:35,overlay,0.81,evidence/CAM-13_673_1788366213627.jpg
758,NOT_READABLE,,,bus,,stationary,CAM-13,CN-VIDHYALAYA,23.0284,72.5541,APPROXIMATE,2026-06-14 00:54:35,overlay,6.68,evidence/CAM-13_677_1788366213645.jpg
759,NOT_READABLE,,,truck,,stationary,CAM-13,CN-VIDHYALAYA,23.0284,72.5541,APPROXIMATE,2026-06-14 00:54:35,overlay,4.20,evidence/CAM-13_682_1788366213662.jpg
760,NOT_READABLE,,,bus,,northbound,CAM-13,CN-VIDHYALAYA,23.0284,72.5541,APPROXIMATE,2026-06-14 00:54:35,overlay,3.01,evidence/CAM-13_691_1788366213681.jpg
761,NOT_READABLE,,,car,grey,northbound,CAM-13,CN-VIDHYALAYA,23.0284,72.5541,APPROXIMATE,2026-06-14 00:54:35,overlay,0.78,evidence/CAM-13_695_1788366213704.jpg
966,NOT_READABLE,,,car,cyan,stationary,CAM-04,,23.0146,72.5679,APPROXIMATE,2026-06-14 00:54:36,overlay,0.64,evidence/CAM-04_272_1788366237320.jpg
764,NOT_READABLE,,,motorcycle,grey,westbound,CAM-13,CN-VIDHYALAYA,23.0284,72.5541,APPROXIMATE,2026-06-14 00:54:36,overlay,0.99,evidence/CAM-13_480_1788366220041.jpg
765,NOT_READABLE,,,motorcycle,black,westbound,CAM-13,CN-VIDHYALAYA,23.0284,72.5541,APPROXIMATE,2026-06-14 00:54:36,overlay,0.94,evidence/CAM-13_506_1788366220060.jpg
766,NOT_READABLE,,,motorcycle,black,westbound,CAM-13,CN-VIDHYALAYA,23.0284,72.5541,APPROXIMATE,2026-06-14 00:54:36,overlay,0.52,evidence/CAM-13_511_1788366220279.jpg
767,NOT_READABLE,,,car,grey,eastbound,CAM-13,CN-VIDHYALAYA,23.0284,72.5541,APPROXIMATE,2026-06-14 00:54:36,overlay,0.85,evidence/CAM-13_532_1788366220308.jpg
768,NOT_READABLE,,,truck,black,southbound,CAM-13,CN-VIDHYALAYA,23.0284,72.5541,APPROXIMATE,2026-06-14 00:54:36,overlay,0.49,evidence/CAM-13_543_1788366220403.jpg
769,NOT_READABLE,,,truck,grey,eastbound,CAM-13,CN-VIDHYALAYA,23.0284,72.5541,APPROXIMATE,2026-06-14 00:54:36,overlay,0.61,evidence/CAM-13_587_1788366220428.jpg
770,NOT_READABLE,,,motorcycle,grey,westbound,CAM-13,CN-VIDHYALAYA,23.0284,72.5541,APPROXIMATE,2026-06-14 00:54:36,overlay,0.68,evidence/CAM-13_588_1788366220559.jpg
771,NOT_READABLE,,,bus,grey,northbound,CAM-13,CN-VIDHYALAYA,23.0284,72.5541,APPROXIMATE,2026-06-14 00:54:36,overlay,0.64,evidence/CAM-13_601_1788366220858.jpg
772,NOT_READABLE,,,bus,,stationary,CAM-13,CN-VIDHYALAYA,23.0284,72.5541,APPROXIMATE,2026-06-14 00:54:36,overlay,6.80,evidence/CAM-13_678_1788366220879.jpg
773,NOT_READABLE,,,car,,eastbound,CAM-13,CN-VIDHYALAYA,23.0284,72.5541,APPROXIMATE,2026-06-14 00:54:36,overlay,3.82,evidence/CAM-13_686_1788366220918.jpg
774,NOT_READABLE,,,motorcycle,,eastbound,CAM-13,CN-VIDHYALAYA,23.0284,72.5541,APPROXIMATE,2026-06-14 00:54:36,overlay,5.78,evidence/CAM-13_688_1788366221119.jpg
775,NOT_READABLE,,,truck,black,eastbound,CAM-13,CN-VIDHYALAYA,23.0284,72.5541,APPROXIMATE,2026-06-14 00:54:36,overlay,0.41,evidence/CAM-13_719_1788366221226.jpg
776,NOT_READABLE,,,bus,grey,southbound,CAM-13,CN-VIDHYALAYA,23.0284,72.5541,APPROXIMATE,2026-06-14 00:54:37,overlay,27.14,evidence/CAM-13_527_1788366221914.jpg
777,NOT_READABLE,,,bus,grey,stationary,CAM-13,CN-VIDHYALAYA,23.0284,72.5541,APPROXIMATE,2026-06-14 00:54:37,overlay,9.82,evidence/CAM-13_553_1788366221933.jpg
778,NOT_READABLE,,,motorcycle,grey,southbound,CAM-13,CN-VIDHYALAYA,23.0284,72.5541,APPROXIMATE,2026-06-14 00:54:37,overlay,3.79,evidence/CAM-13_703_1788366221951.jpg
779,NOT_READABLE,,,car,grey,eastbound,CAM-13,CN-VIDHYALAYA,23.0284,72.5541,APPROXIMATE,2026-06-14 00:54:37,overlay,0.76,evidence/CAM-13_749_1788366221968.jpg
787,NOT_READABLE,,,car,grey,southbound,CAM-13,CN-VIDHYALAYA,23.0284,72.5541,APPROXIMATE,2026-06-14 00:54:37,overlay,2.46,evidence/CAM-13_473_1788366225571.jpg
788,NOT_READABLE,,,car,grey,eastbound,CAM-13,CN-VIDHYALAYA,23.0284,72.5541,APPROXIMATE,2026-06-14 00:54:37,overlay,2.80,evidence/CAM-13_487_1788366225710.jpg
789,NOT_READABLE,,,bicycle,grey,southbound,CAM-13,CN-VIDHYALAYA,23.0284,72.5541,APPROXIMATE,2026-06-14 00:54:37,overlay,6.02,evidence/CAM-13_497_1788366225767.jpg
790,NOT_READABLE,,,bus,grey,eastbound,CAM-13,CN-VIDHYALAYA,23.0284,72.5541,APPROXIMATE,2026-06-14 00:54:37,overlay,0.77,evidence/CAM-13_507_1788366225785.jpg
791,NOT_READABLE,,,car,grey,eastbound,CAM-13,CN-VIDHYALAYA,23.0284,72.5541,APPROXIMATE,2026-06-14 00:54:37,overlay,99.92,evidence/CAM-13_530_1788366225961.jpg
792,NOT_READABLE,,,bus,grey,westbound,CAM-13,CN-VIDHYALAYA,23.0284,72.5541,APPROXIMATE,2026-06-14 00:54:37,overlay,0.72,evidence/CAM-13_582_1788366225986.jpg
793,NOT_READABLE,,,motorcycle,grey,westbound,CAM-13,CN-VIDHYALAYA,23.0284,72.5541,APPROXIMATE,2026-06-14 00:54:37,overlay,0.76,evidence/CAM-13_586_1788366226015.jpg
794,NOT_READABLE,,,bus,black,northbound,CAM-13,CN-VIDHYALAYA,23.0284,72.5541,APPROXIMATE,2026-06-14 00:54:37,overlay,0.71,evidence/CAM-13_605_1788366226039.jpg
795,NOT_READABLE,,,truck,,stationary,CAM-13,CN-VIDHYALAYA,23.0284,72.5541,APPROXIMATE,2026-06-14 00:54:37,overlay,6.80,evidence/CAM-13_680_1788366226068.jpg
796,NOT_READABLE,,,car,black,stationary,CAM-13,CN-VIDHYALAYA,23.0284,72.5541,APPROXIMATE,2026-06-14 00:54:37,overlay,0.85,evidence/CAM-13_835_1788366226094.jpg
797,NOT_READABLE,,,bicycle,grey,westbound,CAM-13,CN-VIDHYALAYA,23.0284,72.5541,APPROXIMATE,2026-06-14 00:54:37,overlay,0.51,evidence/CAM-13_836_1788366226125.jpg
798,NOT_READABLE,,,motorcycle,,stationary,CAM-13,CN-VIDHYALAYA,23.0284,72.5541,APPROXIMATE,2026-06-14 00:54:37,overlay,5.23,evidence/CAM-13_849_1788366226149.jpg
799,NOT_READABLE,,,car,grey,stationary,CAM-13,CN-VIDHYALAYA,23.0284,72.5541,APPROXIMATE,2026-06-14 00:54:37,overlay,2.48,evidence/CAM-13_853_1788366226255.jpg
800,NOT_READABLE,,,truck,grey,eastbound,CAM-13,CN-VIDHYALAYA,23.0284,72.5541,APPROXIMATE,2026-06-14 00:54:37,overlay,7.52,evidence/CAM-13_855_1788366226275.jpg
808,NOT_READABLE,,,bicycle,grey,westbound,CAM-13,CN-VIDHYALAYA,23.0284,72.5541,APPROXIMATE,2026-06-14 00:54:39,overlay,4.61,evidence/CAM-13_419_1788366231484.jpg
810,NOT_READABLE,,,bicycle,grey,eastbound,CAM-13,CN-VIDHYALAYA,23.0284,72.5541,APPROXIMATE,2026-06-14 00:54:39,overlay,6.30,evidence/CAM-13_465_1788366231499.jpg
811,NOT_READABLE,,,motorcycle,grey,eastbound,CAM-13,CN-VIDHYALAYA,23.0284,72.5541,APPROXIMATE,2026-06-14 00:54:39,overlay,4.62,evidence/CAM-13_467_1788366231513.jpg
812,NOT_READABLE,,,car,grey,eastbound,CAM-13,CN-VIDHYALAYA,23.0284,72.5541,APPROXIMATE,2026-06-14 00:54:39,overlay,3.84,evidence/CAM-13_478_1788366231528.jpg
813,NOT_READABLE,,,truck,grey,westbound,CAM-13,CN-VIDHYALAYA,23.0284,72.5541,APPROXIMATE,2026-06-14 00:54:39,overlay,3.22,evidence/CAM-13_495_1788366231547.jpg
814,NOT_READABLE,,,bus,black,westbound,CAM-13,CN-VIDHYALAYA,23.0284,72.5541,APPROXIMATE,2026-06-14 00:54:39,overlay,4.96,evidence/CAM-13_498_1788366231565.jpg
815,NOT_READABLE,,,car,grey,westbound,CAM-13,CN-VIDHYALAYA,23.0284,72.5541,APPROXIMATE,2026-06-14 00:54:39,overlay,2.38,evidence/CAM-13_499_1788366231584.jpg
816,NOT_READABLE,,,car,grey,eastbound,CAM-13,CN-VIDHYALAYA,23.0284,72.5541,APPROXIMATE,2026-06-14 00:54:39,overlay,0.87,evidence/CAM-13_501_1788366231602.jpg
817,NOT_READABLE,,,motorcycle,grey,westbound,CAM-13,CN-VIDHYALAYA,23.0284,72.5541,APPROXIMATE,2026-06-14 00:54:39,overlay,1.50,evidence/CAM-13_508_1788366231621.jpg
818,NOT_READABLE,,,bicycle,white,stationary,CAM-13,CN-VIDHYALAYA,23.0284,72.5541,APPROXIMATE,2026-06-14 00:54:39,overlay,30.86,evidence/CAM-13_514_1788366231638.jpg
819,NOT_READABLE,,,bicycle,grey,northbound,CAM-13,CN-VIDHYALAYA,23.0284,72.5541,APPROXIMATE,2026-06-14 00:54:39,overlay,0.85,evidence/CAM-13_546_1788366231658.jpg
820,NOT_READABLE,,,bus,grey,westbound,CAM-13,CN-VIDHYALAYA,23.0284,72.5541,APPROXIMATE,2026-06-14 00:54:39,overlay,0.86,evidence/CAM-13_554_1788366231676.jpg
821,NOT_READABLE,,,car,black,eastbound,CAM-13,CN-VIDHYALAYA,23.0284,72.5541,APPROXIMATE,2026-06-14 00:54:39,overlay,0.83,evidence/CAM-13_560_1788366231697.jpg
822,NOT_READABLE,,,motorcycle,grey,southbound,CAM-13,CN-VIDHYALAYA,23.0284,72.5541,APPROXIMATE,2026-06-14 00:54:39,overlay,0.63,evidence/CAM-13_563_1788366231716.jpg
823,NOT_READABLE,,,bus,black,westbound,CAM-13,CN-VIDHYALAYA,23.0284,72.5541,APPROXIMATE,2026-06-14 00:54:39,overlay,0.61,evidence/CAM-13_567_1788366231798.jpg
824,NOT_READABLE,,,bicycle,black,westbound,CAM-13,CN-VIDHYALAYA,23.0284,72.5541,APPROXIMATE,2026-06-14 00:54:39,overlay,0.85,evidence/CAM-13_576_1788366231819.jpg
825,NOT_READABLE,,,bus,,eastbound,CAM-13,CN-VIDHYALAYA,23.0284,72.5541,APPROXIMATE,2026-06-14 00:54:39,overlay,4.75,evidence/CAM-13_676_1788366231836.jpg
826,NOT_READABLE,,,car,grey,eastbound,CAM-13,CN-VIDHYALAYA,23.0284,72.5541,APPROXIMATE,2026-06-14 00:54:39,overlay,21.45,evidence/CAM-13_705_1788366231856.jpg
827,NOT_READABLE,,,motorcycle,grey,stationary,CAM-13,CN-VIDHYALAYA,23.0284,72.5541,APPROXIMATE,2026-06-14 00:54:39,overlay,5.01,evidence/CAM-13_733_1788366231875.jpg
828,NOT_READABLE,,,motorcycle,grey,northbound,CAM-13,CN-VIDHYALAYA,23.0284,72.5541,APPROXIMATE,2026-06-14 00:54:39,overlay,0.45,evidence/CAM-13_767_1788366231892.jpg
829,NOT_READABLE,,,bus,,eastbound,CAM-13,CN-VIDHYALAYA,23.0284,72.5541,APPROXIMATE,2026-06-14 00:54:39,overlay,4.85,evidence/CAM-13_831_1788366231919.jpg
830,NOT_READABLE,,,bus,black,westbound,CAM-13,CN-VIDHYALAYA,23.0284,72.5541,APPROXIMATE,2026-06-14 00:54:39,overlay,0.47,evidence/CAM-13_842_1788366231940.jpg
831,NOT_READABLE,,,truck,grey,eastbound,CAM-13,CN-VIDHYALAYA,23.0284,72.5541,APPROXIMATE,2026-06-14 00:54:39,overlay,0.79,evidence/CAM-13_857_1788366231955.jpg
832,NOT_READABLE,,,truck,grey,eastbound,CAM-13,CN-VIDHYALAYA,23.0284,72.5541,APPROXIMATE,2026-06-14 00:54:39,overlay,4.49,evidence/CAM-13_858_1788366231970.jpg
833,NOT_READABLE,,,motorcycle,grey,southbound,CAM-13,CN-VIDHYALAYA,23.0284,72.5541,APPROXIMATE,2026-06-14 00:54:39,overlay,0.58,evidence/CAM-13_859_1788366231990.jpg
834,NOT_READABLE,,,truck,grey,westbound,CAM-13,CN-VIDHYALAYA,23.0284,72.5541,APPROXIMATE,2026-06-14 00:54:39,overlay,3.85,evidence/CAM-13_860_1788366232009.jpg
835,NOT_READABLE,,,motorcycle,grey,eastbound,CAM-13,CN-VIDHYALAYA,23.0284,72.5541,APPROXIMATE,2026-06-14 00:54:39,overlay,0.61,evidence/CAM-13_862_1788366232111.jpg
836,NOT_READABLE,,,bicycle,grey,northbound,CAM-13,CN-VIDHYALAYA,23.0284,72.5541,APPROXIMATE,2026-06-14 00:54:39,overlay,0.65,evidence/CAM-13_864_1788366232126.jpg
837,NOT_READABLE,,,bus,grey,northbound,CAM-13,CN-VIDHYALAYA,23.0284,72.5541,APPROXIMATE,2026-06-14 00:54:39,overlay,0.85,evidence/CAM-13_869_1788366232149.jpg
838,NOT_READABLE,,,motorcycle,grey,northbound,CAM-13,CN-VIDHYALAYA,23.0284,72.5541,APPROXIMATE,2026-06-14 00:54:39,overlay,0.80,evidence/CAM-13_871_1788366232169.jpg
839,NOT_READABLE,,,bicycle,grey,southbound,CAM-13,CN-VIDHYALAYA,23.0284,72.5541,APPROXIMATE,2026-06-14 00:54:39,overlay,0.73,evidence/CAM-13_873_1788366232186.jpg
840,NOT_READABLE,,,bus,grey,southbound,CAM-13,CN-VIDHYALAYA,23.0284,72.5541,APPROXIMATE,2026-06-14 00:54:39,overlay,0.84,evidence/CAM-13_874_1788366232267.jpg
841,NOT_READABLE,,,bicycle,grey,southbound,CAM-13,CN-VIDHYALAYA,23.0284,72.5541,APPROXIMATE,2026-06-14 00:54:39,overlay,0.58,evidence/CAM-13_876_1788366232314.jpg
842,NOT_READABLE,,,truck,grey,eastbound,CAM-13,CN-VIDHYALAYA,23.0284,72.5541,APPROXIMATE,2026-06-14 00:54:39,overlay,0.79,evidence/CAM-13_877_1788366232333.jpg
843,NOT_READABLE,,,car,grey,eastbound,CAM-13,CN-VIDHYALAYA,23.0284,72.5541,APPROXIMATE,2026-06-14 00:54:39,overlay,6.28,evidence/CAM-13_881_1788366232424.jpg
844,NOT_READABLE,,,bicycle,grey,westbound,CAM-13,CN-VIDHYALAYA,23.0284,72.5541,APPROXIMATE,2026-06-14 00:54:39,overlay,0.60,evidence/CAM-13_882_1788366232447.jpg
845,NOT_READABLE,,,bicycle,black,westbound,CAM-13,CN-VIDHYALAYA,23.0284,72.5541,APPROXIMATE,2026-06-14 00:54:39,overlay,0.61,evidence/CAM-13_883_1788366232485.jpg
846,NOT_READABLE,,,bus,grey,westbound,CAM-13,CN-VIDHYALAYA,23.0284,72.5541,APPROXIMATE,2026-06-14 00:54:39,overlay,0.38,evidence/CAM-13_884_1788366232507.jpg
847,NOT_READABLE,,,truck,grey,eastbound,CAM-13,CN-VIDHYALAYA,23.0284,72.5541,APPROXIMATE,2026-06-14 00:54:39,overlay,5.27,evidence/CAM-13_886_1788366232532.jpg
848,NOT_READABLE,,,bicycle,grey,eastbound,CAM-13,CN-VIDHYALAYA,23.0284,72.5541,APPROXIMATE,2026-06-14 00:54:39,overlay,0.70,evidence/CAM-13_887_1788366232553.jpg
849,NOT_READABLE,,,bus,grey,westbound,CAM-13,CN-VIDHYALAYA,23.0284,72.5541,APPROXIMATE,2026-06-14 00:54:39,overlay,0.50,evidence/CAM-13_890_1788366232572.jpg
850,NOT_READABLE,,,car,white,eastbound,CAM-13,CN-VIDHYALAYA,23.0284,72.5541,APPROXIMATE,2026-06-14 00:54:39,overlay,0.68,evidence/CAM-13_892_1788366232593.jpg
851,NOT_READABLE,,,motorcycle,grey,eastbound,CAM-13,CN-VIDHYALAYA,23.0284,72.5541,APPROXIMATE,2026-06-14 00:54:39,overlay,0.64,evidence/CAM-13_896_1788366232611.jpg
852,NOT_READABLE,,,bus,grey,southbound,CAM-13,CN-VIDHYALAYA,23.0284,72.5541,APPROXIMATE,2026-06-14 00:54:39,overlay,0.67,evidence/CAM-13_900_1788366232627.jpg
853,NOT_READABLE,,,truck,black,northbound,CAM-13,CN-VIDHYALAYA,23.0284,72.5541,APPROXIMATE,2026-06-14 00:54:39,overlay,0.48,evidence/CAM-13_901_1788366232641.jpg
854,NOT_READABLE,,,car,grey,southbound,CAM-13,CN-VIDHYALAYA,23.0284,72.5541,APPROXIMATE,2026-06-14 00:54:39,overlay,0.40,evidence/CAM-13_907_1788366232747.jpg
855,NOT_READABLE,,,bus,grey,eastbound,CAM-13,CN-VIDHYALAYA,23.0284,72.5541,APPROXIMATE,2026-06-14 00:54:39,overlay,0.45,evidence/CAM-13_908_1788366232977.jpg
856,NOT_READABLE,,,bus,grey,northbound,CAM-13,CN-VIDHYALAYA,23.0284,72.5541,APPROXIMATE,2026-06-14 00:54:39,overlay,0.36,evidence/CAM-13_910_1788366232998.jpg
857,NOT_READABLE,,,bicycle,red,westbound,CAM-13,CN-VIDHYALAYA,23.0284,72.5541,APPROXIMATE,2026-06-14 00:54:39,overlay,0.60,evidence/CAM-13_912_1788366233164.jpg
858,NOT_READABLE,,,truck,red,southbound,CAM-13,CN-VIDHYALAYA,23.0284,72.5541,APPROXIMATE,2026-06-14 00:54:39,overlay,0.61,evidence/CAM-13_914_1788366233268.jpg
859,NOT_READABLE,,,truck,grey,westbound,CAM-13,CN-VIDHYALAYA,23.0284,72.5541,APPROXIMATE,2026-06-14 00:54:39,overlay,0.41,evidence/CAM-13_918_1788366233294.jpg
860,NOT_READABLE,,,car,white,westbound,CAM-13,CN-VIDHYALAYA,23.0284,72.5541,APPROXIMATE,2026-06-14 00:54:39,overlay,0.43,evidence/CAM-13_919_1788366233404.jpg
861,NOT_READABLE,,,bus,white,northbound,CAM-13,CN-VIDHYALAYA,23.0284,72.5541,APPROXIMATE,2026-06-14 00:54:39,overlay,0.45,evidence/CAM-13_920_1788366233429.jpg
862,NOT_READABLE,,,car,grey,northbound,CAM-13,CN-VIDHYALAYA,23.0284,72.5541,APPROXIMATE,2026-06-14 00:54:39,overlay,0.43,evidence/CAM-13_921_1788366233452.jpg
863,NOT_READABLE,,,motorcycle,red,westbound,CAM-13,CN-VIDHYALAYA,23.0284,72.5541,APPROXIMATE,2026-06-14 00:54:39,overlay,0.50,evidence/CAM-13_922_1788366233471.jpg
864,NOT_READABLE,,,truck,grey,eastbound,CAM-13,CN-VIDHYALAYA,23.0284,72.5541,APPROXIMATE,2026-06-14 00:54:39,overlay,0.45,evidence/CAM-13_925_1788366233484.jpg
865,NOT_READABLE,,,bus,grey,westbound,CAM-13,CN-VIDHYALAYA,23.0284,72.5541,APPROXIMATE,2026-06-14 00:54:39,overlay,0.81,evidence/CAM-13_926_1788366233501.jpg
866,NOT_READABLE,,,truck,grey,southbound,CAM-13,CN-VIDHYALAYA,23.0284,72.5541,APPROXIMATE,2026-06-14 00:54:39,overlay,0.43,evidence/CAM-13_927_1788366233521.jpg
867,NOT_READABLE,,,truck,grey,northbound,CAM-13,CN-VIDHYALAYA,23.0284,72.5541,APPROXIMATE,2026-06-14 00:54:39,overlay,0.74,evidence/CAM-13_930_1788366233541.jpg
868,NOT_READABLE,,,motorcycle,grey,southbound,CAM-13,CN-VIDHYALAYA,23.0284,72.5541,APPROXIMATE,2026-06-14 00:54:39,overlay,0.70,evidence/CAM-13_931_1788366233557.jpg
869,NOT_READABLE,,,truck,grey,southbound,CAM-13,CN-VIDHYALAYA,23.0284,72.5541,APPROXIMATE,2026-06-14 00:54:39,overlay,0.86,evidence/CAM-13_935_1788366233577.jpg
870,NOT_READABLE,,,car,grey,eastbound,CAM-13,CN-VIDHYALAYA,23.0284,72.5541,APPROXIMATE,2026-06-14 00:54:39,overlay,0.41,evidence/CAM-13_936_1788366233599.jpg
871,NOT_READABLE,,,motorcycle,grey,southbound,CAM-13,CN-VIDHYALAYA,23.0284,72.5541,APPROXIMATE,2026-06-14 00:54:39,overlay,0.36,evidence/CAM-13_937_1788366233613.jpg
872,NOT_READABLE,,,bus,grey,eastbound,CAM-13,CN-VIDHYALAYA,23.0284,72.5541,APPROXIMATE,2026-06-14 00:54:39,overlay,0.59,evidence/CAM-13_940_1788366233628.jpg
873,NOT_READABLE,,,bus,grey,westbound,CAM-13,CN-VIDHYALAYA,23.0284,72.5541,APPROXIMATE,2026-06-14 00:54:39,overlay,0.50,evidence/CAM-13_941_1788366233657.jpg
874,NOT_READABLE,,,motorcycle,grey,eastbound,CAM-13,CN-VIDHYALAYA,23.0284,72.5541,APPROXIMATE,2026-06-14 00:54:39,overlay,3.60,evidence/CAM-13_942_1788366233937.jpg
875,NOT_READABLE,,,bus,black,northbound,CAM-13,CN-VIDHYALAYA,23.0284,72.5541,APPROXIMATE,2026-06-14 00:54:39,overlay,0.62,evidence/CAM-13_945_1788366233961.jpg
876,NOT_READABLE,,,truck,grey,eastbound,CAM-13,CN-VIDHYALAYA,23.0284,72.5541,APPROXIMATE,2026-06-14 00:54:39,overlay,0.48,evidence/CAM-13_950_1788366234132.jpg
877,NOT_READABLE,,,car,grey,eastbound,CAM-13,CN-VIDHYALAYA,23.0284,72.5541,APPROXIMATE,2026-06-14 00:54:39,overlay,0.51,evidence/CAM-13_955_1788366234155.jpg
878,NOT_READABLE,,,truck,grey,eastbound,CAM-13,CN-VIDHYALAYA,23.0284,72.5541,APPROXIMATE,2026-06-14 00:54:39,overlay,0.40,evidence/CAM-13_957_1788366234176.jpg
879,NOT_READABLE,,,motorcycle,grey,eastbound,CAM-13,CN-VIDHYALAYA,23.0284,72.5541,APPROXIMATE,2026-06-14 00:54:39,overlay,0.56,evidence/CAM-13_964_1788366234281.jpg
880,NOT_READABLE,,,motorcycle,grey,eastbound,CAM-13,CN-VIDHYALAYA,23.0284,72.5541,APPROXIMATE,2026-06-14 00:54:39,overlay,0.72,evidence/CAM-13_965_1788366234365.jpg
881,NOT_READABLE,,,bicycle,grey,northbound,CAM-13,CN-VIDHYALAYA,23.0284,72.5541,APPROXIMATE,2026-06-14 00:54:39,overlay,0.76,evidence/CAM-13_968_1788366234528.jpg
882,NOT_READABLE,,,bicycle,grey,northbound,CAM-13,CN-VIDHYALAYA,23.0284,72.5541,APPROXIMATE,2026-06-14 00:54:39,overlay,0.45,evidence/CAM-13_972_1788366234613.jpg
883,NOT_READABLE,,,truck,grey,westbound,CAM-13,CN-VIDHYALAYA,23.0284,72.5541,APPROXIMATE,2026-06-14 00:54:39,overlay,0.62,evidence/CAM-13_973_1788366234632.jpg
884,NOT_READABLE,,,car,grey,northbound,CAM-13,CN-VIDHYALAYA,23.0284,72.5541,APPROXIMATE,2026-06-14 00:54:39,overlay,0.46,evidence/CAM-13_974_1788366234728.jpg
885,NOT_READABLE,,,bicycle,grey,stationary,CAM-13,CN-VIDHYALAYA,23.0284,72.5541,APPROXIMATE,2026-06-14 00:54:39,overlay,0.36,evidence/CAM-13_976_1788366234745.jpg
886,NOT_READABLE,,,motorcycle,black,westbound,CAM-13,CN-VIDHYALAYA,23.0284,72.5541,APPROXIMATE,2026-06-14 00:54:39,overlay,0.41,evidence/CAM-13_989_1788366234764.jpg
887,NOT_READABLE,,,bicycle,white,stationary,CAM-13,CN-VIDHYALAYA,23.0284,72.5541,APPROXIMATE,2026-06-14 00:54:39,overlay,0.42,evidence/CAM-13_992_1788366234782.jpg
888,NOT_READABLE,,,car,grey,southbound,CAM-13,CN-VIDHYALAYA,23.0284,72.5541,APPROXIMATE,2026-06-14 00:54:39,overlay,0.41,evidence/CAM-13_994_1788366234797.jpg
889,NOT_READABLE,,,bus,grey,southbound,CAM-13,CN-VIDHYALAYA,23.0284,72.5541,APPROXIMATE,2026-06-14 00:54:39,overlay,0.69,evidence/CAM-13_1001_1788366234820.jpg
890,NOT_READABLE,,,truck,grey,stationary,CAM-13,CN-VIDHYALAYA,23.0284,72.5541,APPROXIMATE,2026-06-14 00:54:39,overlay,0.77,evidence/CAM-13_1002_1788366234839.jpg
891,NOT_READABLE,,,motorcycle,red,northbound,CAM-13,CN-VIDHYALAYA,23.0284,72.5541,APPROXIMATE,2026-06-14 00:54:39,overlay,0.33,evidence/CAM-13_1004_1788366234901.jpg
892,NOT_READABLE,,,bus,grey,southbound,CAM-13,CN-VIDHYALAYA,23.0284,72.5541,APPROXIMATE,2026-06-14 00:54:39,overlay,0.41,evidence/CAM-13_1010_1788366234915.jpg
893,NOT_READABLE,,,bicycle,black,northbound,CAM-13,CN-VIDHYALAYA,23.0284,72.5541,APPROXIMATE,2026-06-14 00:54:39,overlay,0.46,evidence/CAM-13_1011_1788366235010.jpg
894,NOT_READABLE,,,motorcycle,black,southbound,CAM-13,CN-VIDHYALAYA,23.0284,72.5541,APPROXIMATE,2026-06-14 00:54:39,overlay,0.73,evidence/CAM-13_1017_1788366235031.jpg
895,NOT_READABLE,,,motorcycle,grey,stationary,CAM-13,CN-VIDHYALAYA,23.0284,72.5541,APPROXIMATE,2026-06-14 00:54:39,overlay,0.47,evidence/CAM-13_1022_1788366235104.jpg
896,NOT_READABLE,,,car,grey,westbound,CAM-13,CN-VIDHYALAYA,23.0284,72.5541,APPROXIMATE,2026-06-14 00:54:39,overlay,0.37,evidence/CAM-13_1023_1788366235121.jpg
897,NOT_READABLE,,,car,grey,westbound,CAM-13,CN-VIDHYALAYA,23.0284,72.5541,APPROXIMATE,2026-06-14 00:54:39,overlay,0.40,evidence/CAM-13_1029_1788366235139.jpg
898,NOT_READABLE,,,car,black,westbound,CAM-13,CN-VIDHYALAYA,23.0284,72.5541,APPROXIMATE,2026-06-14 00:54:39,overlay,0.42,evidence/CAM-13_1047_1788366235161.jpg
899,NOT_READABLE,,,car,grey,stationary,CAM-13,CN-VIDHYALAYA,23.0284,72.5541,APPROXIMATE,2026-06-14 00:54:39,overlay,0.48,evidence/CAM-13_1050_1788366235181.jpg
900,NOT_READABLE,,,truck,grey,northbound,CAM-13,CN-VIDHYALAYA,23.0284,72.5541,APPROXIMATE,2026-06-14 00:54:39,overlay,0.40,evidence/CAM-13_1061_1788366235202.jpg
901,NOT_READABLE,,,motorcycle,black,southbound,CAM-13,CN-VIDHYALAYA,23.0284,72.5541,APPROXIMATE,2026-06-14 00:54:39,overlay,0.40,evidence/CAM-13_1073_1788366235222.jpg
956,NOT_READABLE,,,truck,grey,southbound,CAM-13,CN-VIDHYALAYA,23.0284,72.5541,APPROXIMATE,2026-06-14 00:54:39,overlay,1.28,evidence/CAM-13_924_1788366237181.jpg
958,NOT_READABLE,,,car,grey,southbound,CAM-13,CN-VIDHYALAYA,23.0284,72.5541,APPROXIMATE,2026-06-14 00:54:39,overlay,4.45,evidence/CAM-13_953_1788366237211.jpg
960,NOT_READABLE,,,motorcycle,grey,southbound,CAM-13,CN-VIDHYALAYA,23.0284,72.5541,APPROXIMATE,2026-06-14 00:54:39,overlay,4.56,evidence/CAM-13_962_1788366237226.jpg
961,NOT_READABLE,,,car,grey,westbound,CAM-13,CN-VIDHYALAYA,23.0284,72.5541,APPROXIMATE,2026-06-14 00:54:39,overlay,0.96,evidence/CAM-13_991_1788366237242.jpg
962,NOT_READABLE,,,car,grey,stationary,CAM-13,CN-VIDHYALAYA,23.0284,72.5541,APPROXIMATE,2026-06-14 00:54:39,overlay,13.02,evidence/CAM-13_1018_1788366237258.jpg
19,NOT_READABLE,,,bus,grey,southbound,CAM-05,Visat teen Rasta,23.1192572,72.5656704,GEOCODED,2026-06-14 00:54:40,overlay,154.85,evidence/CAM-05_81_1788366158212.jpg
20,NOT_READABLE,,,car,grey,eastbound,CAM-05,Visat teen Rasta,23.1192572,72.5656704,GEOCODED,2026-06-14 00:54:41,overlay,341.86,evidence/CAM-05_33_1788366158783.jpg
21,NOT_READABLE,,,car,red,stationary,CAM-05,Visat teen Rasta,23.1192572,72.5656704,GEOCODED,2026-06-14 00:54:41,overlay,0.60,evidence/CAM-05_34_1788366158937.jpg
22,NOT_READABLE,,,car,grey,southbound,CAM-05,Visat teen Rasta,23.1192572,72.5656704,GEOCODED,2026-06-14 00:54:41,overlay,155.38,evidence/CAM-05_63_1788366159111.jpg
23,NOT_READABLE,,,bus,grey,southbound,CAM-05,Visat teen Rasta,23.1192572,72.5656704,GEOCODED,2026-06-14 00:54:41,overlay,1.30,evidence/CAM-05_64_1788366159131.jpg
24,NOT_READABLE,,,bus,grey,eastbound,CAM-05,Visat teen Rasta,23.1192572,72.5656704,GEOCODED,2026-06-14 00:54:41,overlay,56.20,evidence/CAM-05_68_1788366159397.jpg
25,NOT_READABLE,,,motorcycle,grey,stationary,CAM-05,Visat teen Rasta,23.1192572,72.5656704,GEOCODED,2026-06-14 00:54:41,overlay,758.30,evidence/CAM-05_74_1788366159409.jpg
26,NOT_READABLE,,,motorcycle,grey,stationary,CAM-05,Visat teen Rasta,23.1192572,72.5656704,GEOCODED,2026-06-14 00:54:41,overlay,245.13,evidence/CAM-05_84_1788366159419.jpg
27,NOT_READABLE,,,car,grey,northbound,CAM-05,Visat teen Rasta,23.1192572,72.5656704,GEOCODED,2026-06-14 00:54:41,overlay,226.75,evidence/CAM-05_85_1788366159432.jpg
28,NOT_READABLE,,,bicycle,grey,eastbound,CAM-05,Visat teen Rasta,23.1192572,72.5656704,GEOCODED,2026-06-14 00:54:41,overlay,0.47,evidence/CAM-05_87_1788366159444.jpg
29,NOT_READABLE,,,car,grey,eastbound,CAM-05,Visat teen Rasta,23.1192572,72.5656704,GEOCODED,2026-06-14 00:54:41,overlay,236.49,evidence/CAM-05_93_1788366159456.jpg
30,NOT_READABLE,,,bicycle,grey,westbound,CAM-05,Visat teen Rasta,23.1192572,72.5656704,GEOCODED,2026-06-14 00:54:41,overlay,265.42,evidence/CAM-05_96_1788366159468.jpg
31,NOT_READABLE,,,car,blue,northbound,CAM-05,Visat teen Rasta,23.1192572,72.5656704,GEOCODED,2026-06-14 00:54:41,overlay,254.11,evidence/CAM-05_97_1788366159479.jpg
32,NOT_READABLE,,,bus,grey,southbound,CAM-05,Visat teen Rasta,23.1192572,72.5656704,GEOCODED,2026-06-14 00:54:41,overlay,452.03,evidence/CAM-05_99_1788366159489.jpg
33,NOT_READABLE,,,motorcycle,grey,eastbound,CAM-05,Visat teen Rasta,23.1192572,72.5656704,GEOCODED,2026-06-14 00:54:41,overlay,313.76,evidence/CAM-05_100_1788366159504.jpg
34,NOT_READABLE,,,motorcycle,grey,northbound,CAM-05,Visat teen Rasta,23.1192572,72.5656704,GEOCODED,2026-06-14 00:54:41,overlay,150.43,evidence/CAM-05_102_1788366159514.jpg
35,NOT_READABLE,,,bus,grey,westbound,CAM-05,Visat teen Rasta,23.1192572,72.5656704,GEOCODED,2026-06-14 00:54:41,overlay,0.77,evidence/CAM-05_107_1788366159526.jpg
36,NOT_READABLE,,,bus,grey,westbound,CAM-05,Visat teen Rasta,23.1192572,72.5656704,GEOCODED,2026-06-14 00:54:41,overlay,29.09,evidence/CAM-05_108_1788366159536.jpg
37,NOT_READABLE,,,car,grey,westbound,CAM-05,Visat teen Rasta,23.1192572,72.5656704,GEOCODED,2026-06-14 00:54:41,overlay,233.08,evidence/CAM-05_110_1788366159549.jpg
38,NOT_READABLE,,,bus,white,eastbound,CAM-05,Visat teen Rasta,23.1192572,72.5656704,GEOCODED,2026-06-14 00:54:41,overlay,47.09,evidence/CAM-05_113_1788366159558.jpg
40,NOT_READABLE,,,bus,green,southbound,CAM-05,Visat teen Rasta,23.1192572,72.5656704,GEOCODED,2026-06-14 00:54:41,overlay,492.74,evidence/CAM-05_115_1788366159565.jpg
42,NOT_READABLE,,,bicycle,grey,eastbound,CAM-05,Visat teen Rasta,23.1192572,72.5656704,GEOCODED,2026-06-14 00:54:41,overlay,225.97,evidence/CAM-05_117_1788366159572.jpg
43,NOT_READABLE,,,bicycle,grey,eastbound,CAM-05,Visat teen Rasta,23.1192572,72.5656704,GEOCODED,2026-06-14 00:54:41,overlay,239.46,evidence/CAM-05_127_1788366159580.jpg
44,NOT_READABLE,,,car,grey,northbound,CAM-05,Visat teen Rasta,23.1192572,72.5656704,GEOCODED,2026-06-14 00:54:41,overlay,0.71,evidence/CAM-05_129_1788366159589.jpg
45,NOT_READABLE,,,bicycle,grey,westbound,CAM-05,Visat teen Rasta,23.1192572,72.5656704,GEOCODED,2026-06-14 00:54:41,overlay,116.56,evidence/CAM-05_130_1788366159602.jpg
46,NOT_READABLE,,,bicycle,grey,eastbound,CAM-05,Visat teen Rasta,23.1192572,72.5656704,GEOCODED,2026-06-14 00:54:41,overlay,43.55,evidence/CAM-05_139_1788366159614.jpg
47,NOT_READABLE,,,car,grey,westbound,CAM-05,Visat teen Rasta,23.1192572,72.5656704,GEOCODED,2026-06-14 00:54:41,overlay,3.46,evidence/CAM-05_141_1788366159625.jpg
48,NOT_READABLE,,,motorcycle,grey,eastbound,CAM-05,Visat teen Rasta,23.1192572,72.5656704,GEOCODED,2026-06-14 00:54:41,overlay,3.21,evidence/CAM-05_142_1788366159637.jpg
49,NOT_READABLE,,,truck,green,southbound,CAM-05,Visat teen Rasta,23.1192572,72.5656704,GEOCODED,2026-06-14 00:54:41,overlay,11.33,evidence/CAM-05_145_1788366159647.jpg
50,NOT_READABLE,,,motorcycle,grey,westbound,CAM-05,Visat teen Rasta,23.1192572,72.5656704,GEOCODED,2026-06-14 00:54:41,overlay,196.70,evidence/CAM-05_147_1788366159664.jpg
51,NOT_READABLE,,,bicycle,white,westbound,CAM-05,Visat teen Rasta,23.1192572,72.5656704,GEOCODED,2026-06-14 00:54:41,overlay,99.89,evidence/CAM-05_148_1788366159671.jpg
52,NOT_READABLE,,,car,grey,northbound,CAM-05,Visat teen Rasta,23.1192572,72.5656704,GEOCODED,2026-06-14 00:54:41,overlay,2.48,evidence/CAM-05_149_1788366159679.jpg
53,NOT_READABLE,,,motorcycle,grey,eastbound,CAM-05,Visat teen Rasta,23.1192572,72.5656704,GEOCODED,2026-06-14 00:54:41,overlay,273.43,evidence/CAM-05_153_1788366159685.jpg
54,NOT_READABLE,,,bus,grey,northbound,CAM-05,Visat teen Rasta,23.1192572,72.5656704,GEOCODED,2026-06-14 00:54:41,overlay,1.09,evidence/CAM-05_160_1788366159690.jpg
55,NOT_READABLE,,,bicycle,grey,eastbound,CAM-05,Visat teen Rasta,23.1192572,72.5656704,GEOCODED,2026-06-14 00:54:41,overlay,203.26,evidence/CAM-05_173_1788366159696.jpg
56,NOT_READABLE,,,car,black,eastbound,CAM-05,Visat teen Rasta,23.1192572,72.5656704,GEOCODED,2026-06-14 00:54:41,overlay,204.81,evidence/CAM-05_176_1788366159702.jpg
57,NOT_READABLE,,,bicycle,grey,westbound,CAM-05,Visat teen Rasta,23.1192572,72.5656704,GEOCODED,2026-06-14 00:54:41,overlay,221.36,evidence/CAM-05_178_1788366159708.jpg
58,NOT_READABLE,,,bicycle,blue,eastbound,CAM-05,Visat teen Rasta,23.1192572,72.5656704,GEOCODED,2026-06-14 00:54:41,overlay,0.48,evidence/CAM-05_180_1788366159714.jpg
59,NOT_READABLE,,,bicycle,blue,eastbound,CAM-05,Visat teen Rasta,23.1192572,72.5656704,GEOCODED,2026-06-14 00:54:41,overlay,239.81,evidence/CAM-05_181_1788366159720.jpg
60,NOT_READABLE,,,bicycle,grey,westbound,CAM-05,Visat teen Rasta,23.1192572,72.5656704,GEOCODED,2026-06-14 00:54:41,overlay,283.25,evidence/CAM-05_182_1788366159726.jpg
61,NOT_READABLE,,,car,grey,eastbound,CAM-05,Visat teen Rasta,23.1192572,72.5656704,GEOCODED,2026-06-14 00:54:41,overlay,47.61,evidence/CAM-05_187_1788366159735.jpg
62,NOT_READABLE,,,car,blue,stationary,CAM-05,Visat teen Rasta,23.1192572,72.5656704,GEOCODED,2026-06-14 00:54:41,overlay,286.99,evidence/CAM-05_189_1788366159740.jpg
63,NOT_READABLE,,,bicycle,grey,westbound,CAM-05,Visat teen Rasta,23.1192572,72.5656704,GEOCODED,2026-06-14 00:54:41,overlay,200.63,evidence/CAM-05_193_1788366159747.jpg
64,NOT_READABLE,,,bicycle,grey,eastbound,CAM-05,Visat teen Rasta,23.1192572,72.5656704,GEOCODED,2026-06-14 00:54:41,overlay,230.26,evidence/CAM-05_196_1788366159754.jpg
65,NOT_READABLE,,,car,grey,eastbound,CAM-05,Visat teen Rasta,23.1192572,72.5656704,GEOCODED,2026-06-14 00:54:41,overlay,301.69,evidence/CAM-05_197_1788366159761.jpg
66,NOT_READABLE,,,bicycle,yellow,northbound,CAM-05,Visat teen Rasta,23.1192572,72.5656704,GEOCODED,2026-06-14 00:54:41,overlay,271.29,evidence/CAM-05_199_1788366159767.jpg
67,NOT_READABLE,,,motorcycle,grey,northbound,CAM-05,Visat teen Rasta,23.1192572,72.5656704,GEOCODED,2026-06-14 00:54:41,overlay,3.80,evidence/CAM-05_200_1788366159773.jpg
68,NOT_READABLE,,,bicycle,grey,eastbound,CAM-05,Visat teen Rasta,23.1192572,72.5656704,GEOCODED,2026-06-14 00:54:41,overlay,205.16,evidence/CAM-05_205_1788366159779.jpg
69,NOT_READABLE,,,truck,green,southbound,CAM-05,Visat teen Rasta,23.1192572,72.5656704,GEOCODED,2026-06-14 00:54:41,overlay,205.69,evidence/CAM-05_206_1788366159785.jpg
70,NOT_READABLE,,,truck,grey,stationary,CAM-05,Visat teen Rasta,23.1192572,72.5656704,GEOCODED,2026-06-14 00:54:41,overlay,595.01,evidence/CAM-05_213_1788366159792.jpg
71,NOT_READABLE,,,bus,red,southbound,CAM-05,Visat teen Rasta,23.1192572,72.5656704,GEOCODED,2026-06-14 00:54:41,overlay,71.14,evidence/CAM-05_214_1788366159799.jpg
72,NOT_READABLE,,,bicycle,grey,eastbound,CAM-05,Visat teen Rasta,23.1192572,72.5656704,GEOCODED,2026-06-14 00:54:41,overlay,226.87,evidence/CAM-05_215_1788366159806.jpg
73,NOT_READABLE,,,car,red,westbound,CAM-05,Visat teen Rasta,23.1192572,72.5656704,GEOCODED,2026-06-14 00:54:41,overlay,0.70,evidence/CAM-05_216_1788366159812.jpg
74,NOT_READABLE,,,bicycle,green,westbound,CAM-05,Visat teen Rasta,23.1192572,72.5656704,GEOCODED,2026-06-14 00:54:41,overlay,239.79,evidence/CAM-05_218_1788366159820.jpg
75,NOT_READABLE,,,car,grey,eastbound,CAM-05,Visat teen Rasta,23.1192572,72.5656704,GEOCODED,2026-06-14 00:54:41,overlay,0.44,evidence/CAM-05_220_1788366159832.jpg
76,NOT_READABLE,,,car,purple,stationary,CAM-05,Visat teen Rasta,23.1192572,72.5656704,GEOCODED,2026-06-14 00:54:41,overlay,413.17,evidence/CAM-05_222_1788366159842.jpg
77,NOT_READABLE,,,bicycle,grey,westbound,CAM-05,Visat teen Rasta,23.1192572,72.5656704,GEOCODED,2026-06-14 00:54:41,overlay,0.50,evidence/CAM-05_226_1788366159849.jpg
78,NOT_READABLE,,,car,grey,stationary,CAM-05,Visat teen Rasta,23.1192572,72.5656704,GEOCODED,2026-06-14 00:54:41,overlay,334.51,evidence/CAM-05_227_1788366159854.jpg
79,NOT_READABLE,,,bicycle,grey,eastbound,CAM-05,Visat teen Rasta,23.1192572,72.5656704,GEOCODED,2026-06-14 00:54:41,overlay,161.93,evidence/CAM-05_228_1788366159860.jpg
80,NOT_READABLE,,,truck,grey,stationary,CAM-05,Visat teen Rasta,23.1192572,72.5656704,GEOCODED,2026-06-14 00:54:41,overlay,2.66,evidence/CAM-05_240_1788366159866.jpg
81,NOT_READABLE,,,motorcycle,blue,eastbound,CAM-05,Visat teen Rasta,23.1192572,72.5656704,GEOCODED,2026-06-14 00:54:41,overlay,242.14,evidence/CAM-05_243_1788366159872.jpg
82,NOT_READABLE,,,bus,green,westbound,CAM-05,Visat teen Rasta,23.1192572,72.5656704,GEOCODED,2026-06-14 00:54:41,overlay,66.64,evidence/CAM-05_245_1788366159878.jpg
83,NOT_READABLE,,,motorcycle,grey,stationary,CAM-05,Visat teen Rasta,23.1192572,72.5656704,GEOCODED,2026-06-14 00:54:41,overlay,589.57,evidence/CAM-05_248_1788366159886.jpg
84,NOT_READABLE,,,motorcycle,grey,stationary,CAM-05,Visat teen Rasta,23.1192572,72.5656704,GEOCODED,2026-06-14 00:54:41,overlay,0.86,evidence/CAM-05_249_1788366159893.jpg
85,NOT_READABLE,,,bicycle,blue,stationary,CAM-05,Visat teen Rasta,23.1192572,72.5656704,GEOCODED,2026-06-14 00:54:41,overlay,146.15,evidence/CAM-05_250_1788366159900.jpg
86,NOT_READABLE,,,car,grey,westbound,CAM-05,Visat teen Rasta,23.1192572,72.5656704,GEOCODED,2026-06-14 00:54:41,overlay,2.26,evidence/CAM-05_252_1788366159905.jpg
87,NOT_READABLE,,,car,grey,westbound,CAM-05,Visat teen Rasta,23.1192572,72.5656704,GEOCODED,2026-06-14 00:54:41,overlay,194.48,evidence/CAM-05_254_1788366159910.jpg
88,NOT_READABLE,,,bus,grey,stationary,CAM-05,Visat teen Rasta,23.1192572,72.5656704,GEOCODED,2026-06-14 00:54:41,overlay,45.05,evidence/CAM-05_256_1788366159917.jpg
89,NOT_READABLE,,,bus,grey,stationary,CAM-05,Visat teen Rasta,23.1192572,72.5656704,GEOCODED,2026-06-14 00:54:41,overlay,437.06,evidence/CAM-05_257_1788366159923.jpg
90,NOT_READABLE,,,motorcycle,blue,eastbound,CAM-05,Visat teen Rasta,23.1192572,72.5656704,GEOCODED,2026-06-14 00:54:41,overlay,137.13,evidence/CAM-05_258_1788366159929.jpg
91,NOT_READABLE,,,motorcycle,blue,eastbound,CAM-05,Visat teen Rasta,23.1192572,72.5656704,GEOCODED,2026-06-14 00:54:41,overlay,75.68,evidence/CAM-05_260_1788366159935.jpg
92,NOT_READABLE,,,bicycle,white,westbound,CAM-05,Visat teen Rasta,23.1192572,72.5656704,GEOCODED,2026-06-14 00:54:41,overlay,2.13,evidence/CAM-05_265_1788366159942.jpg
93,NOT_READABLE,,,car,white,eastbound,CAM-05,Visat teen Rasta,23.1192572,72.5656704,GEOCODED,2026-06-14 00:54:41,overlay,62.49,evidence/CAM-05_266_1788366159994.jpg
94,NOT_READABLE,,,truck,white,stationary,CAM-05,Visat teen Rasta,23.1192572,72.5656704,GEOCODED,2026-06-14 00:54:41,overlay,1.09,evidence/CAM-05_267_1788366160002.jpg
95,NOT_READABLE,,,bicycle,grey,eastbound,CAM-05,Visat teen Rasta,23.1192572,72.5656704,GEOCODED,2026-06-14 00:54:41,overlay,265.57,evidence/CAM-05_269_1788366160008.jpg
96,NOT_READABLE,,,car,blue,stationary,CAM-05,Visat teen Rasta,23.1192572,72.5656704,GEOCODED,2026-06-14 00:54:41,overlay,245.39,evidence/CAM-05_270_1788366160014.jpg
97,NOT_READABLE,,,bicycle,grey,eastbound,CAM-05,Visat teen Rasta,23.1192572,72.5656704,GEOCODED,2026-06-14 00:54:41,overlay,172.40,evidence/CAM-05_272_1788366160020.jpg
98,NOT_READABLE,,,bus,grey,stationary,CAM-05,Visat teen Rasta,23.1192572,72.5656704,GEOCODED,2026-06-14 00:54:41,overlay,102.07,evidence/CAM-05_281_1788366160026.jpg
99,NOT_READABLE,,,car,black,southbound,CAM-05,Visat teen Rasta,23.1192572,72.5656704,GEOCODED,2026-06-14 00:54:41,overlay,0.40,evidence/CAM-05_300_1788366160032.jpg
1004,NOT_READABLE,,,bus,grey,westbound,CAM-13,CN-VIDHYALAYA,23.0284,72.5541,APPROXIMATE,2026-06-14 00:54:41,overlay,7.07,evidence/CAM-13_466_1788366239343.jpg
1007,NOT_READABLE,,,bicycle,grey,southbound,CAM-13,CN-VIDHYALAYA,23.0284,72.5541,APPROXIMATE,2026-06-14 00:54:41,overlay,5.52,evidence/CAM-13_468_1788366239358.jpg
1009,NOT_READABLE,,,car,grey,northbound,CAM-13,CN-VIDHYALAYA,23.0284,72.5541,APPROXIMATE,2026-06-14 00:54:41,overlay,3.28,evidence/CAM-13_474_1788366239382.jpg
1011,NOT_READABLE,,,car,grey,westbound,CAM-13,CN-VIDHYALAYA,23.0284,72.5541,APPROXIMATE,2026-06-14 00:54:41,overlay,5.25,evidence/CAM-13_870_1788366239399.jpg
1013,NOT_READABLE,,,bus,grey,northbound,CAM-13,CN-VIDHYALAYA,23.0284,72.5541,APPROXIMATE,2026-06-14 00:54:41,overlay,2.61,evidence/CAM-13_878_1788366239415.jpg
1015,NOT_READABLE,,,bus,grey,southbound,CAM-13,CN-VIDHYALAYA,23.0284,72.5541,APPROXIMATE,2026-06-14 00:54:41,overlay,12.65,evidence/CAM-13_894_1788366239429.jpg
1017,NOT_READABLE,,,truck,grey,eastbound,CAM-13,CN-VIDHYALAYA,23.0284,72.5541,APPROXIMATE,2026-06-14 00:54:41,overlay,0.70,evidence/CAM-13_916_1788366239443.jpg
1019,NOT_READABLE,,,bus,grey,eastbound,CAM-13,CN-VIDHYALAYA,23.0284,72.5541,APPROXIMATE,2026-06-14 00:54:41,overlay,1.25,evidence/CAM-13_943_1788366239457.jpg
1021,NOT_READABLE,,,truck,grey,northbound,CAM-13,CN-VIDHYALAYA,23.0284,72.5541,APPROXIMATE,2026-06-14 00:54:41,overlay,16.13,evidence/CAM-13_1064_1788366239477.jpg
1023,NOT_READABLE,,,truck,black,northbound,CAM-13,CN-VIDHYALAYA,23.0284,72.5541,APPROXIMATE,2026-06-14 00:54:41,overlay,0.59,evidence/CAM-13_1120_1788366239491.jpg
1025,NOT_READABLE,,,motorcycle,grey,northbound,CAM-13,CN-VIDHYALAYA,23.0284,72.5541,APPROXIMATE,2026-06-14 00:54:41,overlay,2.32,evidence/CAM-13_1131_1788366239504.jpg
1027,NOT_READABLE,,,truck,grey,stationary,CAM-13,CN-VIDHYALAYA,23.0284,72.5541,APPROXIMATE,2026-06-14 00:54:41,overlay,0.36,evidence/CAM-13_1201_1788366239517.jpg
1029,NOT_READABLE,,,motorcycle,grey,westbound,CAM-13,CN-VIDHYALAYA,23.0284,72.5541,APPROXIMATE,2026-06-14 00:54:41,overlay,0.61,evidence/CAM-13_1202_1788366239539.jpg
1043,NOT_READABLE,,,truck,white,eastbound,CAM-13,CN-VIDHYALAYA,23.0284,72.5541,APPROXIMATE,2026-06-14 00:54:43,overlay,0.58,evidence/CAM-13_1276_1788366240499.jpg
100,NOT_READABLE,,,bus,grey,northbound,CAM-05,Visat teen Rasta,23.1192572,72.5656704,GEOCODED,2026-06-14 00:54:43,overlay,715.15,evidence/CAM-05_92_1788366160264.jpg
101,NOT_READABLE,,,bus,grey,northbound,CAM-05,Visat teen Rasta,23.1192572,72.5656704,GEOCODED,2026-06-14 00:54:43,overlay,369.95,evidence/CAM-05_95_1788366160278.jpg
102,NOT_READABLE,,,truck,,eastbound,CAM-05,Visat teen Rasta,23.1192572,72.5656704,GEOCODED,2026-06-14 00:54:43,overlay,25.42,evidence/CAM-05_278_1788366160285.jpg
103,NOT_READABLE,,,bus,,stationary,CAM-05,Visat teen Rasta,23.1192572,72.5656704,GEOCODED,2026-06-14 00:54:43,overlay,9.07,evidence/CAM-05_291_1788366160293.jpg
104,NOT_READABLE,,,car,grey,westbound,CAM-05,Visat teen Rasta,23.1192572,72.5656704,GEOCODED,2026-06-14 00:54:43,overlay,0.72,evidence/CAM-05_492_1788366160400.jpg
105,NOT_READABLE,,,car,grey,stationary,CAM-05,Visat teen Rasta,23.1192572,72.5656704,GEOCODED,2026-06-14 00:54:43,overlay,0.92,evidence/CAM-05_674_1788366160412.jpg
106,NOT_READABLE,,,car,grey,stationary,CAM-05,Visat teen Rasta,23.1192572,72.5656704,GEOCODED,2026-06-14 00:54:47,overlay,0.75,evidence/CAM-05_756_1788366161613.jpg
107,NOT_READABLE,,,car,grey,stationary,CAM-05,Visat teen Rasta,23.1192572,72.5656704,GEOCODED,2026-06-14 00:54:47,overlay,0.79,evidence/CAM-05_784_1788366161637.jpg
1046,NOT_READABLE,,,bicycle,grey,northbound,CAM-13,CN-VIDHYALAYA,23.0284,72.5541,APPROXIMATE,2026-06-14 00:54:54,overlay,2.81,evidence/CAM-13_1426_1788366245479.jpg
1047,NOT_READABLE,,,bus,,stationary,CAM-13,CN-VIDHYALAYA,23.0284,72.5541,APPROXIMATE,2026-06-14 00:54:54,overlay,4.99,evidence/CAM-13_1443_1788366245533.jpg
108,NOT_READABLE,,,car,grey,stationary,CAM-05,Visat teen Rasta,23.1192572,72.5656704,GEOCODED,2026-06-14 00:54:54,overlay,1.00,evidence/CAM-05_936_1788366164710.jpg
109,NOT_READABLE,,,motorcycle,grey,stationary,CAM-05,Visat teen Rasta,23.1192572,72.5656704,GEOCODED,2026-06-14 00:54:54,overlay,1.00,evidence/CAM-05_937_1788366164719.jpg
110,NOT_READABLE,,,bus,grey,stationary,CAM-05,Visat teen Rasta,23.1192572,72.5656704,GEOCODED,2026-06-14 00:54:54,overlay,1.00,evidence/CAM-05_938_1788366164728.jpg
111,NOT_READABLE,,,truck,grey,stationary,CAM-05,Visat teen Rasta,23.1192572,72.5656704,GEOCODED,2026-06-14 00:54:54,overlay,1.00,evidence/CAM-05_939_1788366164736.jpg
112,NOT_READABLE,,,car,grey,westbound,CAM-05,Visat teen Rasta,23.1192572,72.5656704,GEOCODED,2026-06-14 00:54:54,overlay,0.98,evidence/CAM-05_940_1788366164744.jpg
113,NOT_READABLE,,,motorcycle,grey,southbound,CAM-05,Visat teen Rasta,23.1192572,72.5656704,GEOCODED,2026-06-14 00:54:54,overlay,0.95,evidence/CAM-05_941_1788366164752.jpg
114,NOT_READABLE,,,car,grey,northbound,CAM-05,Visat teen Rasta,23.1192572,72.5656704,GEOCODED,2026-06-14 00:54:54,overlay,0.97,evidence/CAM-05_942_1788366164761.jpg
115,NOT_READABLE,,,car,grey,eastbound,CAM-05,Visat teen Rasta,23.1192572,72.5656704,GEOCODED,2026-06-14 00:54:54,overlay,0.83,evidence/CAM-05_943_1788366164769.jpg
116,NOT_READABLE,,,truck,grey,northbound,CAM-05,Visat teen Rasta,23.1192572,72.5656704,GEOCODED,2026-06-14 00:54:54,overlay,0.97,evidence/CAM-05_944_1788366164776.jpg
117,NOT_READABLE,,,bicycle,grey,southbound,CAM-05,Visat teen Rasta,23.1192572,72.5656704,GEOCODED,2026-06-14 00:54:54,overlay,1.00,evidence/CAM-05_945_1788366164783.jpg
118,NOT_READABLE,,,car,grey,eastbound,CAM-05,Visat teen Rasta,23.1192572,72.5656704,GEOCODED,2026-06-14 00:54:54,overlay,0.79,evidence/CAM-05_946_1788366164791.jpg
119,NOT_READABLE,,,car,grey,eastbound,CAM-05,Visat teen Rasta,23.1192572,72.5656704,GEOCODED,2026-06-14 00:54:54,overlay,0.59,evidence/CAM-05_947_1788366164799.jpg
120,NOT_READABLE,,,truck,grey,eastbound,CAM-05,Visat teen Rasta,23.1192572,72.5656704,GEOCODED,2026-06-14 00:54:54,overlay,0.86,evidence/CAM-05_948_1788366164806.jpg
121,NOT_READABLE,,,truck,grey,westbound,CAM-05,Visat teen Rasta,23.1192572,72.5656704,GEOCODED,2026-06-14 00:54:54,overlay,0.96,evidence/CAM-05_949_1788366164813.jpg
122,NOT_READABLE,,,bus,blue,eastbound,CAM-05,Visat teen Rasta,23.1192572,72.5656704,GEOCODED,2026-06-14 00:54:54,overlay,0.75,evidence/CAM-05_952_1788366164819.jpg
123,NOT_READABLE,,,car,grey,westbound,CAM-05,Visat teen Rasta,23.1192572,72.5656704,GEOCODED,2026-06-14 00:54:54,overlay,0.81,evidence/CAM-05_953_1788366164826.jpg
124,NOT_READABLE,,,truck,grey,eastbound,CAM-05,Visat teen Rasta,23.1192572,72.5656704,GEOCODED,2026-06-14 00:54:54,overlay,1.00,evidence/CAM-05_954_1788366164831.jpg
125,NOT_READABLE,,,truck,grey,southbound,CAM-05,Visat teen Rasta,23.1192572,72.5656704,GEOCODED,2026-06-14 00:54:54,overlay,0.56,evidence/CAM-05_955_1788366164837.jpg
126,NOT_READABLE,,,bus,blue,northbound,CAM-05,Visat teen Rasta,23.1192572,72.5656704,GEOCODED,2026-06-14 00:54:54,overlay,0.92,evidence/CAM-05_957_1788366164843.jpg
127,NOT_READABLE,,,bicycle,green,westbound,CAM-05,Visat teen Rasta,23.1192572,72.5656704,GEOCODED,2026-06-14 00:54:54,overlay,0.47,evidence/CAM-05_960_1788366164850.jpg
128,NOT_READABLE,,,bicycle,blue,eastbound,CAM-05,Visat teen Rasta,23.1192572,72.5656704,GEOCODED,2026-06-14 00:54:54,overlay,0.39,evidence/CAM-05_962_1788366164855.jpg
129,NOT_READABLE,,,bus,black,westbound,CAM-05,Visat teen Rasta,23.1192572,72.5656704,GEOCODED,2026-06-14 00:54:54,overlay,0.43,evidence/CAM-05_966_1788366164861.jpg
130,NOT_READABLE,,,bus,white,stationary,CAM-05,Visat teen Rasta,23.1192572,72.5656704,GEOCODED,2026-06-14 00:54:54,overlay,0.40,evidence/CAM-05_967_1788366164867.jpg
131,NOT_READABLE,,,truck,grey,westbound,CAM-05,Visat teen Rasta,23.1192572,72.5656704,GEOCODED,2026-06-14 00:54:54,overlay,0.42,evidence/CAM-05_968_1788366164874.jpg
132,NOT_READABLE,,,bus,grey,westbound,CAM-05,Visat teen Rasta,23.1192572,72.5656704,GEOCODED,2026-06-14 00:54:54,overlay,0.52,evidence/CAM-05_969_1788366164880.jpg
133,NOT_READABLE,,,bus,grey,stationary,CAM-05,Visat teen Rasta,23.1192572,72.5656704,GEOCODED,2026-06-14 00:54:54,overlay,0.41,evidence/CAM-05_985_1788366164885.jpg
134,NOT_READABLE,,,bus,grey,stationary,CAM-05,Visat teen Rasta,23.1192572,72.5656704,GEOCODED,2026-06-14 00:54:54,overlay,0.42,evidence/CAM-05_998_1788366164891.jpg
135,NOT_READABLE,,,car,white,southbound,CAM-05,Visat teen Rasta,23.1192572,72.5656704,GEOCODED,2026-06-14 00:54:54,overlay,0.60,evidence/CAM-05_1008_1788366164897.jpg
136,NOT_READABLE,,,car,grey,eastbound,CAM-05,Visat teen Rasta,23.1192572,72.5656704,GEOCODED,2026-06-14 00:54:54,overlay,0.89,evidence/CAM-05_934_1788366165464.jpg
137,NOT_READABLE,,,car,white,stationary,CAM-05,Visat teen Rasta,23.1192572,72.5656704,GEOCODED,2026-06-14 00:54:55,overlay,0.54,evidence/CAM-05_1138_1788366165554.jpg
39,NOT_READABLE,,,truck,grey,stationary,CAM-01,Chiman bhai Bridge,23.0064,72.5698,APPROXIMATE,2026-06-14 00:55:04,overlay,0.47,evidence/CAM-01_35_1788366159560.jpg
41,NOT_READABLE,,,car,grey,stationary,CAM-01,Chiman bhai Bridge,23.0064,72.5698,APPROXIMATE,2026-06-14 00:55:04,overlay,0.35,evidence/CAM-01_36_1788366159567.jpg
138,NOT_READABLE,,,truck,yellow,stationary,CAM-01,Chiman bhai Bridge,23.0064,72.5698,APPROXIMATE,2026-06-14 00:55:06,overlay,0.45,evidence/CAM-01_109_1788366170209.jpg
139,NOT_READABLE,,,truck,black,stationary,CAM-01,Chiman bhai Bridge,23.0064,72.5698,APPROXIMATE,2026-06-14 00:55:06,overlay,0.35,evidence/CAM-01_110_1788366170220.jpg
153,NOT_READABLE,,,car,grey,eastbound,CAM-05,Visat teen Rasta,23.1192572,72.5656704,GEOCODED,2026-06-14 00:55:09,overlay,0.94,evidence/CAM-05_1211_1788366185434.jpg
154,NOT_READABLE,,,motorcycle,grey,southbound,CAM-05,Visat teen Rasta,23.1192572,72.5656704,GEOCODED,2026-06-14 00:55:09,overlay,0.63,evidence/CAM-05_1214_1788366185448.jpg
155,NOT_READABLE,,,motorcycle,red,westbound,CAM-05,Visat teen Rasta,23.1192572,72.5656704,GEOCODED,2026-06-14 00:55:09,overlay,0.54,evidence/CAM-05_1255_1788366185459.jpg
156,NOT_READABLE,,,car,grey,stationary,CAM-05,Visat teen Rasta,23.1192572,72.5656704,GEOCODED,2026-06-14 00:55:09,overlay,0.59,evidence/CAM-05_1258_1788366185473.jpg
157,NOT_READABLE,,,truck,grey,westbound,CAM-05,Visat teen Rasta,23.1192572,72.5656704,GEOCODED,2026-06-14 00:55:09,overlay,0.47,evidence/CAM-05_1259_1788366185484.jpg
158,NOT_READABLE,,,truck,grey,westbound,CAM-05,Visat teen Rasta,23.1192572,72.5656704,GEOCODED,2026-06-14 00:55:09,overlay,0.70,evidence/CAM-05_1266_1788366185496.jpg
159,NOT_READABLE,,,car,grey,westbound,CAM-05,Visat teen Rasta,23.1192572,72.5656704,GEOCODED,2026-06-14 00:55:09,overlay,0.91,evidence/CAM-05_1271_1788366185507.jpg
160,NOT_READABLE,,,bus,grey,northbound,CAM-05,Visat teen Rasta,23.1192572,72.5656704,GEOCODED,2026-06-14 00:55:09,overlay,0.56,evidence/CAM-05_1292_1788366185517.jpg
161,NOT_READABLE,,,bus,orange,westbound,CAM-05,Visat teen Rasta,23.1192572,72.5656704,GEOCODED,2026-06-14 00:55:09,overlay,0.49,evidence/CAM-05_1296_1788366185534.jpg
162,NOT_READABLE,,,bicycle,grey,westbound,CAM-05,Visat teen Rasta,23.1192572,72.5656704,GEOCODED,2026-06-14 00:55:09,overlay,0.84,evidence/CAM-05_1297_1788366185544.jpg
163,NOT_READABLE,,,bus,grey,eastbound,CAM-05,Visat teen Rasta,23.1192572,72.5656704,GEOCODED,2026-06-14 00:55:09,overlay,0.48,evidence/CAM-05_1304_1788366185562.jpg
164,NOT_READABLE,,,car,grey,southbound,CAM-05,Visat teen Rasta,23.1192572,72.5656704,GEOCODED,2026-06-14 00:55:09,overlay,0.45,evidence/CAM-05_1309_1788366185579.jpg
165,NOT_READABLE,,,motorcycle,grey,southbound,CAM-05,Visat teen Rasta,23.1192572,72.5656704,GEOCODED,2026-06-14 00:55:09,overlay,0.42,evidence/CAM-05_1322_1788366185605.jpg
166,NOT_READABLE,,,bus,red,northbound,CAM-05,Visat teen Rasta,23.1192572,72.5656704,GEOCODED,2026-06-14 00:55:09,overlay,0.36,evidence/CAM-05_1329_1788366185621.jpg
167,NOT_READABLE,,,car,green,stationary,CAM-05,Visat teen Rasta,23.1192572,72.5656704,GEOCODED,2026-06-14 00:55:09,overlay,0.50,evidence/CAM-05_1331_1788366185677.jpg
168,NOT_READABLE,,,car,yellow,eastbound,CAM-05,Visat teen Rasta,23.1192572,72.5656704,GEOCODED,2026-06-14 00:55:09,overlay,0.73,evidence/CAM-05_1335_1788366185727.jpg
169,NOT_READABLE,,,motorcycle,orange,stationary,CAM-05,Visat teen Rasta,23.1192572,72.5656704,GEOCODED,2026-06-14 00:55:09,overlay,0.50,evidence/CAM-05_1339_1788366185744.jpg
170,NOT_READABLE,,,bicycle,grey,westbound,CAM-05,Visat teen Rasta,23.1192572,72.5656704,GEOCODED,2026-06-14 00:55:09,overlay,0.56,evidence/CAM-05_1340_1788366185761.jpg
171,NOT_READABLE,,,car,grey,northbound,CAM-05,Visat teen Rasta,23.1192572,72.5656704,GEOCODED,2026-06-14 00:55:09,overlay,0.84,evidence/CAM-05_1343_1788366185848.jpg
175,NOT_READABLE,,,bus,blue,westbound,CAM-05,Visat teen Rasta,23.1192572,72.5656704,GEOCODED,2026-06-14 00:55:09,overlay,0.44,evidence/CAM-05_1349_1788366185898.jpg
177,NOT_READABLE,,,bicycle,grey,northbound,CAM-05,Visat teen Rasta,23.1192572,72.5656704,GEOCODED,2026-06-14 00:55:09,overlay,0.43,evidence/CAM-05_1362_1788366186034.jpg
178,NOT_READABLE,,,truck,grey,southbound,CAM-05,Visat teen Rasta,23.1192572,72.5656704,GEOCODED,2026-06-14 00:55:09,overlay,0.62,evidence/CAM-05_1375_1788366186048.jpg
179,NOT_READABLE,,,bicycle,grey,stationary,CAM-05,Visat teen Rasta,23.1192572,72.5656704,GEOCODED,2026-06-14 00:55:09,overlay,0.44,evidence/CAM-05_1389_1788366186060.jpg
232,NOT_READABLE,,,truck,grey,westbound,CAM-05,Visat teen Rasta,23.1192572,72.5656704,GEOCODED,2026-06-14 00:55:10,overlay,0.75,evidence/CAM-05_1213_1788366188264.jpg
234,NOT_READABLE,,,bicycle,grey,southbound,CAM-05,Visat teen Rasta,23.1192572,72.5656704,GEOCODED,2026-06-14 00:55:10,overlay,0.74,evidence/CAM-05_1243_1788366188276.jpg
236,NOT_READABLE,,,truck,grey,northbound,CAM-05,Visat teen Rasta,23.1192572,72.5656704,GEOCODED,2026-06-14 00:55:10,overlay,0.63,evidence/CAM-05_1273_1788366188288.jpg
238,NOT_READABLE,,,bus,grey,eastbound,CAM-05,Visat teen Rasta,23.1192572,72.5656704,GEOCODED,2026-06-14 00:55:10,overlay,0.67,evidence/CAM-05_1280_1788366188301.jpg
240,NOT_READABLE,,,motorcycle,grey,stationary,CAM-05,Visat teen Rasta,23.1192572,72.5656704,GEOCODED,2026-06-14 00:55:10,overlay,0.57,evidence/CAM-05_1373_1788366188322.jpg
241,NOT_READABLE,,,car,white,eastbound,CAM-05,Visat teen Rasta,23.1192572,72.5656704,GEOCODED,2026-06-14 00:55:10,overlay,0.56,evidence/CAM-05_1440_1788366188335.jpg
243,NOT_READABLE,,,car,grey,eastbound,CAM-05,Visat teen Rasta,23.1192572,72.5656704,GEOCODED,2026-06-14 00:55:10,overlay,0.52,evidence/CAM-05_1464_1788366188349.jpg
245,NOT_READABLE,,,car,grey,southbound,CAM-05,Visat teen Rasta,23.1192572,72.5656704,GEOCODED,2026-06-14 00:55:10,overlay,0.35,evidence/CAM-05_1476_1788366188365.jpg
247,NOT_READABLE,,,car,green,northbound,CAM-05,Visat teen Rasta,23.1192572,72.5656704,GEOCODED,2026-06-14 00:55:10,overlay,0.45,evidence/CAM-05_1478_1788366188375.jpg
140,NOT_READABLE,,,car,white,eastbound,CAM-01,Chiman bhai Bridge,23.0064,72.5698,APPROXIMATE,2026-06-14 00:55:11,overlay,0.66,evidence/CAM-01_123_1788366172001.jpg
270,NOT_READABLE,,,car,grey,eastbound,CAM-05,Visat teen Rasta,23.1192572,72.5656704,GEOCODED,2026-06-14 00:55:11,overlay,0.75,evidence/CAM-05_1178_1788366189859.jpg
272,NOT_READABLE,,,car,red,westbound,CAM-05,Visat teen Rasta,23.1192572,72.5656704,GEOCODED,2026-06-14 00:55:11,overlay,0.73,evidence/CAM-05_1199_1788366189873.jpg
274,NOT_READABLE,,,truck,grey,eastbound,CAM-05,Visat teen Rasta,23.1192572,72.5656704,GEOCODED,2026-06-14 00:55:11,overlay,0.81,evidence/CAM-05_1201_1788366189886.jpg
275,NOT_READABLE,,,bicycle,grey,eastbound,CAM-05,Visat teen Rasta,23.1192572,72.5656704,GEOCODED,2026-06-14 00:55:11,overlay,0.95,evidence/CAM-05_1223_1788366189898.jpg
277,NOT_READABLE,,,motorcycle,grey,northbound,CAM-05,Visat teen Rasta,23.1192572,72.5656704,GEOCODED,2026-06-14 00:55:11,overlay,0.71,evidence/CAM-05_1233_1788366189911.jpg
279,NOT_READABLE,,,motorcycle,green,eastbound,CAM-05,Visat teen Rasta,23.1192572,72.5656704,GEOCODED,2026-06-14 00:55:11,overlay,0.74,evidence/CAM-05_1246_1788366189925.jpg
281,NOT_READABLE,,,truck,grey,northbound,CAM-05,Visat teen Rasta,23.1192572,72.5656704,GEOCODED,2026-06-14 00:55:11,overlay,0.97,evidence/CAM-05_1260_1788366189939.jpg
282,NOT_READABLE,,,bus,orange,southbound,CAM-05,Visat teen Rasta,23.1192572,72.5656704,GEOCODED,2026-06-14 00:55:11,overlay,0.47,evidence/CAM-05_1265_1788366189953.jpg
284,NOT_READABLE,,,truck,white,southbound,CAM-05,Visat teen Rasta,23.1192572,72.5656704,GEOCODED,2026-06-14 00:55:11,overlay,0.43,evidence/CAM-05_1270_1788366189966.jpg
286,NOT_READABLE,,,motorcycle,green,eastbound,CAM-05,Visat teen Rasta,23.1192572,72.5656704,GEOCODED,2026-06-14 00:55:11,overlay,0.71,evidence/CAM-05_1288_1788366189983.jpg
288,NOT_READABLE,,,car,grey,westbound,CAM-05,Visat teen Rasta,23.1192572,72.5656704,GEOCODED,2026-06-14 00:55:11,overlay,0.69,evidence/CAM-05_1318_1788366190001.jpg
289,NOT_READABLE,,,bus,white,stationary,CAM-05,Visat teen Rasta,23.1192572,72.5656704,GEOCODED,2026-06-14 00:55:11,overlay,0.56,evidence/CAM-05_1404_1788366190016.jpg
290,NOT_READABLE,,,motorcycle,grey,eastbound,CAM-05,Visat teen Rasta,23.1192572,72.5656704,GEOCODED,2026-06-14 00:55:11,overlay,0.80,evidence/CAM-05_1426_1788366190033.jpg
291,NOT_READABLE,,,bicycle,grey,northbound,CAM-05,Visat teen Rasta,23.1192572,72.5656704,GEOCODED,2026-06-14 00:55:11,overlay,0.66,evidence/CAM-05_1431_1788366190048.jpg
292,NOT_READABLE,,,bus,green,northbound,CAM-05,Visat teen Rasta,23.1192572,72.5656704,GEOCODED,2026-06-14 00:55:11,overlay,0.93,evidence/CAM-05_1433_1788366190060.jpg
293,NOT_READABLE,,,car,grey,stationary,CAM-05,Visat teen Rasta,23.1192572,72.5656704,GEOCODED,2026-06-14 00:55:11,overlay,0.57,evidence/CAM-05_1434_1788366190074.jpg
294,NOT_READABLE,,,truck,grey,westbound,CAM-05,Visat teen Rasta,23.1192572,72.5656704,GEOCODED,2026-06-14 00:55:11,overlay,0.48,evidence/CAM-05_1438_1788366190089.jpg
295,NOT_READABLE,,,bus,red,northbound,CAM-05,Visat teen Rasta,23.1192572,72.5656704,GEOCODED,2026-06-14 00:55:11,overlay,0.70,evidence/CAM-05_1439_1788366190104.jpg
296,NOT_READABLE,,,bicycle,green,eastbound,CAM-05,Visat teen Rasta,23.1192572,72.5656704,GEOCODED,2026-06-14 00:55:11,overlay,0.65,evidence/CAM-05_1445_1788366190119.jpg
297,NOT_READABLE,,,truck,grey,eastbound,CAM-05,Visat teen Rasta,23.1192572,72.5656704,GEOCODED,2026-06-14 00:55:11,overlay,0.78,evidence/CAM-05_1446_1788366190132.jpg
298,NOT_READABLE,,,bus,red,westbound,CAM-05,Visat teen Rasta,23.1192572,72.5656704,GEOCODED,2026-06-14 00:55:11,overlay,0.45,evidence/CAM-05_1447_1788366190143.jpg
299,NOT_READABLE,,,bicycle,grey,southbound,CAM-05,Visat teen Rasta,23.1192572,72.5656704,GEOCODED,2026-06-14 00:55:11,overlay,0.64,evidence/CAM-05_1450_1788366190154.jpg
300,NOT_READABLE,,,bus,grey,eastbound,CAM-05,Visat teen Rasta,23.1192572,72.5656704,GEOCODED,2026-06-14 00:55:11,overlay,0.61,evidence/CAM-05_1457_1788366190166.jpg
301,NOT_READABLE,,,car,orange,westbound,CAM-05,Visat teen Rasta,23.1192572,72.5656704,GEOCODED,2026-06-14 00:55:11,overlay,0.35,evidence/CAM-05_1459_1788366190264.jpg
302,NOT_READABLE,,,bus,grey,westbound,CAM-05,Visat teen Rasta,23.1192572,72.5656704,GEOCODED,2026-06-14 00:55:11,overlay,0.41,evidence/CAM-05_1471_1788366190291.jpg
303,NOT_READABLE,,,bus,grey,northbound,CAM-05,Visat teen Rasta,23.1192572,72.5656704,GEOCODED,2026-06-14 00:55:11,overlay,0.57,evidence/CAM-05_1472_1788366190306.jpg
304,NOT_READABLE,,,bus,grey,eastbound,CAM-05,Visat teen Rasta,23.1192572,72.5656704,GEOCODED,2026-06-14 00:55:11,overlay,0.40,evidence/CAM-05_1473_1788366190393.jpg
305,NOT_READABLE,,,bus,green,eastbound,CAM-05,Visat teen Rasta,23.1192572,72.5656704,GEOCODED,2026-06-14 00:55:11,overlay,0.42,evidence/CAM-05_1474_1788366190409.jpg
306,NOT_READABLE,,,motorcycle,grey,eastbound,CAM-05,Visat teen Rasta,23.1192572,72.5656704,GEOCODED,2026-06-14 00:55:11,overlay,5.24,evidence/CAM-05_1480_1788366190488.jpg
307,NOT_READABLE,,,bicycle,grey,southbound,CAM-05,Visat teen Rasta,23.1192572,72.5656704,GEOCODED,2026-06-14 00:55:11,overlay,0.36,evidence/CAM-05_1488_1788366190502.jpg
308,NOT_READABLE,,,bicycle,white,westbound,CAM-05,Visat teen Rasta,23.1192572,72.5656704,GEOCODED,2026-06-14 00:55:11,overlay,0.71,evidence/CAM-05_1493_1788366190561.jpg
309,NOT_READABLE,,,truck,white,stationary,CAM-05,Visat teen Rasta,23.1192572,72.5656704,GEOCODED,2026-06-14 00:55:11,overlay,0.35,evidence/CAM-05_1498_1788366190575.jpg
310,NOT_READABLE,,,bus,grey,stationary,CAM-05,Visat teen Rasta,23.1192572,72.5656704,GEOCODED,2026-06-14 00:55:11,overlay,0.34,evidence/CAM-05_1525_1788366190589.jpg
311,NOT_READABLE,,,bus,orange,southbound,CAM-05,Visat teen Rasta,23.1192572,72.5656704,GEOCODED,2026-06-14 00:55:11,overlay,0.82,evidence/CAM-05_1552_1788366190601.jpg
312,NOT_READABLE,,,car,grey,eastbound,CAM-05,Visat teen Rasta,23.1192572,72.5656704,GEOCODED,2026-06-14 00:55:11,overlay,0.78,evidence/CAM-05_1553_1788366190628.jpg
313,NOT_READABLE,,,bicycle,grey,stationary,CAM-05,Visat teen Rasta,23.1192572,72.5656704,GEOCODED,2026-06-14 00:55:11,overlay,0.67,evidence/CAM-05_1557_1788366190644.jpg
314,NOT_READABLE,,,truck,white,westbound,CAM-05,Visat teen Rasta,23.1192572,72.5656704,GEOCODED,2026-06-14 00:55:11,overlay,0.64,evidence/CAM-05_1558_1788366190663.jpg
315,NOT_READABLE,,,bicycle,green,northbound,CAM-05,Visat teen Rasta,23.1192572,72.5656704,GEOCODED,2026-06-14 00:55:11,overlay,1.30,evidence/CAM-05_1562_1788366190678.jpg
316,NOT_READABLE,,,bus,blue,northbound,CAM-05,Visat teen Rasta,23.1192572,72.5656704,GEOCODED,2026-06-14 00:55:11,overlay,0.52,evidence/CAM-05_1563_1788366190710.jpg
317,NOT_READABLE,,,motorcycle,blue,northbound,CAM-05,Visat teen Rasta,23.1192572,72.5656704,GEOCODED,2026-06-14 00:55:11,overlay,0.41,evidence/CAM-05_1565_1788366190726.jpg
318,NOT_READABLE,,,car,grey,stationary,CAM-05,Visat teen Rasta,23.1192572,72.5656704,GEOCODED,2026-06-14 00:55:11,overlay,0.49,evidence/CAM-05_1566_1788366190825.jpg
319,NOT_READABLE,,,car,red,westbound,CAM-05,Visat teen Rasta,23.1192572,72.5656704,GEOCODED,2026-06-14 00:55:11,overlay,0.55,evidence/CAM-05_1571_1788366190844.jpg
320,NOT_READABLE,,,bicycle,red,westbound,CAM-05,Visat teen Rasta,23.1192572,72.5656704,GEOCODED,2026-06-14 00:55:11,overlay,0.40,evidence/CAM-05_1577_1788366190861.jpg
321,NOT_READABLE,,,car,grey,stationary,CAM-05,Visat teen Rasta,23.1192572,72.5656704,GEOCODED,2026-06-14 00:55:11,overlay,0.59,evidence/CAM-05_1585_1788366190877.jpg
322,NOT_READABLE,,,bicycle,blue,eastbound,CAM-05,Visat teen Rasta,23.1192572,72.5656704,GEOCODED,2026-06-14 00:55:11,overlay,0.60,evidence/CAM-05_1590_1788366190889.jpg
323,NOT_READABLE,,,bus,grey,westbound,CAM-05,Visat teen Rasta,23.1192572,72.5656704,GEOCODED,2026-06-14 00:55:11,overlay,0.47,evidence/CAM-05_1591_1788366190902.jpg
324,NOT_READABLE,,,bicycle,grey,southbound,CAM-05,Visat teen Rasta,23.1192572,72.5656704,GEOCODED,2026-06-14 00:55:11,overlay,0.42,evidence/CAM-05_1596_1788366190917.jpg
325,NOT_READABLE,,,motorcycle,red,northbound,CAM-05,Visat teen Rasta,23.1192572,72.5656704,GEOCODED,2026-06-14 00:55:11,overlay,0.75,evidence/CAM-05_1601_1788366190930.jpg
326,NOT_READABLE,,,bicycle,grey,westbound,CAM-05,Visat teen Rasta,23.1192572,72.5656704,GEOCODED,2026-06-14 00:55:11,overlay,0.44,evidence/CAM-05_1605_1788366190945.jpg
327,NOT_READABLE,,,car,green,northbound,CAM-05,Visat teen Rasta,23.1192572,72.5656704,GEOCODED,2026-06-14 00:55:11,overlay,0.70,evidence/CAM-05_1606_1788366190959.jpg
328,NOT_READABLE,,,bicycle,grey,southbound,CAM-05,Visat teen Rasta,23.1192572,72.5656704,GEOCODED,2026-06-14 00:55:11,overlay,0.58,evidence/CAM-05_1610_1788366190972.jpg
329,NOT_READABLE,,,bus,red,eastbound,CAM-05,Visat teen Rasta,23.1192572,72.5656704,GEOCODED,2026-06-14 00:55:11,overlay,0.46,evidence/CAM-05_1616_1788366191002.jpg
141,NOT_READABLE,,,car,grey,northbound,CAM-01,Chiman bhai Bridge,23.0064,72.5698,APPROXIMATE,2026-06-14 00:55:11,overlay,0.64,evidence/CAM-01_122_1788366173922.jpg
142,NOT_READABLE,,,car,white,eastbound,CAM-01,Chiman bhai Bridge,23.0064,72.5698,APPROXIMATE,2026-06-14 00:55:12,overlay,0.95,evidence/CAM-01_127_1788366174413.jpg
143,NOT_READABLE,,,car,white,eastbound,CAM-01,Chiman bhai Bridge,23.0064,72.5698,APPROXIMATE,2026-06-14 00:55:12,overlay,0.56,evidence/CAM-01_130_1788366174425.jpg
330,NOT_READABLE,,,bus,grey,northbound,CAM-05,Visat teen Rasta,23.1192572,72.5656704,GEOCODED,2026-06-14 00:55:13,overlay,0.91,evidence/CAM-05_1146_1788366194109.jpg
331,NOT_READABLE,,,car,grey,southbound,CAM-05,Visat teen Rasta,23.1192572,72.5656704,GEOCODED,2026-06-14 00:55:13,overlay,5.49,evidence/CAM-05_1148_1788366194123.jpg
332,NOT_READABLE,,,bus,grey,westbound,CAM-05,Visat teen Rasta,23.1192572,72.5656704,GEOCODED,2026-06-14 00:55:13,overlay,9.15,evidence/CAM-05_1149_1788366194145.jpg
333,NOT_READABLE,,,bicycle,grey,stationary,CAM-05,Visat teen Rasta,23.1192572,72.5656704,GEOCODED,2026-06-14 00:55:13,overlay,3.33,evidence/CAM-05_1150_1788366194172.jpg
334,NOT_READABLE,,,truck,grey,eastbound,CAM-05,Visat teen Rasta,23.1192572,72.5656704,GEOCODED,2026-06-14 00:55:13,overlay,0.97,evidence/CAM-05_1151_1788366194187.jpg
335,NOT_READABLE,,,car,grey,westbound,CAM-05,Visat teen Rasta,23.1192572,72.5656704,GEOCODED,2026-06-14 00:55:13,overlay,4.51,evidence/CAM-05_1152_1788366194201.jpg
336,NOT_READABLE,,,bicycle,grey,southbound,CAM-05,Visat teen Rasta,23.1192572,72.5656704,GEOCODED,2026-06-14 00:55:13,overlay,5.55,evidence/CAM-05_1153_1788366194214.jpg
337,NOT_READABLE,,,car,grey,westbound,CAM-05,Visat teen Rasta,23.1192572,72.5656704,GEOCODED,2026-06-14 00:55:13,overlay,1.00,evidence/CAM-05_1154_1788366194230.jpg
338,NOT_READABLE,,,motorcycle,grey,southbound,CAM-05,Visat teen Rasta,23.1192572,72.5656704,GEOCODED,2026-06-14 00:55:13,overlay,1.00,evidence/CAM-05_1155_1788366194244.jpg
339,NOT_READABLE,,,car,grey,eastbound,CAM-05,Visat teen Rasta,23.1192572,72.5656704,GEOCODED,2026-06-14 00:55:13,overlay,0.98,evidence/CAM-05_1156_1788366194260.jpg
340,NOT_READABLE,,,motorcycle,grey,westbound,CAM-05,Visat teen Rasta,23.1192572,72.5656704,GEOCODED,2026-06-14 00:55:13,overlay,6.11,evidence/CAM-05_1158_1788366194275.jpg
341,NOT_READABLE,,,bicycle,grey,eastbound,CAM-05,Visat teen Rasta,23.1192572,72.5656704,GEOCODED,2026-06-14 00:55:13,overlay,0.97,evidence/CAM-05_1159_1788366194287.jpg
342,NOT_READABLE,,,truck,grey,northbound,CAM-05,Visat teen Rasta,23.1192572,72.5656704,GEOCODED,2026-06-14 00:55:13,overlay,1.00,evidence/CAM-05_1161_1788366194298.jpg
343,NOT_READABLE,,,car,grey,westbound,CAM-05,Visat teen Rasta,23.1192572,72.5656704,GEOCODED,2026-06-14 00:55:13,overlay,0.74,evidence/CAM-05_1164_1788366194311.jpg
344,NOT_READABLE,,,bus,grey,northbound,CAM-05,Visat teen Rasta,23.1192572,72.5656704,GEOCODED,2026-06-14 00:55:13,overlay,3.69,evidence/CAM-05_1165_1788366194323.jpg
345,NOT_READABLE,,,bicycle,grey,eastbound,CAM-05,Visat teen Rasta,23.1192572,72.5656704,GEOCODED,2026-06-14 00:55:13,overlay,0.83,evidence/CAM-05_1166_1788366194350.jpg
346,NOT_READABLE,,,car,grey,stationary,CAM-05,Visat teen Rasta,23.1192572,72.5656704,GEOCODED,2026-06-14 00:55:13,overlay,5.12,evidence/CAM-05_1168_1788366194373.jpg
347,NOT_READABLE,,,bus,grey,eastbound,CAM-05,Visat teen Rasta,23.1192572,72.5656704,GEOCODED,2026-06-14 00:55:13,overlay,0.94,evidence/CAM-05_1169_1788366194423.jpg
348,NOT_READABLE,,,bus,grey,northbound,CAM-05,Visat teen Rasta,23.1192572,72.5656704,GEOCODED,2026-06-14 00:55:13,overlay,0.93,evidence/CAM-05_1170_1788366194446.jpg
349,NOT_READABLE,,,bicycle,grey,southbound,CAM-05,Visat teen Rasta,23.1192572,72.5656704,GEOCODED,2026-06-14 00:55:13,overlay,0.97,evidence/CAM-05_1176_1788366194459.jpg
350,NOT_READABLE,,,motorcycle,grey,northbound,CAM-05,Visat teen Rasta,23.1192572,72.5656704,GEOCODED,2026-06-14 00:55:13,overlay,0.91,evidence/CAM-05_1177_1788366194490.jpg
351,NOT_READABLE,,,motorcycle,grey,eastbound,CAM-05,Visat teen Rasta,23.1192572,72.5656704,GEOCODED,2026-06-14 00:55:13,overlay,0.81,evidence/CAM-05_1181_1788366194515.jpg
352,NOT_READABLE,,,bus,grey,eastbound,CAM-05,Visat teen Rasta,23.1192572,72.5656704,GEOCODED,2026-06-14 00:55:13,overlay,0.89,evidence/CAM-05_1183_1788366194547.jpg
353,NOT_READABLE,,,truck,grey,eastbound,CAM-05,Visat teen Rasta,23.1192572,72.5656704,GEOCODED,2026-06-14 00:55:13,overlay,0.79,evidence/CAM-05_1184_1788366194571.jpg
354,NOT_READABLE,,,motorcycle,grey,eastbound,CAM-05,Visat teen Rasta,23.1192572,72.5656704,GEOCODED,2026-06-14 00:55:13,overlay,0.87,evidence/CAM-05_1185_1788366194585.jpg
355,NOT_READABLE,,,bus,grey,eastbound,CAM-05,Visat teen Rasta,23.1192572,72.5656704,GEOCODED,2026-06-14 00:55:13,overlay,1.00,evidence/CAM-05_1186_1788366194597.jpg
356,NOT_READABLE,,,bicycle,grey,northbound,CAM-05,Visat teen Rasta,23.1192572,72.5656704,GEOCODED,2026-06-14 00:55:13,overlay,0.96,evidence/CAM-05_1189_1788366194610.jpg
357,NOT_READABLE,,,motorcycle,grey,eastbound,CAM-05,Visat teen Rasta,23.1192572,72.5656704,GEOCODED,2026-06-14 00:55:13,overlay,0.76,evidence/CAM-05_1193_1788366194623.jpg
358,NOT_READABLE,,,car,grey,northbound,CAM-05,Visat teen Rasta,23.1192572,72.5656704,GEOCODED,2026-06-14 00:55:13,overlay,0.91,evidence/CAM-05_1197_1788366194637.jpg
359,NOT_READABLE,,,car,grey,northbound,CAM-05,Visat teen Rasta,23.1192572,72.5656704,GEOCODED,2026-06-14 00:55:13,overlay,0.66,evidence/CAM-05_1198_1788366194651.jpg
360,NOT_READABLE,,,car,grey,northbound,CAM-05,Visat teen Rasta,23.1192572,72.5656704,GEOCODED,2026-06-14 00:55:13,overlay,0.96,evidence/CAM-05_1200_1788366194665.jpg
361,NOT_READABLE,,,motorcycle,grey,southbound,CAM-05,Visat teen Rasta,23.1192572,72.5656704,GEOCODED,2026-06-14 00:55:13,overlay,0.87,evidence/CAM-05_1203_1788366194769.jpg
362,NOT_READABLE,,,bus,grey,northbound,CAM-05,Visat teen Rasta,23.1192572,72.5656704,GEOCODED,2026-06-14 00:55:13,overlay,0.75,evidence/CAM-05_1210_1788366194798.jpg
363,NOT_READABLE,,,bicycle,white,westbound,CAM-05,Visat teen Rasta,23.1192572,72.5656704,GEOCODED,2026-06-14 00:55:13,overlay,0.83,evidence/CAM-05_1220_1788366194814.jpg
364,NOT_READABLE,,,bicycle,grey,eastbound,CAM-05,Visat teen Rasta,23.1192572,72.5656704,GEOCODED,2026-06-14 00:55:13,overlay,0.90,evidence/CAM-05_1235_1788366194964.jpg
365,NOT_READABLE,,,bicycle,blue,eastbound,CAM-05,Visat teen Rasta,23.1192572,72.5656704,GEOCODED,2026-06-14 00:55:13,overlay,0.63,evidence/CAM-05_1244_1788366194981.jpg
366,NOT_READABLE,,,motorcycle,grey,eastbound,CAM-05,Visat teen Rasta,23.1192572,72.5656704,GEOCODED,2026-06-14 00:55:13,overlay,0.67,evidence/CAM-05_1249_1788366195120.jpg
367,NOT_READABLE,,,bicycle,grey,eastbound,CAM-05,Visat teen Rasta,23.1192572,72.5656704,GEOCODED,2026-06-14 00:55:13,overlay,4.03,evidence/CAM-05_1250_1788366195140.jpg
368,NOT_READABLE,,,car,grey,eastbound,CAM-05,Visat teen Rasta,23.1192572,72.5656704,GEOCODED,2026-06-14 00:55:13,overlay,0.89,evidence/CAM-05_1251_1788366195244.jpg
369,NOT_READABLE,,,bicycle,grey,westbound,CAM-05,Visat teen Rasta,23.1192572,72.5656704,GEOCODED,2026-06-14 00:55:13,overlay,0.73,evidence/CAM-05_1253_1788366195267.jpg
370,NOT_READABLE,,,car,green,westbound,CAM-05,Visat teen Rasta,23.1192572,72.5656704,GEOCODED,2026-06-14 00:55:13,overlay,0.63,evidence/CAM-05_1257_1788366195367.jpg
371,NOT_READABLE,,,bicycle,grey,eastbound,CAM-05,Visat teen Rasta,23.1192572,72.5656704,GEOCODED,2026-06-14 00:55:13,overlay,0.92,evidence/CAM-05_1261_1788366195394.jpg
372,NOT_READABLE,,,bicycle,green,southbound,CAM-05,Visat teen Rasta,23.1192572,72.5656704,GEOCODED,2026-06-14 00:55:13,overlay,0.69,evidence/CAM-05_1264_1788366195591.jpg
373,NOT_READABLE,,,motorcycle,grey,eastbound,CAM-05,Visat teen Rasta,23.1192572,72.5656704,GEOCODED,2026-06-14 00:55:13,overlay,0.77,evidence/CAM-05_1267_1788366195684.jpg
374,NOT_READABLE,,,bus,grey,southbound,CAM-05,Visat teen Rasta,23.1192572,72.5656704,GEOCODED,2026-06-14 00:55:13,overlay,0.68,evidence/CAM-05_1268_1788366195699.jpg
375,NOT_READABLE,,,bicycle,grey,westbound,CAM-05,Visat teen Rasta,23.1192572,72.5656704,GEOCODED,2026-06-14 00:55:13,overlay,0.85,evidence/CAM-05_1277_1788366195825.jpg
376,NOT_READABLE,,,bus,grey,stationary,CAM-05,Visat teen Rasta,23.1192572,72.5656704,GEOCODED,2026-06-14 00:55:13,overlay,0.47,evidence/CAM-05_1284_1788366195848.jpg
377,NOT_READABLE,,,bus,grey,eastbound,CAM-05,Visat teen Rasta,23.1192572,72.5656704,GEOCODED,2026-06-14 00:55:13,overlay,0.82,evidence/CAM-05_1285_1788366196074.jpg
378,NOT_READABLE,,,bicycle,white,westbound,CAM-05,Visat teen Rasta,23.1192572,72.5656704,GEOCODED,2026-06-14 00:55:13,overlay,0.84,evidence/CAM-05_1302_1788366196116.jpg
379,NOT_READABLE,,,truck,grey,northbound,CAM-05,Visat teen Rasta,23.1192572,72.5656704,GEOCODED,2026-06-14 00:55:13,overlay,0.65,evidence/CAM-05_1307_1788366196505.jpg
380,NOT_READABLE,,,bicycle,grey,eastbound,CAM-05,Visat teen Rasta,23.1192572,72.5656704,GEOCODED,2026-06-14 00:55:13,overlay,0.75,evidence/CAM-05_1311_1788366196587.jpg
381,NOT_READABLE,,,bicycle,white,northbound,CAM-05,Visat teen Rasta,23.1192572,72.5656704,GEOCODED,2026-06-14 00:55:13,overlay,0.67,evidence/CAM-05_1321_1788366196603.jpg
382,NOT_READABLE,,,bicycle,grey,eastbound,CAM-05,Visat teen Rasta,23.1192572,72.5656704,GEOCODED,2026-06-14 00:55:13,overlay,0.84,evidence/CAM-05_1346_1788366196769.jpg
383,NOT_READABLE,,,motorcycle,grey,westbound,CAM-05,Visat teen Rasta,23.1192572,72.5656704,GEOCODED,2026-06-14 00:55:13,overlay,0.47,evidence/CAM-05_1366_1788366196811.jpg
384,NOT_READABLE,,,bicycle,grey,southbound,CAM-05,Visat teen Rasta,23.1192572,72.5656704,GEOCODED,2026-06-14 00:55:13,overlay,0.83,evidence/CAM-05_1425_1788366196908.jpg
385,NOT_READABLE,,,bicycle,grey,eastbound,CAM-05,Visat teen Rasta,23.1192572,72.5656704,GEOCODED,2026-06-14 00:55:13,overlay,0.85,evidence/CAM-05_1427_1788366196936.jpg
386,NOT_READABLE,,,car,grey,westbound,CAM-05,Visat teen Rasta,23.1192572,72.5656704,GEOCODED,2026-06-14 00:55:13,overlay,0.92,evidence/CAM-05_1428_1788366196958.jpg
387,NOT_READABLE,,,car,grey,eastbound,CAM-05,Visat teen Rasta,23.1192572,72.5656704,GEOCODED,2026-06-14 00:55:13,overlay,0.78,evidence/CAM-05_1429_1788366196969.jpg
388,NOT_READABLE,,,bicycle,grey,stationary,CAM-05,Visat teen Rasta,23.1192572,72.5656704,GEOCODED,2026-06-14 00:55:13,overlay,0.87,evidence/CAM-05_1430_1788366196981.jpg
389,NOT_READABLE,,,truck,blue,southbound,CAM-05,Visat teen Rasta,23.1192572,72.5656704,GEOCODED,2026-06-14 00:55:13,overlay,0.90,evidence/CAM-05_1432_1788366196993.jpg
390,NOT_READABLE,,,bicycle,orange,westbound,CAM-05,Visat teen Rasta,23.1192572,72.5656704,GEOCODED,2026-06-14 00:55:13,overlay,0.85,evidence/CAM-05_1435_1788366197005.jpg
391,NOT_READABLE,,,motorcycle,grey,southbound,CAM-05,Visat teen Rasta,23.1192572,72.5656704,GEOCODED,2026-06-14 00:55:13,overlay,0.48,evidence/CAM-05_1436_1788366197016.jpg
392,NOT_READABLE,,,truck,grey,eastbound,CAM-05,Visat teen Rasta,23.1192572,72.5656704,GEOCODED,2026-06-14 00:55:13,overlay,0.68,evidence/CAM-05_1441_1788366197026.jpg
393,NOT_READABLE,,,motorcycle,grey,southbound,CAM-05,Visat teen Rasta,23.1192572,72.5656704,GEOCODED,2026-06-14 00:55:13,overlay,0.94,evidence/CAM-05_1442_1788366197040.jpg
394,NOT_READABLE,,,bicycle,grey,westbound,CAM-05,Visat teen Rasta,23.1192572,72.5656704,GEOCODED,2026-06-14 00:55:13,overlay,0.49,evidence/CAM-05_1448_1788366197051.jpg
395,NOT_READABLE,,,truck,grey,eastbound,CAM-05,Visat teen Rasta,23.1192572,72.5656704,GEOCODED,2026-06-14 00:55:13,overlay,0.61,evidence/CAM-05_1449_1788366197108.jpg
396,NOT_READABLE,,,car,orange,eastbound,CAM-05,Visat teen Rasta,23.1192572,72.5656704,GEOCODED,2026-06-14 00:55:13,overlay,0.68,evidence/CAM-05_1453_1788366197172.jpg
397,NOT_READABLE,,,bicycle,blue,southbound,CAM-05,Visat teen Rasta,23.1192572,72.5656704,GEOCODED,2026-06-14 00:55:13,overlay,0.90,evidence/CAM-05_1454_1788366197278.jpg
398,NOT_READABLE,,,car,grey,westbound,CAM-05,Visat teen Rasta,23.1192572,72.5656704,GEOCODED,2026-06-14 00:55:13,overlay,0.77,evidence/CAM-05_1455_1788366197302.jpg
399,NOT_READABLE,,,truck,red,northbound,CAM-05,Visat teen Rasta,23.1192572,72.5656704,GEOCODED,2026-06-14 00:55:13,overlay,0.70,evidence/CAM-05_1469_1788366197326.jpg
400,NOT_READABLE,,,bicycle,grey,westbound,CAM-05,Visat teen Rasta,23.1192572,72.5656704,GEOCODED,2026-06-14 00:55:13,overlay,0.79,evidence/CAM-05_1470_1788366197347.jpg
401,NOT_READABLE,,,motorcycle,yellow,southbound,CAM-05,Visat teen Rasta,23.1192572,72.5656704,GEOCODED,2026-06-14 00:55:13,overlay,0.70,evidence/CAM-05_1479_1788366197359.jpg
402,NOT_READABLE,,,truck,grey,northbound,CAM-05,Visat teen Rasta,23.1192572,72.5656704,GEOCODED,2026-06-14 00:55:13,overlay,0.86,evidence/CAM-05_1536_1788366197370.jpg
403,NOT_READABLE,,,truck,grey,eastbound,CAM-05,Visat teen Rasta,23.1192572,72.5656704,GEOCODED,2026-06-14 00:55:13,overlay,0.90,evidence/CAM-05_1537_1788366197382.jpg
404,NOT_READABLE,,,motorcycle,grey,southbound,CAM-05,Visat teen Rasta,23.1192572,72.5656704,GEOCODED,2026-06-14 00:55:13,overlay,0.95,evidence/CAM-05_1538_1788366197393.jpg
405,NOT_READABLE,,,car,white,northbound,CAM-05,Visat teen Rasta,23.1192572,72.5656704,GEOCODED,2026-06-14 00:55:13,overlay,0.86,evidence/CAM-05_1539_1788366197405.jpg
406,NOT_READABLE,,,truck,grey,southbound,CAM-05,Visat teen Rasta,23.1192572,72.5656704,GEOCODED,2026-06-14 00:55:13,overlay,0.93,evidence/CAM-05_1540_1788366197418.jpg
407,NOT_READABLE,,,car,grey,southbound,CAM-05,Visat teen Rasta,23.1192572,72.5656704,GEOCODED,2026-06-14 00:55:13,overlay,4.73,evidence/CAM-05_1541_1788366197429.jpg
408,NOT_READABLE,,,bicycle,white,eastbound,CAM-05,Visat teen Rasta,23.1192572,72.5656704,GEOCODED,2026-06-14 00:55:13,overlay,3.36,evidence/CAM-05_1542_1788366197443.jpg
409,NOT_READABLE,,,bicycle,green,northbound,CAM-05,Visat teen Rasta,23.1192572,72.5656704,GEOCODED,2026-06-14 00:55:13,overlay,0.87,evidence/CAM-05_1543_1788366197455.jpg
410,NOT_READABLE,,,bicycle,grey,westbound,CAM-05,Visat teen Rasta,23.1192572,72.5656704,GEOCODED,2026-06-14 00:55:13,overlay,0.90,evidence/CAM-05_1544_1788366197465.jpg
411,NOT_READABLE,,,motorcycle,grey,eastbound,CAM-05,Visat teen Rasta,23.1192572,72.5656704,GEOCODED,2026-06-14 00:55:13,overlay,0.71,evidence/CAM-05_1545_1788366197476.jpg
412,NOT_READABLE,,,car,white,stationary,CAM-05,Visat teen Rasta,23.1192572,72.5656704,GEOCODED,2026-06-14 00:55:13,overlay,0.81,evidence/CAM-05_1546_1788366197487.jpg
413,NOT_READABLE,,,truck,grey,westbound,CAM-05,Visat teen Rasta,23.1192572,72.5656704,GEOCODED,2026-06-14 00:55:13,overlay,0.76,evidence/CAM-05_1547_1788366197495.jpg
414,NOT_READABLE,,,car,grey,eastbound,CAM-05,Visat teen Rasta,23.1192572,72.5656704,GEOCODED,2026-06-14 00:55:13,overlay,0.93,evidence/CAM-05_1548_1788366197504.jpg
415,NOT_READABLE,,,car,grey,westbound,CAM-05,Visat teen Rasta,23.1192572,72.5656704,GEOCODED,2026-06-14 00:55:13,overlay,0.79,evidence/CAM-05_1549_1788366197512.jpg
416,NOT_READABLE,,,motorcycle,grey,westbound,CAM-05,Visat teen Rasta,23.1192572,72.5656704,GEOCODED,2026-06-14 00:55:13,overlay,0.94,evidence/CAM-05_1550_1788366197521.jpg
417,NOT_READABLE,,,truck,white,southbound,CAM-05,Visat teen Rasta,23.1192572,72.5656704,GEOCODED,2026-06-14 00:55:13,overlay,0.55,evidence/CAM-05_1554_1788366197529.jpg
418,NOT_READABLE,,,motorcycle,grey,southbound,CAM-05,Visat teen Rasta,23.1192572,72.5656704,GEOCODED,2026-06-14 00:55:13,overlay,0.88,evidence/CAM-05_1555_1788366197537.jpg
419,NOT_READABLE,,,motorcycle,grey,northbound,CAM-05,Visat teen Rasta,23.1192572,72.5656704,GEOCODED,2026-06-14 00:55:13,overlay,0.90,evidence/CAM-05_1559_1788366197546.jpg
420,NOT_READABLE,,,bicycle,red,northbound,CAM-05,Visat teen Rasta,23.1192572,72.5656704,GEOCODED,2026-06-14 00:55:13,overlay,0.54,evidence/CAM-05_1560_1788366197556.jpg
421,NOT_READABLE,,,bus,grey,northbound,CAM-05,Visat teen Rasta,23.1192572,72.5656704,GEOCODED,2026-06-14 00:55:13,overlay,0.80,evidence/CAM-05_1564_1788366197564.jpg
422,NOT_READABLE,,,motorcycle,grey,southbound,CAM-05,Visat teen Rasta,23.1192572,72.5656704,GEOCODED,2026-06-14 00:55:13,overlay,0.64,evidence/CAM-05_1567_1788366197572.jpg
423,NOT_READABLE,,,truck,grey,stationary,CAM-05,Visat teen Rasta,23.1192572,72.5656704,GEOCODED,2026-06-14 00:55:13,overlay,0.74,evidence/CAM-05_1568_1788366197581.jpg
424,NOT_READABLE,,,truck,white,eastbound,CAM-05,Visat teen Rasta,23.1192572,72.5656704,GEOCODED,2026-06-14 00:55:13,overlay,0.48,evidence/CAM-05_1569_1788366197589.jpg
425,NOT_READABLE,,,bicycle,grey,eastbound,CAM-05,Visat teen Rasta,23.1192572,72.5656704,GEOCODED,2026-06-14 00:55:13,overlay,0.52,evidence/CAM-05_1572_1788366197597.jpg
426,NOT_READABLE,,,bicycle,grey,southbound,CAM-05,Visat teen Rasta,23.1192572,72.5656704,GEOCODED,2026-06-14 00:55:13,overlay,0.72,evidence/CAM-05_1576_1788366197605.jpg
427,NOT_READABLE,,,car,grey,eastbound,CAM-05,Visat teen Rasta,23.1192572,72.5656704,GEOCODED,2026-06-14 00:55:13,overlay,0.49,evidence/CAM-05_1579_1788366197613.jpg
428,NOT_READABLE,,,truck,grey,eastbound,CAM-05,Visat teen Rasta,23.1192572,72.5656704,GEOCODED,2026-06-14 00:55:13,overlay,0.46,evidence/CAM-05_1580_1788366197620.jpg
429,NOT_READABLE,,,bicycle,grey,southbound,CAM-05,Visat teen Rasta,23.1192572,72.5656704,GEOCODED,2026-06-14 00:55:13,overlay,0.80,evidence/CAM-05_1581_1788366197630.jpg
430,NOT_READABLE,,,truck,grey,westbound,CAM-05,Visat teen Rasta,23.1192572,72.5656704,GEOCODED,2026-06-14 00:55:13,overlay,0.58,evidence/CAM-05_1584_1788366197638.jpg
431,NOT_READABLE,,,bicycle,blue,northbound,CAM-05,Visat teen Rasta,23.1192572,72.5656704,GEOCODED,2026-06-14 00:55:13,overlay,0.67,evidence/CAM-05_1587_1788366197646.jpg
432,NOT_READABLE,,,car,grey,eastbound,CAM-05,Visat teen Rasta,23.1192572,72.5656704,GEOCODED,2026-06-14 00:55:13,overlay,0.78,evidence/CAM-05_1589_1788366197654.jpg
433,NOT_READABLE,,,bus,yellow,southbound,CAM-05,Visat teen Rasta,23.1192572,72.5656704,GEOCODED,2026-06-14 00:55:13,overlay,0.48,evidence/CAM-05_1597_1788366197662.jpg
434,NOT_READABLE,,,bicycle,grey,southbound,CAM-05,Visat teen Rasta,23.1192572,72.5656704,GEOCODED,2026-06-14 00:55:13,overlay,0.48,evidence/CAM-05_1599_1788366197671.jpg
435,NOT_READABLE,,,car,grey,southbound,CAM-05,Visat teen Rasta,23.1192572,72.5656704,GEOCODED,2026-06-14 00:55:13,overlay,0.60,evidence/CAM-05_1612_1788366197679.jpg
436,NOT_READABLE,,,motorcycle,grey,eastbound,CAM-05,Visat teen Rasta,23.1192572,72.5656704,GEOCODED,2026-06-14 00:55:13,overlay,0.70,evidence/CAM-05_1647_1788366197763.jpg
437,NOT_READABLE,,,bus,grey,westbound,CAM-05,Visat teen Rasta,23.1192572,72.5656704,GEOCODED,2026-06-14 00:55:13,overlay,0.93,evidence/CAM-05_1649_1788366197781.jpg
438,NOT_READABLE,,,truck,grey,eastbound,CAM-05,Visat teen Rasta,23.1192572,72.5656704,GEOCODED,2026-06-14 00:55:13,overlay,0.97,evidence/CAM-05_1650_1788366197895.jpg
439,NOT_READABLE,,,bus,grey,eastbound,CAM-05,Visat teen Rasta,23.1192572,72.5656704,GEOCODED,2026-06-14 00:55:13,overlay,0.60,evidence/CAM-05_1651_1788366197916.jpg
440,NOT_READABLE,,,bicycle,grey,eastbound,CAM-05,Visat teen Rasta,23.1192572,72.5656704,GEOCODED,2026-06-14 00:55:13,overlay,0.74,evidence/CAM-05_1652_1788366198032.jpg
441,NOT_READABLE,,,car,green,northbound,CAM-05,Visat teen Rasta,23.1192572,72.5656704,GEOCODED,2026-06-14 00:55:13,overlay,0.90,evidence/CAM-05_1653_1788366198052.jpg
442,NOT_READABLE,,,car,grey,eastbound,CAM-05,Visat teen Rasta,23.1192572,72.5656704,GEOCODED,2026-06-14 00:55:13,overlay,0.87,evidence/CAM-05_1657_1788366198107.jpg
444,NOT_READABLE,,,motorcycle,grey,westbound,CAM-05,Visat teen Rasta,23.1192572,72.5656704,GEOCODED,2026-06-14 00:55:13,overlay,0.70,evidence/CAM-05_1659_1788366198119.jpg
445,NOT_READABLE,,,bus,grey,southbound,CAM-05,Visat teen Rasta,23.1192572,72.5656704,GEOCODED,2026-06-14 00:55:13,overlay,0.67,evidence/CAM-05_1665_1788366198129.jpg
446,NOT_READABLE,,,motorcycle,grey,southbound,CAM-05,Visat teen Rasta,23.1192572,72.5656704,GEOCODED,2026-06-14 00:55:13,overlay,0.67,evidence/CAM-05_1668_1788366198142.jpg
447,NOT_READABLE,,,bus,red,westbound,CAM-05,Visat teen Rasta,23.1192572,72.5656704,GEOCODED,2026-06-14 00:55:13,overlay,0.56,evidence/CAM-05_1670_1788366198153.jpg
448,NOT_READABLE,,,motorcycle,orange,northbound,CAM-05,Visat teen Rasta,23.1192572,72.5656704,GEOCODED,2026-06-14 00:55:13,overlay,0.82,evidence/CAM-05_1671_1788366198165.jpg
449,NOT_READABLE,,,bicycle,grey,northbound,CAM-05,Visat teen Rasta,23.1192572,72.5656704,GEOCODED,2026-06-14 00:55:13,overlay,0.83,evidence/CAM-05_1676_1788366198177.jpg
450,NOT_READABLE,,,bicycle,orange,eastbound,CAM-05,Visat teen Rasta,23.1192572,72.5656704,GEOCODED,2026-06-14 00:55:13,overlay,0.79,evidence/CAM-05_1677_1788366198189.jpg
451,NOT_READABLE,,,truck,grey,eastbound,CAM-05,Visat teen Rasta,23.1192572,72.5656704,GEOCODED,2026-06-14 00:55:13,overlay,0.68,evidence/CAM-05_1682_1788366198202.jpg
452,NOT_READABLE,,,bus,grey,eastbound,CAM-05,Visat teen Rasta,23.1192572,72.5656704,GEOCODED,2026-06-14 00:55:13,overlay,0.84,evidence/CAM-05_1685_1788366198215.jpg
453,NOT_READABLE,,,motorcycle,grey,southbound,CAM-05,Visat teen Rasta,23.1192572,72.5656704,GEOCODED,2026-06-14 00:55:13,overlay,0.73,evidence/CAM-05_1689_1788366198258.jpg
454,NOT_READABLE,,,bicycle,white,northbound,CAM-05,Visat teen Rasta,23.1192572,72.5656704,GEOCODED,2026-06-14 00:55:13,overlay,0.46,evidence/CAM-05_1697_1788366198268.jpg
455,NOT_READABLE,,,motorcycle,grey,westbound,CAM-05,Visat teen Rasta,23.1192572,72.5656704,GEOCODED,2026-06-14 00:55:13,overlay,0.97,evidence/CAM-05_1714_1788366198284.jpg
456,NOT_READABLE,,,car,grey,stationary,CAM-05,Visat teen Rasta,23.1192572,72.5656704,GEOCODED,2026-06-14 00:55:13,overlay,0.60,evidence/CAM-05_1732_1788366198303.jpg
457,NOT_READABLE,,,motorcycle,grey,northbound,CAM-05,Visat teen Rasta,23.1192572,72.5656704,GEOCODED,2026-06-14 00:55:13,overlay,0.93,evidence/CAM-05_1740_1788366198327.jpg
458,NOT_READABLE,,,truck,,stationary,CAM-05,Visat teen Rasta,23.1192572,72.5656704,GEOCODED,2026-06-14 00:55:13,overlay,3.69,evidence/CAM-05_1752_1788366198346.jpg
459,NOT_READABLE,,,car,,stationary,CAM-05,Visat teen Rasta,23.1192572,72.5656704,GEOCODED,2026-06-14 00:55:13,overlay,10.44,evidence/CAM-05_1762_1788366198374.jpg
460,NOT_READABLE,,,bus,,stationary,CAM-05,Visat teen Rasta,23.1192572,72.5656704,GEOCODED,2026-06-14 00:55:13,overlay,12.47,evidence/CAM-05_1763_1788366198396.jpg
461,NOT_READABLE,,,motorcycle,,northbound,CAM-05,Visat teen Rasta,23.1192572,72.5656704,GEOCODED,2026-06-14 00:55:13,overlay,9.41,evidence/CAM-05_1765_1788366198418.jpg
462,NOT_READABLE,,,bus,,westbound,CAM-05,Visat teen Rasta,23.1192572,72.5656704,GEOCODED,2026-06-14 00:55:13,overlay,2.79,evidence/CAM-05_1766_1788366198440.jpg
464,NOT_READABLE,,,bus,,southbound,CAM-05,Visat teen Rasta,23.1192572,72.5656704,GEOCODED,2026-06-14 00:55:13,overlay,3.95,evidence/CAM-05_1767_1788366198451.jpg
466,NOT_READABLE,,,truck,grey,northbound,CAM-05,Visat teen Rasta,23.1192572,72.5656704,GEOCODED,2026-06-14 00:55:13,overlay,0.54,evidence/CAM-05_1722_1788366198985.jpg
467,NOT_READABLE,,,truck,grey,eastbound,CAM-05,Visat teen Rasta,23.1192572,72.5656704,GEOCODED,2026-06-14 00:55:13,overlay,0.86,evidence/CAM-05_1182_1788366199379.jpg
1054,NOT_READABLE,,,bus,grey,westbound,CAM-13,CN-VIDHYALAYA,23.0284,72.5541,APPROXIMATE,2026-06-14 00:55:14,overlay,3.04,evidence/CAM-13_1464_1788366249670.jpg
1055,NOT_READABLE,,,car,grey,eastbound,CAM-13,CN-VIDHYALAYA,23.0284,72.5541,APPROXIMATE,2026-06-14 00:55:14,overlay,2.10,evidence/CAM-13_1465_1788366249685.jpg
1056,NOT_READABLE,,,car,,eastbound,CAM-13,CN-VIDHYALAYA,23.0284,72.5541,APPROXIMATE,2026-06-14 00:55:14,overlay,4.19,evidence/CAM-13_1466_1788366249699.jpg
1057,NOT_READABLE,,,motorcycle,,stationary,CAM-13,CN-VIDHYALAYA,23.0284,72.5541,APPROXIMATE,2026-06-14 00:55:14,overlay,5.13,evidence/CAM-13_1467_1788366249825.jpg
1058,NOT_READABLE,,,bicycle,,eastbound,CAM-13,CN-VIDHYALAYA,23.0284,72.5541,APPROXIMATE,2026-06-14 00:55:14,overlay,2.05,evidence/CAM-13_1470_1788366249856.jpg
1059,NOT_READABLE,,,truck,,eastbound,CAM-13,CN-VIDHYALAYA,23.0284,72.5541,APPROXIMATE,2026-06-14 00:55:14,overlay,3.04,evidence/CAM-13_1472_1788366249899.jpg
1060,NOT_READABLE,,,bus,,northbound,CAM-13,CN-VIDHYALAYA,23.0284,72.5541,APPROXIMATE,2026-06-14 00:55:14,overlay,4.74,evidence/CAM-13_1473_1788366249921.jpg
1061,NOT_READABLE,,,motorcycle,,eastbound,CAM-13,CN-VIDHYALAYA,23.0284,72.5541,APPROXIMATE,2026-06-14 00:55:14,overlay,2.79,evidence/CAM-13_1476_1788366249984.jpg
144,NOT_READABLE,,,car,white,northbound,CAM-01,Chiman bhai Bridge,23.0064,72.5698,APPROXIMATE,2026-06-14 00:55:14,overlay,0.64,evidence/CAM-01_128_1788366176733.jpg
145,NOT_READABLE,,,car,white,westbound,CAM-01,Chiman bhai Bridge,23.0064,72.5698,APPROXIMATE,2026-06-14 00:55:14,overlay,0.91,evidence/CAM-01_129_1788366176852.jpg
146,NOT_READABLE,,,car,grey,stationary,CAM-01,Chiman bhai Bridge,23.0064,72.5698,APPROXIMATE,2026-06-14 00:55:15,overlay,0.34,evidence/CAM-01_158_1788366177402.jpg
147,NOT_READABLE,,,car,grey,stationary,CAM-01,Chiman bhai Bridge,23.0064,72.5698,APPROXIMATE,2026-06-14 00:55:15,overlay,0.43,evidence/CAM-01_155_1788366177775.jpg
1062,NOT_READABLE,,,truck,,stationary,CAM-13,CN-VIDHYALAYA,23.0284,72.5541,APPROXIMATE,2026-06-14 00:55:16,overlay,2.48,evidence/CAM-13_1469_1788366251895.jpg
1063,NOT_READABLE,,,truck,black,eastbound,CAM-13,CN-VIDHYALAYA,23.0284,72.5541,APPROXIMATE,2026-06-14 00:55:16,overlay,1.32,evidence/CAM-13_1480_1788366251917.jpg
1064,NOT_READABLE,,,truck,grey,westbound,CAM-13,CN-VIDHYALAYA,23.0284,72.5541,APPROXIMATE,2026-06-14 00:55:16,overlay,1.83,evidence/CAM-13_1483_1788366251944.jpg
507,NOT_READABLE,,,motorcycle,grey,northbound,CAM-05,Visat teen Rasta,23.1192572,72.5656704,GEOCODED,2026-06-14 00:55:16,overlay,10.40,evidence/CAM-05_1845_1788366202368.jpg
509,NOT_READABLE,,,car,blue,southbound,CAM-05,Visat teen Rasta,23.1192572,72.5656704,GEOCODED,2026-06-14 00:55:16,overlay,14.79,evidence/CAM-05_1860_1788366202380.jpg
511,NOT_READABLE,,,truck,blue,southbound,CAM-05,Visat teen Rasta,23.1192572,72.5656704,GEOCODED,2026-06-14 00:55:16,overlay,0.90,evidence/CAM-05_1882_1788366202478.jpg
148,NOT_READABLE,,,car,white,westbound,CAM-01,Chiman bhai Bridge,23.0064,72.5698,APPROXIMATE,2026-06-14 00:55:16,overlay,0.47,evidence/CAM-01_160_1788366181055.jpg
149,NOT_READABLE,,,car,white,northbound,CAM-01,Chiman bhai Bridge,23.0064,72.5698,APPROXIMATE,2026-06-14 00:55:17,overlay,0.81,evidence/CAM-01_156_1788366182520.jpg
521,NOT_READABLE,,,truck,grey,eastbound,CAM-05,Visat teen Rasta,23.1192572,72.5656704,GEOCODED,2026-06-14 00:55:17,overlay,4.82,evidence/CAM-05_1842_1788366202742.jpg
523,NOT_READABLE,,,car,grey,eastbound,CAM-05,Visat teen Rasta,23.1192572,72.5656704,GEOCODED,2026-06-14 00:55:17,overlay,6.27,evidence/CAM-05_1843_1788366202827.jpg
525,NOT_READABLE,,,bicycle,grey,westbound,CAM-05,Visat teen Rasta,23.1192572,72.5656704,GEOCODED,2026-06-14 00:55:17,overlay,0.91,evidence/CAM-05_1847_1788366202855.jpg
529,NOT_READABLE,,,car,white,westbound,CAM-05,Visat teen Rasta,23.1192572,72.5656704,GEOCODED,2026-06-14 00:55:17,overlay,2.29,evidence/CAM-05_1850_1788366202869.jpg
532,NOT_READABLE,,,bicycle,blue,southbound,CAM-05,Visat teen Rasta,23.1192572,72.5656704,GEOCODED,2026-06-14 00:55:17,overlay,17.30,evidence/CAM-05_1855_1788366202892.jpg
534,NOT_READABLE,,,bus,blue,eastbound,CAM-05,Visat teen Rasta,23.1192572,72.5656704,GEOCODED,2026-06-14 00:55:17,overlay,1.05,evidence/CAM-05_1856_1788366203013.jpg
536,NOT_READABLE,,,bicycle,,stationary,CAM-05,Visat teen Rasta,23.1192572,72.5656704,GEOCODED,2026-06-14 00:55:17,overlay,5.66,evidence/CAM-05_1913_1788366203039.jpg
150,NOT_READABLE,,,car,white,stationary,CAM-01,Chiman bhai Bridge,23.0064,72.5698,APPROXIMATE,2026-06-14 00:55:18,overlay,20.36,evidence/CAM-01_163_1788366185051.jpg
151,NOT_READABLE,,,car,white,southbound,CAM-01,Chiman bhai Bridge,23.0064,72.5698,APPROXIMATE,2026-06-14 00:55:18,overlay,9.21,evidence/CAM-01_165_1788366185072.jpg
152,NOT_READABLE,,,car,white,westbound,CAM-01,Chiman bhai Bridge,23.0064,72.5698,APPROXIMATE,2026-06-14 00:55:18,overlay,0.56,evidence/CAM-01_167_1788366185150.jpg
172,NOT_READABLE,,,bus,grey,eastbound,CAM-01,Chiman bhai Bridge,23.0064,72.5698,APPROXIMATE,2026-06-14 00:55:18,overlay,4.16,evidence/CAM-01_228_1788366185896.jpg
173,NOT_READABLE,,,car,grey,westbound,CAM-01,Chiman bhai Bridge,23.0064,72.5698,APPROXIMATE,2026-06-14 00:55:18,overlay,6.80,evidence/CAM-01_235_1788366185959.jpg
176,NOT_READABLE,,,truck,yellow,eastbound,CAM-01,Chiman bhai Bridge,23.0064,72.5698,APPROXIMATE,2026-06-14 00:55:18,overlay,2.91,evidence/CAM-01_252_1788366185979.jpg
551,NOT_READABLE,,,car,orange,eastbound,CAM-05,Visat teen Rasta,23.1192572,72.5656704,GEOCODED,2026-06-14 00:55:18,overlay,5.46,evidence/CAM-05_1899_1788366203759.jpg
180,NOT_READABLE,,,truck,orange,eastbound,CAM-01,Chiman bhai Bridge,23.0064,72.5698,APPROXIMATE,2026-06-14 00:55:18,overlay,3.87,evidence/CAM-01_161_1788366186246.jpg
181,NOT_READABLE,,,car,grey,eastbound,CAM-01,Chiman bhai Bridge,23.0064,72.5698,APPROXIMATE,2026-06-14 00:55:18,overlay,1.53,evidence/CAM-01_166_1788366186257.jpg
182,NOT_READABLE,,,bus,grey,stationary,CAM-01,Chiman bhai Bridge,23.0064,72.5698,APPROXIMATE,2026-06-14 00:55:18,overlay,6.32,evidence/CAM-01_168_1788366186265.jpg
183,NOT_READABLE,,,car,grey,westbound,CAM-01,Chiman bhai Bridge,23.0064,72.5698,APPROXIMATE,2026-06-14 00:55:18,overlay,13.92,evidence/CAM-01_169_1788366186341.jpg
184,NOT_READABLE,,,motorcycle,grey,westbound,CAM-01,Chiman bhai Bridge,23.0064,72.5698,APPROXIMATE,2026-06-14 00:55:18,overlay,4.46,evidence/CAM-01_170_1788366186356.jpg
185,NOT_READABLE,,,bicycle,grey,southbound,CAM-01,Chiman bhai Bridge,23.0064,72.5698,APPROXIMATE,2026-06-14 00:55:18,overlay,1.12,evidence/CAM-01_171_1788366186373.jpg
186,NOT_READABLE,,,truck,grey,westbound,CAM-01,Chiman bhai Bridge,23.0064,72.5698,APPROXIMATE,2026-06-14 00:55:18,overlay,2.54,evidence/CAM-01_172_1788366186388.jpg
187,NOT_READABLE,,,motorcycle,blue,southbound,CAM-01,Chiman bhai Bridge,23.0064,72.5698,APPROXIMATE,2026-06-14 00:55:18,overlay,1.46,evidence/CAM-01_173_1788366186413.jpg
188,NOT_READABLE,,,bicycle,grey,eastbound,CAM-01,Chiman bhai Bridge,23.0064,72.5698,APPROXIMATE,2026-06-14 00:55:18,overlay,5.46,evidence/CAM-01_174_1788366186432.jpg
189,NOT_READABLE,,,motorcycle,orange,eastbound,CAM-01,Chiman bhai Bridge,23.0064,72.5698,APPROXIMATE,2026-06-14 00:55:18,overlay,7.56,evidence/CAM-01_175_1788366186582.jpg
190,NOT_READABLE,,,bicycle,grey,westbound,CAM-01,Chiman bhai Bridge,23.0064,72.5698,APPROXIMATE,2026-06-14 00:55:18,overlay,8.03,evidence/CAM-01_176_1788366186591.jpg
191,NOT_READABLE,,,motorcycle,grey,stationary,CAM-01,Chiman bhai Bridge,23.0064,72.5698,APPROXIMATE,2026-06-14 00:55:18,overlay,2.34,evidence/CAM-01_177_1788366186611.jpg
192,NOT_READABLE,,,truck,grey,eastbound,CAM-01,Chiman bhai Bridge,23.0064,72.5698,APPROXIMATE,2026-06-14 00:55:18,overlay,1.87,evidence/CAM-01_178_1788366186627.jpg
193,NOT_READABLE,,,truck,orange,westbound,CAM-01,Chiman bhai Bridge,23.0064,72.5698,APPROXIMATE,2026-06-14 00:55:18,overlay,6.64,evidence/CAM-01_179_1788366186712.jpg
195,NOT_READABLE,,,truck,purple,eastbound,CAM-01,Chiman bhai Bridge,23.0064,72.5698,APPROXIMATE,2026-06-14 00:55:18,overlay,4.58,evidence/CAM-01_180_1788366186730.jpg
197,NOT_READABLE,,,bicycle,blue,southbound,CAM-01,Chiman bhai Bridge,23.0064,72.5698,APPROXIMATE,2026-06-14 00:55:18,overlay,6.36,evidence/CAM-01_181_1788366186745.jpg
198,NOT_READABLE,,,bus,grey,eastbound,CAM-01,Chiman bhai Bridge,23.0064,72.5698,APPROXIMATE,2026-06-14 00:55:18,overlay,2.00,evidence/CAM-01_182_1788366186768.jpg
199,NOT_READABLE,,,bicycle,grey,eastbound,CAM-01,Chiman bhai Bridge,23.0064,72.5698,APPROXIMATE,2026-06-14 00:55:18,overlay,1.23,evidence/CAM-01_183_1788366186788.jpg
200,NOT_READABLE,,,bus,blue,southbound,CAM-01,Chiman bhai Bridge,23.0064,72.5698,APPROXIMATE,2026-06-14 00:55:18,overlay,1.28,evidence/CAM-01_184_1788366186806.jpg
201,NOT_READABLE,,,bus,orange,westbound,CAM-01,Chiman bhai Bridge,23.0064,72.5698,APPROXIMATE,2026-06-14 00:55:18,overlay,4.23,evidence/CAM-01_185_1788366186827.jpg
202,NOT_READABLE,,,bicycle,purple,stationary,CAM-01,Chiman bhai Bridge,23.0064,72.5698,APPROXIMATE,2026-06-14 00:55:18,overlay,5.78,evidence/CAM-01_186_1788366186843.jpg
203,NOT_READABLE,,,bicycle,blue,westbound,CAM-01,Chiman bhai Bridge,23.0064,72.5698,APPROXIMATE,2026-06-14 00:55:18,overlay,1.96,evidence/CAM-01_187_1788366186853.jpg
204,NOT_READABLE,,,bus,orange,westbound,CAM-01,Chiman bhai Bridge,23.0064,72.5698,APPROXIMATE,2026-06-14 00:55:18,overlay,0.98,evidence/CAM-01_188_1788366186882.jpg
205,NOT_READABLE,,,motorcycle,yellow,eastbound,CAM-01,Chiman bhai Bridge,23.0064,72.5698,APPROXIMATE,2026-06-14 00:55:18,overlay,0.96,evidence/CAM-01_189_1788366186902.jpg
206,NOT_READABLE,,,motorcycle,purple,westbound,CAM-01,Chiman bhai Bridge,23.0064,72.5698,APPROXIMATE,2026-06-14 00:55:18,overlay,0.81,evidence/CAM-01_190_1788366186918.jpg
207,NOT_READABLE,,,truck,orange,eastbound,CAM-01,Chiman bhai Bridge,23.0064,72.5698,APPROXIMATE,2026-06-14 00:55:18,overlay,4.40,evidence/CAM-01_191_1788366186943.jpg
208,NOT_READABLE,,,motorcycle,grey,westbound,CAM-01,Chiman bhai Bridge,23.0064,72.5698,APPROXIMATE,2026-06-14 00:55:18,overlay,1.79,evidence/CAM-01_192_1788366186967.jpg
209,NOT_READABLE,,,bicycle,orange,southbound,CAM-01,Chiman bhai Bridge,23.0064,72.5698,APPROXIMATE,2026-06-14 00:55:18,overlay,1.34,evidence/CAM-01_193_1788366186984.jpg
210,NOT_READABLE,,,bicycle,grey,westbound,CAM-01,Chiman bhai Bridge,23.0064,72.5698,APPROXIMATE,2026-06-14 00:55:18,overlay,3.48,evidence/CAM-01_194_1788366187001.jpg
211,NOT_READABLE,,,bicycle,orange,westbound,CAM-01,Chiman bhai Bridge,23.0064,72.5698,APPROXIMATE,2026-06-14 00:55:18,overlay,2.63,evidence/CAM-01_195_1788366187022.jpg
212,NOT_READABLE,,,bicycle,purple,eastbound,CAM-01,Chiman bhai Bridge,23.0064,72.5698,APPROXIMATE,2026-06-14 00:55:18,overlay,0.86,evidence/CAM-01_196_1788366187041.jpg
213,NOT_READABLE,,,car,orange,westbound,CAM-01,Chiman bhai Bridge,23.0064,72.5698,APPROXIMATE,2026-06-14 00:55:18,overlay,3.48,evidence/CAM-01_197_1788366187060.jpg
214,NOT_READABLE,,,car,blue,eastbound,CAM-01,Chiman bhai Bridge,23.0064,72.5698,APPROXIMATE,2026-06-14 00:55:18,overlay,0.87,evidence/CAM-01_198_1788366187077.jpg
215,NOT_READABLE,,,bicycle,grey,westbound,CAM-01,Chiman bhai Bridge,23.0064,72.5698,APPROXIMATE,2026-06-14 00:55:18,overlay,1.64,evidence/CAM-01_199_1788366187090.jpg
216,NOT_READABLE,,,motorcycle,yellow,northbound,CAM-01,Chiman bhai Bridge,23.0064,72.5698,APPROXIMATE,2026-06-14 00:55:18,overlay,2.18,evidence/CAM-01_200_1788366187100.jpg
217,NOT_READABLE,,,motorcycle,blue,westbound,CAM-01,Chiman bhai Bridge,23.0064,72.5698,APPROXIMATE,2026-06-14 00:55:18,overlay,4.57,evidence/CAM-01_201_1788366187184.jpg
218,NOT_READABLE,,,car,blue,eastbound,CAM-01,Chiman bhai Bridge,23.0064,72.5698,APPROXIMATE,2026-06-14 00:55:18,overlay,0.54,evidence/CAM-01_202_1788366187279.jpg
219,NOT_READABLE,,,truck,grey,eastbound,CAM-01,Chiman bhai Bridge,23.0064,72.5698,APPROXIMATE,2026-06-14 00:55:18,overlay,2.18,evidence/CAM-01_204_1788366187442.jpg
220,NOT_READABLE,,,bicycle,orange,northbound,CAM-01,Chiman bhai Bridge,23.0064,72.5698,APPROXIMATE,2026-06-14 00:55:18,overlay,1.90,evidence/CAM-01_206_1788366187462.jpg
221,NOT_READABLE,,,bicycle,orange,eastbound,CAM-01,Chiman bhai Bridge,23.0064,72.5698,APPROXIMATE,2026-06-14 00:55:18,overlay,0.51,evidence/CAM-01_207_1788366187560.jpg
222,NOT_READABLE,,,bicycle,orange,westbound,CAM-01,Chiman bhai Bridge,23.0064,72.5698,APPROXIMATE,2026-06-14 00:55:18,overlay,4.16,evidence/CAM-01_208_1788366187634.jpg
223,NOT_READABLE,,,truck,grey,eastbound,CAM-01,Chiman bhai Bridge,23.0064,72.5698,APPROXIMATE,2026-06-14 00:55:18,overlay,5.45,evidence/CAM-01_210_1788366187649.jpg
224,NOT_READABLE,,,bus,grey,southbound,CAM-01,Chiman bhai Bridge,23.0064,72.5698,APPROXIMATE,2026-06-14 00:55:18,overlay,0.52,evidence/CAM-01_211_1788366187666.jpg
226,NOT_READABLE,,,car,yellow,westbound,CAM-01,Chiman bhai Bridge,23.0064,72.5698,APPROXIMATE,2026-06-14 00:55:18,overlay,5.26,evidence/CAM-01_212_1788366187804.jpg
228,NOT_READABLE,,,bus,orange,westbound,CAM-01,Chiman bhai Bridge,23.0064,72.5698,APPROXIMATE,2026-06-14 00:55:18,overlay,44.67,evidence/CAM-01_213_1788366187993.jpg
230,NOT_READABLE,,,truck,yellow,westbound,CAM-01,Chiman bhai Bridge,23.0064,72.5698,APPROXIMATE,2026-06-14 00:55:18,overlay,44.87,evidence/CAM-01_216_1788366188166.jpg
233,NOT_READABLE,,,car,red,eastbound,CAM-01,Chiman bhai Bridge,23.0064,72.5698,APPROXIMATE,2026-06-14 00:55:18,overlay,4.41,evidence/CAM-01_217_1788366188265.jpg
235,NOT_READABLE,,,bus,purple,northbound,CAM-01,Chiman bhai Bridge,23.0064,72.5698,APPROXIMATE,2026-06-14 00:55:18,overlay,0.83,evidence/CAM-01_218_1788366188280.jpg
237,NOT_READABLE,,,car,red,northbound,CAM-01,Chiman bhai Bridge,23.0064,72.5698,APPROXIMATE,2026-06-14 00:55:18,overlay,8.39,evidence/CAM-01_222_1788366188297.jpg
239,NOT_READABLE,,,motorcycle,grey,southbound,CAM-01,Chiman bhai Bridge,23.0064,72.5698,APPROXIMATE,2026-06-14 00:55:18,overlay,7.61,evidence/CAM-01_223_1788366188315.jpg
242,NOT_READABLE,,,motorcycle,grey,eastbound,CAM-01,Chiman bhai Bridge,23.0064,72.5698,APPROXIMATE,2026-06-14 00:55:18,overlay,5.56,evidence/CAM-01_224_1788366188334.jpg
244,NOT_READABLE,,,car,grey,southbound,CAM-01,Chiman bhai Bridge,23.0064,72.5698,APPROXIMATE,2026-06-14 00:55:18,overlay,9.27,evidence/CAM-01_225_1788366188354.jpg
246,NOT_READABLE,,,motorcycle,blue,eastbound,CAM-01,Chiman bhai Bridge,23.0064,72.5698,APPROXIMATE,2026-06-14 00:55:18,overlay,10.23,evidence/CAM-01_226_1788366188367.jpg
248,NOT_READABLE,,,truck,orange,eastbound,CAM-01,Chiman bhai Bridge,23.0064,72.5698,APPROXIMATE,2026-06-14 00:55:18,overlay,3.61,evidence/CAM-01_229_1788366188376.jpg
249,NOT_READABLE,,,car,purple,westbound,CAM-01,Chiman bhai Bridge,23.0064,72.5698,APPROXIMATE,2026-06-14 00:55:18,overlay,17.16,evidence/CAM-01_232_1788366188400.jpg
250,NOT_READABLE,,,bicycle,grey,northbound,CAM-01,Chiman bhai Bridge,23.0064,72.5698,APPROXIMATE,2026-06-14 00:55:18,overlay,67.37,evidence/CAM-01_233_1788366188412.jpg
251,NOT_READABLE,,,bus,white,eastbound,CAM-01,Chiman bhai Bridge,23.0064,72.5698,APPROXIMATE,2026-06-14 00:55:18,overlay,0.62,evidence/CAM-01_234_1788366188427.jpg
252,NOT_READABLE,,,car,grey,northbound,CAM-01,Chiman bhai Bridge,23.0064,72.5698,APPROXIMATE,2026-06-14 00:55:18,overlay,9.00,evidence/CAM-01_236_1788366188446.jpg
253,NOT_READABLE,,,bus,purple,eastbound,CAM-01,Chiman bhai Bridge,23.0064,72.5698,APPROXIMATE,2026-06-14 00:55:18,overlay,1.99,evidence/CAM-01_237_1788366188462.jpg
254,NOT_READABLE,,,car,blue,eastbound,CAM-01,Chiman bhai Bridge,23.0064,72.5698,APPROXIMATE,2026-06-14 00:55:18,overlay,66.11,evidence/CAM-01_238_1788366188477.jpg
255,NOT_READABLE,,,car,orange,southbound,CAM-01,Chiman bhai Bridge,23.0064,72.5698,APPROXIMATE,2026-06-14 00:55:18,overlay,11.89,evidence/CAM-01_240_1788366188491.jpg
256,NOT_READABLE,,,truck,orange,southbound,CAM-01,Chiman bhai Bridge,23.0064,72.5698,APPROXIMATE,2026-06-14 00:55:18,overlay,7.52,evidence/CAM-01_241_1788366188554.jpg
257,NOT_READABLE,,,truck,blue,eastbound,CAM-01,Chiman bhai Bridge,23.0064,72.5698,APPROXIMATE,2026-06-14 00:55:18,overlay,3.22,evidence/CAM-01_243_1788366188563.jpg
258,NOT_READABLE,,,motorcycle,blue,eastbound,CAM-01,Chiman bhai Bridge,23.0064,72.5698,APPROXIMATE,2026-06-14 00:55:18,overlay,9.52,evidence/CAM-01_245_1788366188667.jpg
259,NOT_READABLE,,,motorcycle,yellow,eastbound,CAM-01,Chiman bhai Bridge,23.0064,72.5698,APPROXIMATE,2026-06-14 00:55:18,overlay,2.17,evidence/CAM-01_247_1788366188913.jpg
260,NOT_READABLE,,,bicycle,grey,westbound,CAM-01,Chiman bhai Bridge,23.0064,72.5698,APPROXIMATE,2026-06-14 00:55:18,overlay,3.33,evidence/CAM-01_250_1788366188931.jpg
261,NOT_READABLE,,,motorcycle,grey,eastbound,CAM-01,Chiman bhai Bridge,23.0064,72.5698,APPROXIMATE,2026-06-14 00:55:18,overlay,27.87,evidence/CAM-01_257_1788366189055.jpg
262,NOT_READABLE,,,car,grey,stationary,CAM-01,Chiman bhai Bridge,23.0064,72.5698,APPROXIMATE,2026-06-14 00:55:18,overlay,2.55,evidence/CAM-01_260_1788366189153.jpg
263,NOT_READABLE,,,motorcycle,grey,eastbound,CAM-01,Chiman bhai Bridge,23.0064,72.5698,APPROXIMATE,2026-06-14 00:55:18,overlay,1.54,evidence/CAM-01_261_1788366189173.jpg
264,NOT_READABLE,,,bicycle,grey,eastbound,CAM-01,Chiman bhai Bridge,23.0064,72.5698,APPROXIMATE,2026-06-14 00:55:18,overlay,10.54,evidence/CAM-01_262_1788366189245.jpg
265,NOT_READABLE,,,motorcycle,grey,southbound,CAM-01,Chiman bhai Bridge,23.0064,72.5698,APPROXIMATE,2026-06-14 00:55:18,overlay,8.49,evidence/CAM-01_263_1788366189262.jpg
267,NOT_READABLE,,,motorcycle,grey,southbound,CAM-01,Chiman bhai Bridge,23.0064,72.5698,APPROXIMATE,2026-06-14 00:55:18,overlay,0.53,evidence/CAM-01_266_1788366189386.jpg
268,NOT_READABLE,,,motorcycle,blue,eastbound,CAM-01,Chiman bhai Bridge,23.0064,72.5698,APPROXIMATE,2026-06-14 00:55:18,overlay,3.46,evidence/CAM-01_267_1788366189574.jpg
269,NOT_READABLE,,,car,grey,eastbound,CAM-01,Chiman bhai Bridge,23.0064,72.5698,APPROXIMATE,2026-06-14 00:55:18,overlay,0.58,evidence/CAM-01_271_1788366189726.jpg
271,NOT_READABLE,,,car,grey,northbound,CAM-01,Chiman bhai Bridge,23.0064,72.5698,APPROXIMATE,2026-06-14 00:55:18,overlay,1.95,evidence/CAM-01_273_1788366189860.jpg
273,NOT_READABLE,,,bicycle,white,eastbound,CAM-01,Chiman bhai Bridge,23.0064,72.5698,APPROXIMATE,2026-06-14 00:55:18,overlay,0.93,evidence/CAM-01_277_1788366189876.jpg
276,NOT_READABLE,,,motorcycle,white,southbound,CAM-01,Chiman bhai Bridge,23.0064,72.5698,APPROXIMATE,2026-06-14 00:55:18,overlay,33.41,evidence/CAM-01_286_1788366189896.jpg
278,NOT_READABLE,,,truck,grey,southbound,CAM-01,Chiman bhai Bridge,23.0064,72.5698,APPROXIMATE,2026-06-14 00:55:18,overlay,1.47,evidence/CAM-01_312_1788366189913.jpg
280,NOT_READABLE,,,motorcycle,white,southbound,CAM-01,Chiman bhai Bridge,23.0064,72.5698,APPROXIMATE,2026-06-14 00:55:18,overlay,0.62,evidence/CAM-01_315_1788366189932.jpg
283,NOT_READABLE,,,bus,grey,westbound,CAM-01,Chiman bhai Bridge,23.0064,72.5698,APPROXIMATE,2026-06-14 00:55:18,overlay,16.91,evidence/CAM-01_330_1788366189952.jpg
285,NOT_READABLE,,,motorcycle,grey,eastbound,CAM-01,Chiman bhai Bridge,23.0064,72.5698,APPROXIMATE,2026-06-14 00:55:18,overlay,2.10,evidence/CAM-01_373_1788366189980.jpg
287,NOT_READABLE,,,bicycle,yellow,eastbound,CAM-01,Chiman bhai Bridge,23.0064,72.5698,APPROXIMATE,2026-06-14 00:55:18,overlay,0.68,evidence/CAM-01_374_1788366189997.jpg
443,NOT_READABLE,,,motorcycle,grey,westbound,CAM-01,Chiman bhai Bridge,23.0064,72.5698,APPROXIMATE,2026-06-14 00:55:20,overlay,0.58,evidence/CAM-01_485_1788366198107.jpg
604,NOT_READABLE,,,car,grey,stationary,CAM-05,Visat teen Rasta,23.1192572,72.5656704,GEOCODED,2026-06-14 00:55:20,overlay,6.30,evidence/CAM-05_1947_1788366205951.jpg
608,NOT_READABLE,,,motorcycle,grey,southbound,CAM-05,Visat teen Rasta,23.1192572,72.5656704,GEOCODED,2026-06-14 00:55:20,overlay,6.02,evidence/CAM-05_1948_1788366205960.jpg
463,NOT_READABLE,,,motorcycle,white,southbound,CAM-01,Chiman bhai Bridge,23.0064,72.5698,APPROXIMATE,2026-06-14 00:55:21,overlay,50.12,evidence/CAM-01_555_1788366198437.jpg
465,NOT_READABLE,,,bus,grey,stationary,CAM-01,Chiman bhai Bridge,23.0064,72.5698,APPROXIMATE,2026-06-14 00:55:21,overlay,0.34,evidence/CAM-01_559_1788366198453.jpg
1077,NOT_READABLE,,,bus,grey,eastbound,CAM-13,CN-VIDHYALAYA,23.0284,72.5541,APPROXIMATE,2026-06-14 00:55:21,overlay,8.42,evidence/CAM-13_1463_1788366253652.jpg
1078,NOT_READABLE,,,motorcycle,grey,westbound,CAM-13,CN-VIDHYALAYA,23.0284,72.5541,APPROXIMATE,2026-06-14 00:55:21,overlay,5.16,evidence/CAM-13_1477_1788366253710.jpg
468,NOT_READABLE,,,car,grey,northbound,CAM-01,Chiman bhai Bridge,23.0064,72.5698,APPROXIMATE,2026-06-14 00:55:22,overlay,23.06,evidence/CAM-01_275_1788366200856.jpg
469,NOT_READABLE,,,bus,grey,eastbound,CAM-01,Chiman bhai Bridge,23.0064,72.5698,APPROXIMATE,2026-06-14 00:55:22,overlay,0.96,evidence/CAM-01_487_1788366200876.jpg
470,NOT_READABLE,,,bicycle,orange,westbound,CAM-01,Chiman bhai Bridge,23.0064,72.5698,APPROXIMATE,2026-06-14 00:55:22,overlay,2.73,evidence/CAM-01_571_1788366200893.jpg
471,NOT_READABLE,,,bus,purple,northbound,CAM-01,Chiman bhai Bridge,23.0064,72.5698,APPROXIMATE,2026-06-14 00:55:22,overlay,4.05,evidence/CAM-01_573_1788366200911.jpg
472,NOT_READABLE,,,motorcycle,blue,eastbound,CAM-01,Chiman bhai Bridge,23.0064,72.5698,APPROXIMATE,2026-06-14 00:55:22,overlay,2.50,evidence/CAM-01_575_1788366200948.jpg
473,NOT_READABLE,,,motorcycle,white,westbound,CAM-01,Chiman bhai Bridge,23.0064,72.5698,APPROXIMATE,2026-06-14 00:55:22,overlay,2.45,evidence/CAM-01_580_1788366201048.jpg
474,NOT_READABLE,,,bus,grey,westbound,CAM-01,Chiman bhai Bridge,23.0064,72.5698,APPROXIMATE,2026-06-14 00:55:22,overlay,5.09,evidence/CAM-01_589_1788366201164.jpg
475,NOT_READABLE,,,bicycle,grey,northbound,CAM-01,Chiman bhai Bridge,23.0064,72.5698,APPROXIMATE,2026-06-14 00:55:22,overlay,0.73,evidence/CAM-01_590_1788366201200.jpg
476,NOT_READABLE,,,car,grey,northbound,CAM-01,Chiman bhai Bridge,23.0064,72.5698,APPROXIMATE,2026-06-14 00:55:22,overlay,0.62,evidence/CAM-01_591_1788366201314.jpg
477,NOT_READABLE,,,car,black,eastbound,CAM-01,Chiman bhai Bridge,23.0064,72.5698,APPROXIMATE,2026-06-14 00:55:22,overlay,0.52,evidence/CAM-01_594_1788366201336.jpg
478,NOT_READABLE,,,bus,orange,eastbound,CAM-01,Chiman bhai Bridge,23.0064,72.5698,APPROXIMATE,2026-06-14 00:55:22,overlay,0.77,evidence/CAM-01_596_1788366201355.jpg
479,NOT_READABLE,,,car,blue,westbound,CAM-01,Chiman bhai Bridge,23.0064,72.5698,APPROXIMATE,2026-06-14 00:55:22,overlay,0.68,evidence/CAM-01_598_1788366201374.jpg
480,NOT_READABLE,,,truck,orange,eastbound,CAM-01,Chiman bhai Bridge,23.0064,72.5698,APPROXIMATE,2026-06-14 00:55:22,overlay,0.56,evidence/CAM-01_600_1788366201393.jpg
481,NOT_READABLE,,,bus,blue,stationary,CAM-01,Chiman bhai Bridge,23.0064,72.5698,APPROXIMATE,2026-06-14 00:55:22,overlay,0.40,evidence/CAM-01_605_1788366201415.jpg
482,NOT_READABLE,,,bicycle,grey,westbound,CAM-01,Chiman bhai Bridge,23.0064,72.5698,APPROXIMATE,2026-06-14 00:55:22,overlay,0.69,evidence/CAM-01_607_1788366201444.jpg
483,NOT_READABLE,,,car,yellow,westbound,CAM-01,Chiman bhai Bridge,23.0064,72.5698,APPROXIMATE,2026-06-14 00:55:22,overlay,0.88,evidence/CAM-01_608_1788366201568.jpg
484,NOT_READABLE,,,motorcycle,red,westbound,CAM-01,Chiman bhai Bridge,23.0064,72.5698,APPROXIMATE,2026-06-14 00:55:22,overlay,0.52,evidence/CAM-01_609_1788366201675.jpg
485,NOT_READABLE,,,motorcycle,yellow,westbound,CAM-01,Chiman bhai Bridge,23.0064,72.5698,APPROXIMATE,2026-06-14 00:55:22,overlay,0.90,evidence/CAM-01_612_1788366201722.jpg
486,NOT_READABLE,,,bus,grey,northbound,CAM-01,Chiman bhai Bridge,23.0064,72.5698,APPROXIMATE,2026-06-14 00:55:22,overlay,0.81,evidence/CAM-01_613_1788366201753.jpg
487,NOT_READABLE,,,car,grey,stationary,CAM-01,Chiman bhai Bridge,23.0064,72.5698,APPROXIMATE,2026-06-14 00:55:22,overlay,0.48,evidence/CAM-01_616_1788366201771.jpg
488,NOT_READABLE,,,motorcycle,red,northbound,CAM-01,Chiman bhai Bridge,23.0064,72.5698,APPROXIMATE,2026-06-14 00:55:22,overlay,0.73,evidence/CAM-01_618_1788366201789.jpg
489,NOT_READABLE,,,truck,grey,eastbound,CAM-01,Chiman bhai Bridge,23.0064,72.5698,APPROXIMATE,2026-06-14 00:55:22,overlay,3.35,evidence/CAM-01_619_1788366201806.jpg
490,NOT_READABLE,,,motorcycle,grey,westbound,CAM-01,Chiman bhai Bridge,23.0064,72.5698,APPROXIMATE,2026-06-14 00:55:22,overlay,0.42,evidence/CAM-01_620_1788366201825.jpg
491,NOT_READABLE,,,bicycle,yellow,eastbound,CAM-01,Chiman bhai Bridge,23.0064,72.5698,APPROXIMATE,2026-06-14 00:55:22,overlay,0.74,evidence/CAM-01_622_1788366201844.jpg
492,NOT_READABLE,,,truck,orange,eastbound,CAM-01,Chiman bhai Bridge,23.0064,72.5698,APPROXIMATE,2026-06-14 00:55:22,overlay,0.49,evidence/CAM-01_624_1788366201862.jpg
493,NOT_READABLE,,,bicycle,white,northbound,CAM-01,Chiman bhai Bridge,23.0064,72.5698,APPROXIMATE,2026-06-14 00:55:22,overlay,0.69,evidence/CAM-01_625_1788366201879.jpg
494,NOT_READABLE,,,car,blue,northbound,CAM-01,Chiman bhai Bridge,23.0064,72.5698,APPROXIMATE,2026-06-14 00:55:22,overlay,0.78,evidence/CAM-01_626_1788366201914.jpg
495,NOT_READABLE,,,motorcycle,red,eastbound,CAM-01,Chiman bhai Bridge,23.0064,72.5698,APPROXIMATE,2026-06-14 00:55:22,overlay,0.64,evidence/CAM-01_628_1788366201945.jpg
496,NOT_READABLE,,,motorcycle,red,eastbound,CAM-01,Chiman bhai Bridge,23.0064,72.5698,APPROXIMATE,2026-06-14 00:55:22,overlay,0.73,evidence/CAM-01_631_1788366201973.jpg
497,NOT_READABLE,,,bicycle,grey,eastbound,CAM-01,Chiman bhai Bridge,23.0064,72.5698,APPROXIMATE,2026-06-14 00:55:22,overlay,0.91,evidence/CAM-01_632_1788366202004.jpg
498,NOT_READABLE,,,motorcycle,blue,southbound,CAM-01,Chiman bhai Bridge,23.0064,72.5698,APPROXIMATE,2026-06-14 00:55:22,overlay,0.68,evidence/CAM-01_633_1788366202025.jpg
499,NOT_READABLE,,,car,blue,southbound,CAM-01,Chiman bhai Bridge,23.0064,72.5698,APPROXIMATE,2026-06-14 00:55:22,overlay,0.63,evidence/CAM-01_637_1788366202047.jpg
500,NOT_READABLE,,,truck,grey,eastbound,CAM-01,Chiman bhai Bridge,23.0064,72.5698,APPROXIMATE,2026-06-14 00:55:22,overlay,0.51,evidence/CAM-01_638_1788366202065.jpg
501,NOT_READABLE,,,motorcycle,blue,eastbound,CAM-01,Chiman bhai Bridge,23.0064,72.5698,APPROXIMATE,2026-06-14 00:55:22,overlay,0.66,evidence/CAM-01_640_1788366202085.jpg
502,NOT_READABLE,,,car,red,eastbound,CAM-01,Chiman bhai Bridge,23.0064,72.5698,APPROXIMATE,2026-06-14 00:55:22,overlay,0.73,evidence/CAM-01_642_1788366202107.jpg
503,NOT_READABLE,,,bicycle,red,northbound,CAM-01,Chiman bhai Bridge,23.0064,72.5698,APPROXIMATE,2026-06-14 00:55:22,overlay,0.60,evidence/CAM-01_643_1788366202123.jpg
504,NOT_READABLE,,,motorcycle,grey,westbound,CAM-01,Chiman bhai Bridge,23.0064,72.5698,APPROXIMATE,2026-06-14 00:55:22,overlay,0.51,evidence/CAM-01_650_1788366202168.jpg
505,NOT_READABLE,,,car,blue,northbound,CAM-01,Chiman bhai Bridge,23.0064,72.5698,APPROXIMATE,2026-06-14 00:55:22,overlay,0.36,evidence/CAM-01_655_1788366202247.jpg
506,NOT_READABLE,,,motorcycle,white,eastbound,CAM-01,Chiman bhai Bridge,23.0064,72.5698,APPROXIMATE,2026-06-14 00:55:22,overlay,0.41,evidence/CAM-01_661_1788366202263.jpg
508,NOT_READABLE,,,motorcycle,grey,southbound,CAM-01,Chiman bhai Bridge,23.0064,72.5698,APPROXIMATE,2026-06-14 00:55:22,overlay,0.45,evidence/CAM-01_662_1788366202367.jpg
510,NOT_READABLE,,,bus,white,eastbound,CAM-01,Chiman bhai Bridge,23.0064,72.5698,APPROXIMATE,2026-06-14 00:55:22,overlay,0.60,evidence/CAM-01_668_1788366202384.jpg
512,NOT_READABLE,,,car,blue,stationary,CAM-01,Chiman bhai Bridge,23.0064,72.5698,APPROXIMATE,2026-06-14 00:55:22,overlay,0.37,evidence/CAM-01_670_1788366202496.jpg
513,NOT_READABLE,,,motorcycle,red,westbound,CAM-01,Chiman bhai Bridge,23.0064,72.5698,APPROXIMATE,2026-06-14 00:55:22,overlay,0.59,evidence/CAM-01_671_1788366202534.jpg
514,NOT_READABLE,,,car,red,eastbound,CAM-01,Chiman bhai Bridge,23.0064,72.5698,APPROXIMATE,2026-06-14 00:55:22,overlay,0.43,evidence/CAM-01_675_1788366202554.jpg
515,NOT_READABLE,,,car,yellow,westbound,CAM-01,Chiman bhai Bridge,23.0064,72.5698,APPROXIMATE,2026-06-14 00:55:22,overlay,2.43,evidence/CAM-01_677_1788366202573.jpg
516,NOT_READABLE,,,truck,grey,southbound,CAM-01,Chiman bhai Bridge,23.0064,72.5698,APPROXIMATE,2026-06-14 00:55:22,overlay,0.76,evidence/CAM-01_681_1788366202592.jpg
517,NOT_READABLE,,,car,purple,southbound,CAM-01,Chiman bhai Bridge,23.0064,72.5698,APPROXIMATE,2026-06-14 00:55:22,overlay,0.41,evidence/CAM-01_689_1788366202610.jpg
518,NOT_READABLE,,,car,blue,eastbound,CAM-01,Chiman bhai Bridge,23.0064,72.5698,APPROXIMATE,2026-06-14 00:55:22,overlay,0.44,evidence/CAM-01_700_1788366202631.jpg
519,NOT_READABLE,,,car,grey,northbound,CAM-01,Chiman bhai Bridge,23.0064,72.5698,APPROXIMATE,2026-06-14 00:55:22,overlay,0.41,evidence/CAM-01_701_1788366202652.jpg
520,NOT_READABLE,,,truck,grey,southbound,CAM-01,Chiman bhai Bridge,23.0064,72.5698,APPROXIMATE,2026-06-14 00:55:22,overlay,0.61,evidence/CAM-01_704_1788366202671.jpg
522,NOT_READABLE,,,truck,white,northbound,CAM-01,Chiman bhai Bridge,23.0064,72.5698,APPROXIMATE,2026-06-14 00:55:22,overlay,0.50,evidence/CAM-01_706_1788366202744.jpg
524,NOT_READABLE,,,bus,blue,southbound,CAM-01,Chiman bhai Bridge,23.0064,72.5698,APPROXIMATE,2026-06-14 00:55:22,overlay,0.59,evidence/CAM-01_708_1788366202828.jpg
527,NOT_READABLE,,,bus,grey,northbound,CAM-01,Chiman bhai Bridge,23.0064,72.5698,APPROXIMATE,2026-06-14 00:55:22,overlay,0.61,evidence/CAM-01_710_1788366202861.jpg
530,NOT_READABLE,,,truck,yellow,southbound,CAM-01,Chiman bhai Bridge,23.0064,72.5698,APPROXIMATE,2026-06-14 00:55:22,overlay,0.41,evidence/CAM-01_718_1788366202880.jpg
533,NOT_READABLE,,,bicycle,grey,westbound,CAM-01,Chiman bhai Bridge,23.0064,72.5698,APPROXIMATE,2026-06-14 00:55:22,overlay,0.48,evidence/CAM-01_725_1788366202895.jpg
537,NOT_READABLE,,,motorcycle,black,northbound,CAM-01,Chiman bhai Bridge,23.0064,72.5698,APPROXIMATE,2026-06-14 00:55:22,overlay,0.48,evidence/CAM-01_730_1788366203040.jpg
540,NOT_READABLE,,,bicycle,grey,northbound,CAM-01,Chiman bhai Bridge,23.0064,72.5698,APPROXIMATE,2026-06-14 00:55:22,overlay,0.43,evidence/CAM-01_738_1788366203187.jpg
542,NOT_READABLE,,,bus,blue,stationary,CAM-01,Chiman bhai Bridge,23.0064,72.5698,APPROXIMATE,2026-06-14 00:55:22,overlay,0.53,evidence/CAM-01_745_1788366203205.jpg
550,NOT_READABLE,,,car,orange,westbound,CAM-01,Chiman bhai Bridge,23.0064,72.5698,APPROXIMATE,2026-06-14 00:55:22,overlay,0.46,evidence/CAM-01_652_1788366203753.jpg
552,NOT_READABLE,,,bus,blue,westbound,CAM-01,Chiman bhai Bridge,23.0064,72.5698,APPROXIMATE,2026-06-14 00:55:23,overlay,46.74,evidence/CAM-01_220_1788366204013.jpg
553,NOT_READABLE,,,truck,grey,westbound,CAM-01,Chiman bhai Bridge,23.0064,72.5698,APPROXIMATE,2026-06-14 00:55:23,overlay,62.13,evidence/CAM-01_227_1788366204021.jpg
554,NOT_READABLE,,,bicycle,grey,northbound,CAM-01,Chiman bhai Bridge,23.0064,72.5698,APPROXIMATE,2026-06-14 00:55:23,overlay,7.85,evidence/CAM-01_496_1788366204031.jpg
555,NOT_READABLE,,,motorcycle,grey,eastbound,CAM-01,Chiman bhai Bridge,23.0064,72.5698,APPROXIMATE,2026-06-14 00:55:23,overlay,3.81,evidence/CAM-01_565_1788366204040.jpg
556,NOT_READABLE,,,motorcycle,blue,westbound,CAM-01,Chiman bhai Bridge,23.0064,72.5698,APPROXIMATE,2026-06-14 00:55:23,overlay,1.94,evidence/CAM-01_567_1788366204049.jpg
557,NOT_READABLE,,,car,purple,southbound,CAM-01,Chiman bhai Bridge,23.0064,72.5698,APPROXIMATE,2026-06-14 00:55:23,overlay,4.49,evidence/CAM-01_568_1788366204058.jpg
558,NOT_READABLE,,,motorcycle,blue,northbound,CAM-01,Chiman bhai Bridge,23.0064,72.5698,APPROXIMATE,2026-06-14 00:55:23,overlay,0.95,evidence/CAM-01_570_1788366204112.jpg
559,NOT_READABLE,,,motorcycle,grey,eastbound,CAM-01,Chiman bhai Bridge,23.0064,72.5698,APPROXIMATE,2026-06-14 00:55:23,overlay,0.91,evidence/CAM-01_574_1788366204152.jpg
560,NOT_READABLE,,,car,blue,westbound,CAM-01,Chiman bhai Bridge,23.0064,72.5698,APPROXIMATE,2026-06-14 00:55:23,overlay,0.76,evidence/CAM-01_576_1788366204182.jpg
561,NOT_READABLE,,,truck,blue,eastbound,CAM-01,Chiman bhai Bridge,23.0064,72.5698,APPROXIMATE,2026-06-14 00:55:23,overlay,0.86,evidence/CAM-01_577_1788366204217.jpg
562,NOT_READABLE,,,truck,yellow,westbound,CAM-01,Chiman bhai Bridge,23.0064,72.5698,APPROXIMATE,2026-06-14 00:55:23,overlay,0.91,evidence/CAM-01_578_1788366204246.jpg
563,NOT_READABLE,,,bicycle,grey,westbound,CAM-01,Chiman bhai Bridge,23.0064,72.5698,APPROXIMATE,2026-06-14 00:55:23,overlay,2.65,evidence/CAM-01_582_1788366204266.jpg
564,NOT_READABLE,,,bus,yellow,eastbound,CAM-01,Chiman bhai Bridge,23.0064,72.5698,APPROXIMATE,2026-06-14 00:55:23,overlay,3.61,evidence/CAM-01_583_1788366204284.jpg
565,NOT_READABLE,,,bus,blue,westbound,CAM-01,Chiman bhai Bridge,23.0064,72.5698,APPROXIMATE,2026-06-14 00:55:23,overlay,0.84,evidence/CAM-01_584_1788366204302.jpg
566,NOT_READABLE,,,bicycle,grey,westbound,CAM-01,Chiman bhai Bridge,23.0064,72.5698,APPROXIMATE,2026-06-14 00:55:23,overlay,0.92,evidence/CAM-01_586_1788366204321.jpg
567,NOT_READABLE,,,car,grey,northbound,CAM-01,Chiman bhai Bridge,23.0064,72.5698,APPROXIMATE,2026-06-14 00:55:23,overlay,0.81,evidence/CAM-01_587_1788366204340.jpg
568,NOT_READABLE,,,truck,blue,westbound,CAM-01,Chiman bhai Bridge,23.0064,72.5698,APPROXIMATE,2026-06-14 00:55:23,overlay,0.85,evidence/CAM-01_588_1788366204349.jpg
569,NOT_READABLE,,,motorcycle,yellow,eastbound,CAM-01,Chiman bhai Bridge,23.0064,72.5698,APPROXIMATE,2026-06-14 00:55:23,overlay,0.71,evidence/CAM-01_592_1788366204380.jpg
570,NOT_READABLE,,,truck,yellow,southbound,CAM-01,Chiman bhai Bridge,23.0064,72.5698,APPROXIMATE,2026-06-14 00:55:23,overlay,0.92,evidence/CAM-01_593_1788366204474.jpg
571,NOT_READABLE,,,car,blue,southbound,CAM-01,Chiman bhai Bridge,23.0064,72.5698,APPROXIMATE,2026-06-14 00:55:23,overlay,0.44,evidence/CAM-01_595_1788366204572.jpg
572,NOT_READABLE,,,bus,grey,eastbound,CAM-01,Chiman bhai Bridge,23.0064,72.5698,APPROXIMATE,2026-06-14 00:55:23,overlay,0.71,evidence/CAM-01_599_1788366204591.jpg
573,NOT_READABLE,,,motorcycle,red,westbound,CAM-01,Chiman bhai Bridge,23.0064,72.5698,APPROXIMATE,2026-06-14 00:55:23,overlay,0.62,evidence/CAM-01_601_1788366204683.jpg
574,NOT_READABLE,,,motorcycle,blue,westbound,CAM-01,Chiman bhai Bridge,23.0064,72.5698,APPROXIMATE,2026-06-14 00:55:23,overlay,0.45,evidence/CAM-01_602_1788366204700.jpg
575,NOT_READABLE,,,car,blue,westbound,CAM-01,Chiman bhai Bridge,23.0064,72.5698,APPROXIMATE,2026-06-14 00:55:23,overlay,0.80,evidence/CAM-01_603_1788366204719.jpg
576,NOT_READABLE,,,motorcycle,grey,eastbound,CAM-01,Chiman bhai Bridge,23.0064,72.5698,APPROXIMATE,2026-06-14 00:55:23,overlay,0.86,evidence/CAM-01_604_1788366204738.jpg
577,NOT_READABLE,,,truck,yellow,westbound,CAM-01,Chiman bhai Bridge,23.0064,72.5698,APPROXIMATE,2026-06-14 00:55:23,overlay,0.81,evidence/CAM-01_606_1788366204755.jpg
578,NOT_READABLE,,,car,grey,southbound,CAM-01,Chiman bhai Bridge,23.0064,72.5698,APPROXIMATE,2026-06-14 00:55:23,overlay,0.54,evidence/CAM-01_610_1788366204773.jpg
579,NOT_READABLE,,,bicycle,grey,northbound,CAM-01,Chiman bhai Bridge,23.0064,72.5698,APPROXIMATE,2026-06-14 00:55:23,overlay,0.57,evidence/CAM-01_614_1788366204791.jpg
580,NOT_READABLE,,,car,blue,northbound,CAM-01,Chiman bhai Bridge,23.0064,72.5698,APPROXIMATE,2026-06-14 00:55:23,overlay,0.73,evidence/CAM-01_615_1788366204802.jpg
581,NOT_READABLE,,,motorcycle,yellow,southbound,CAM-01,Chiman bhai Bridge,23.0064,72.5698,APPROXIMATE,2026-06-14 00:55:23,overlay,0.62,evidence/CAM-01_617_1788366204907.jpg
582,NOT_READABLE,,,car,grey,southbound,CAM-01,Chiman bhai Bridge,23.0064,72.5698,APPROXIMATE,2026-06-14 00:55:23,overlay,0.59,evidence/CAM-01_621_1788366204940.jpg
583,NOT_READABLE,,,car,red,northbound,CAM-01,Chiman bhai Bridge,23.0064,72.5698,APPROXIMATE,2026-06-14 00:55:23,overlay,0.82,evidence/CAM-01_623_1788366204969.jpg
584,NOT_READABLE,,,truck,blue,northbound,CAM-01,Chiman bhai Bridge,23.0064,72.5698,APPROXIMATE,2026-06-14 00:55:23,overlay,0.46,evidence/CAM-01_627_1788366205067.jpg
585,NOT_READABLE,,,bicycle,grey,eastbound,CAM-01,Chiman bhai Bridge,23.0064,72.5698,APPROXIMATE,2026-06-14 00:55:23,overlay,0.64,evidence/CAM-01_630_1788366205184.jpg
586,NOT_READABLE,,,bus,grey,westbound,CAM-01,Chiman bhai Bridge,23.0064,72.5698,APPROXIMATE,2026-06-14 00:55:23,overlay,0.92,evidence/CAM-01_634_1788366205379.jpg
587,NOT_READABLE,,,bus,blue,eastbound,CAM-01,Chiman bhai Bridge,23.0064,72.5698,APPROXIMATE,2026-06-14 00:55:23,overlay,0.43,evidence/CAM-01_635_1788366205397.jpg
588,NOT_READABLE,,,motorcycle,grey,southbound,CAM-01,Chiman bhai Bridge,23.0064,72.5698,APPROXIMATE,2026-06-14 00:55:23,overlay,0.65,evidence/CAM-01_636_1788366205603.jpg
589,NOT_READABLE,,,bus,purple,eastbound,CAM-01,Chiman bhai Bridge,23.0064,72.5698,APPROXIMATE,2026-06-14 00:55:23,overlay,0.41,evidence/CAM-01_639_1788366205620.jpg
590,NOT_READABLE,,,car,blue,westbound,CAM-01,Chiman bhai Bridge,23.0064,72.5698,APPROXIMATE,2026-06-14 00:55:23,overlay,0.51,evidence/CAM-01_641_1788366205639.jpg
591,NOT_READABLE,,,car,grey,southbound,CAM-01,Chiman bhai Bridge,23.0064,72.5698,APPROXIMATE,2026-06-14 00:55:23,overlay,0.56,evidence/CAM-01_644_1788366205656.jpg
592,NOT_READABLE,,,bus,yellow,eastbound,CAM-01,Chiman bhai Bridge,23.0064,72.5698,APPROXIMATE,2026-06-14 00:55:23,overlay,0.59,evidence/CAM-01_645_1788366205675.jpg
593,NOT_READABLE,,,car,grey,westbound,CAM-01,Chiman bhai Bridge,23.0064,72.5698,APPROXIMATE,2026-06-14 00:55:23,overlay,0.43,evidence/CAM-01_648_1788366205690.jpg
594,NOT_READABLE,,,truck,grey,westbound,CAM-01,Chiman bhai Bridge,23.0064,72.5698,APPROXIMATE,2026-06-14 00:55:23,overlay,0.62,evidence/CAM-01_649_1788366205718.jpg
595,NOT_READABLE,,,car,blue,eastbound,CAM-01,Chiman bhai Bridge,23.0064,72.5698,APPROXIMATE,2026-06-14 00:55:23,overlay,0.53,evidence/CAM-01_653_1788366205745.jpg
596,NOT_READABLE,,,car,grey,eastbound,CAM-01,Chiman bhai Bridge,23.0064,72.5698,APPROXIMATE,2026-06-14 00:55:23,overlay,0.72,evidence/CAM-01_654_1788366205776.jpg
597,NOT_READABLE,,,bus,yellow,westbound,CAM-01,Chiman bhai Bridge,23.0064,72.5698,APPROXIMATE,2026-06-14 00:55:23,overlay,0.48,evidence/CAM-01_657_1788366205833.jpg
598,NOT_READABLE,,,bus,red,northbound,CAM-01,Chiman bhai Bridge,23.0064,72.5698,APPROXIMATE,2026-06-14 00:55:23,overlay,0.49,evidence/CAM-01_660_1788366205854.jpg
599,NOT_READABLE,,,motorcycle,grey,northbound,CAM-01,Chiman bhai Bridge,23.0064,72.5698,APPROXIMATE,2026-06-14 00:55:23,overlay,0.45,evidence/CAM-01_663_1788366205870.jpg
600,NOT_READABLE,,,motorcycle,red,southbound,CAM-01,Chiman bhai Bridge,23.0064,72.5698,APPROXIMATE,2026-06-14 00:55:23,overlay,0.41,evidence/CAM-01_665_1788366205889.jpg
601,NOT_READABLE,,,car,black,southbound,CAM-01,Chiman bhai Bridge,23.0064,72.5698,APPROXIMATE,2026-06-14 00:55:23,overlay,0.65,evidence/CAM-01_666_1788366205905.jpg
602,NOT_READABLE,,,bicycle,purple,eastbound,CAM-01,Chiman bhai Bridge,23.0064,72.5698,APPROXIMATE,2026-06-14 00:55:23,overlay,0.63,evidence/CAM-01_679_1788366205924.jpg
603,NOT_READABLE,,,motorcycle,blue,eastbound,CAM-01,Chiman bhai Bridge,23.0064,72.5698,APPROXIMATE,2026-06-14 00:55:23,overlay,0.43,evidence/CAM-01_697_1788366205949.jpg
605,NOT_READABLE,,,bus,grey,stationary,CAM-01,Chiman bhai Bridge,23.0064,72.5698,APPROXIMATE,2026-06-14 00:55:23,overlay,0.41,evidence/CAM-01_750_1788366205958.jpg
606,NOT_READABLE,,,car,grey,southbound,CAM-01,Chiman bhai Bridge,23.0064,72.5698,APPROXIMATE,2026-06-14 00:55:23,overlay,0.90,evidence/CAM-01_801_1788366205966.jpg
607,NOT_READABLE,,,bicycle,grey,westbound,CAM-01,Chiman bhai Bridge,23.0064,72.5698,APPROXIMATE,2026-06-14 00:55:23,overlay,0.84,evidence/CAM-01_806_1788366205973.jpg
609,NOT_READABLE,,,truck,blue,eastbound,CAM-01,Chiman bhai Bridge,23.0064,72.5698,APPROXIMATE,2026-06-14 00:55:23,overlay,0.82,evidence/CAM-01_809_1788366205981.jpg
610,NOT_READABLE,,,car,grey,northbound,CAM-01,Chiman bhai Bridge,23.0064,72.5698,APPROXIMATE,2026-06-14 00:55:23,overlay,0.65,evidence/CAM-01_810_1788366205991.jpg
611,NOT_READABLE,,,bicycle,blue,southbound,CAM-01,Chiman bhai Bridge,23.0064,72.5698,APPROXIMATE,2026-06-14 00:55:23,overlay,0.70,evidence/CAM-01_812_1788366206003.jpg
612,NOT_READABLE,,,truck,white,northbound,CAM-01,Chiman bhai Bridge,23.0064,72.5698,APPROXIMATE,2026-06-14 00:55:23,overlay,0.71,evidence/CAM-01_813_1788366206015.jpg
613,NOT_READABLE,,,motorcycle,blue,westbound,CAM-01,Chiman bhai Bridge,23.0064,72.5698,APPROXIMATE,2026-06-14 00:55:23,overlay,0.66,evidence/CAM-01_814_1788366206027.jpg
614,NOT_READABLE,,,motorcycle,grey,eastbound,CAM-01,Chiman bhai Bridge,23.0064,72.5698,APPROXIMATE,2026-06-14 00:55:23,overlay,0.42,evidence/CAM-01_816_1788366206038.jpg
615,NOT_READABLE,,,car,grey,eastbound,CAM-01,Chiman bhai Bridge,23.0064,72.5698,APPROXIMATE,2026-06-14 00:55:23,overlay,0.45,evidence/CAM-01_818_1788366206054.jpg
616,NOT_READABLE,,,bicycle,grey,southbound,CAM-01,Chiman bhai Bridge,23.0064,72.5698,APPROXIMATE,2026-06-14 00:55:23,overlay,0.71,evidence/CAM-01_820_1788366206065.jpg
617,NOT_READABLE,,,motorcycle,blue,westbound,CAM-01,Chiman bhai Bridge,23.0064,72.5698,APPROXIMATE,2026-06-14 00:55:23,overlay,0.66,evidence/CAM-01_821_1788366206082.jpg
618,NOT_READABLE,,,car,grey,southbound,CAM-01,Chiman bhai Bridge,23.0064,72.5698,APPROXIMATE,2026-06-14 00:55:23,overlay,0.72,evidence/CAM-01_822_1788366206094.jpg
619,NOT_READABLE,,,motorcycle,blue,westbound,CAM-01,Chiman bhai Bridge,23.0064,72.5698,APPROXIMATE,2026-06-14 00:55:23,overlay,0.86,evidence/CAM-01_825_1788366206106.jpg
620,NOT_READABLE,,,bus,grey,eastbound,CAM-01,Chiman bhai Bridge,23.0064,72.5698,APPROXIMATE,2026-06-14 00:55:23,overlay,0.77,evidence/CAM-01_827_1788366206118.jpg
621,NOT_READABLE,,,motorcycle,grey,southbound,CAM-01,Chiman bhai Bridge,23.0064,72.5698,APPROXIMATE,2026-06-14 00:55:23,overlay,0.81,evidence/CAM-01_830_1788366206132.jpg
622,NOT_READABLE,,,truck,grey,westbound,CAM-01,Chiman bhai Bridge,23.0064,72.5698,APPROXIMATE,2026-06-14 00:55:23,overlay,0.66,evidence/CAM-01_833_1788366206147.jpg
623,NOT_READABLE,,,car,red,westbound,CAM-01,Chiman bhai Bridge,23.0064,72.5698,APPROXIMATE,2026-06-14 00:55:23,overlay,0.51,evidence/CAM-01_834_1788366206160.jpg
624,NOT_READABLE,,,bus,yellow,stationary,CAM-01,Chiman bhai Bridge,23.0064,72.5698,APPROXIMATE,2026-06-14 00:55:23,overlay,0.49,evidence/CAM-01_836_1788366206171.jpg
625,NOT_READABLE,,,bus,purple,eastbound,CAM-01,Chiman bhai Bridge,23.0064,72.5698,APPROXIMATE,2026-06-14 00:55:23,overlay,0.76,evidence/CAM-01_838_1788366206179.jpg
626,NOT_READABLE,,,bus,grey,westbound,CAM-01,Chiman bhai Bridge,23.0064,72.5698,APPROXIMATE,2026-06-14 00:55:23,overlay,0.48,evidence/CAM-01_840_1788366206187.jpg
627,NOT_READABLE,,,bicycle,orange,westbound,CAM-01,Chiman bhai Bridge,23.0064,72.5698,APPROXIMATE,2026-06-14 00:55:23,overlay,0.78,evidence/CAM-01_846_1788366206194.jpg
628,NOT_READABLE,,,truck,grey,southbound,CAM-01,Chiman bhai Bridge,23.0064,72.5698,APPROXIMATE,2026-06-14 00:55:23,overlay,0.61,evidence/CAM-01_847_1788366206202.jpg
629,NOT_READABLE,,,bus,white,westbound,CAM-01,Chiman bhai Bridge,23.0064,72.5698,APPROXIMATE,2026-06-14 00:55:23,overlay,0.78,evidence/CAM-01_851_1788366206210.jpg
630,NOT_READABLE,,,bus,purple,northbound,CAM-01,Chiman bhai Bridge,23.0064,72.5698,APPROXIMATE,2026-06-14 00:55:23,overlay,0.38,evidence/CAM-01_852_1788366206217.jpg
631,NOT_READABLE,,,bicycle,blue,westbound,CAM-01,Chiman bhai Bridge,23.0064,72.5698,APPROXIMATE,2026-06-14 00:55:23,overlay,0.74,evidence/CAM-01_856_1788366206224.jpg
632,NOT_READABLE,,,bus,grey,westbound,CAM-01,Chiman bhai Bridge,23.0064,72.5698,APPROXIMATE,2026-06-14 00:55:23,overlay,0.63,evidence/CAM-01_857_1788366206232.jpg
633,NOT_READABLE,,,truck,grey,southbound,CAM-01,Chiman bhai Bridge,23.0064,72.5698,APPROXIMATE,2026-06-14 00:55:23,overlay,0.63,evidence/CAM-01_860_1788366206238.jpg
634,NOT_READABLE,,,truck,yellow,northbound,CAM-01,Chiman bhai Bridge,23.0064,72.5698,APPROXIMATE,2026-06-14 00:55:23,overlay,0.54,evidence/CAM-01_865_1788366206244.jpg
635,NOT_READABLE,,,bicycle,grey,eastbound,CAM-01,Chiman bhai Bridge,23.0064,72.5698,APPROXIMATE,2026-06-14 00:55:23,overlay,0.38,evidence/CAM-01_867_1788366206250.jpg
636,NOT_READABLE,,,bicycle,white,northbound,CAM-01,Chiman bhai Bridge,23.0064,72.5698,APPROXIMATE,2026-06-14 00:55:23,overlay,0.52,evidence/CAM-01_876_1788366206257.jpg
637,NOT_READABLE,,,truck,grey,westbound,CAM-01,Chiman bhai Bridge,23.0064,72.5698,APPROXIMATE,2026-06-14 00:55:23,overlay,0.42,evidence/CAM-01_879_1788366206263.jpg
638,NOT_READABLE,,,truck,grey,eastbound,CAM-01,Chiman bhai Bridge,23.0064,72.5698,APPROXIMATE,2026-06-14 00:55:23,overlay,0.54,evidence/CAM-01_882_1788366206271.jpg
639,NOT_READABLE,,,car,grey,westbound,CAM-01,Chiman bhai Bridge,23.0064,72.5698,APPROXIMATE,2026-06-14 00:55:23,overlay,0.51,evidence/CAM-01_883_1788366206278.jpg
640,NOT_READABLE,,,bicycle,grey,northbound,CAM-01,Chiman bhai Bridge,23.0064,72.5698,APPROXIMATE,2026-06-14 00:55:23,overlay,0.49,evidence/CAM-01_885_1788366206284.jpg
641,NOT_READABLE,,,bus,grey,westbound,CAM-01,Chiman bhai Bridge,23.0064,72.5698,APPROXIMATE,2026-06-14 00:55:23,overlay,0.52,evidence/CAM-01_890_1788366206290.jpg
642,NOT_READABLE,,,bicycle,grey,eastbound,CAM-01,Chiman bhai Bridge,23.0064,72.5698,APPROXIMATE,2026-06-14 00:55:23,overlay,0.64,evidence/CAM-01_894_1788366206297.jpg
643,NOT_READABLE,,,bus,purple,westbound,CAM-01,Chiman bhai Bridge,23.0064,72.5698,APPROXIMATE,2026-06-14 00:55:23,overlay,0.46,evidence/CAM-01_899_1788366206306.jpg
644,NOT_READABLE,,,car,white,westbound,CAM-01,Chiman bhai Bridge,23.0064,72.5698,APPROXIMATE,2026-06-14 00:55:23,overlay,0.42,evidence/CAM-01_907_1788366206313.jpg
645,NOT_READABLE,,,bicycle,grey,stationary,CAM-01,Chiman bhai Bridge,23.0064,72.5698,APPROXIMATE,2026-06-14 00:55:23,overlay,0.39,evidence/CAM-01_914_1788366206318.jpg
646,NOT_READABLE,,,car,grey,stationary,CAM-01,Chiman bhai Bridge,23.0064,72.5698,APPROXIMATE,2026-06-14 00:55:23,overlay,0.66,evidence/CAM-01_917_1788366206323.jpg
647,NOT_READABLE,,,bus,blue,southbound,CAM-01,Chiman bhai Bridge,23.0064,72.5698,APPROXIMATE,2026-06-14 00:55:23,overlay,0.47,evidence/CAM-01_919_1788366206329.jpg
648,NOT_READABLE,,,truck,grey,southbound,CAM-01,Chiman bhai Bridge,23.0064,72.5698,APPROXIMATE,2026-06-14 00:55:23,overlay,0.61,evidence/CAM-01_903_1788366206501.jpg
649,NOT_READABLE,,,truck,grey,southbound,CAM-01,Chiman bhai Bridge,23.0064,72.5698,APPROXIMATE,2026-06-14 00:55:24,overlay,5.98,evidence/CAM-01_563_1788366206641.jpg
650,NOT_READABLE,,,bicycle,grey,southbound,CAM-01,Chiman bhai Bridge,23.0064,72.5698,APPROXIMATE,2026-06-14 00:55:24,overlay,7.14,evidence/CAM-01_597_1788366206880.jpg
651,NOT_READABLE,,,car,grey,northbound,CAM-01,Chiman bhai Bridge,23.0064,72.5698,APPROXIMATE,2026-06-14 00:55:24,overlay,3.87,evidence/CAM-01_564_1788366207094.jpg
652,NOT_READABLE,,,bus,grey,westbound,CAM-01,Chiman bhai Bridge,23.0064,72.5698,APPROXIMATE,2026-06-14 00:55:24,overlay,7.07,evidence/CAM-01_566_1788366207101.jpg
653,NOT_READABLE,,,truck,grey,southbound,CAM-01,Chiman bhai Bridge,23.0064,72.5698,APPROXIMATE,2026-06-14 00:55:24,overlay,3.85,evidence/CAM-01_569_1788366207111.jpg
654,NOT_READABLE,,,car,blue,southbound,CAM-01,Chiman bhai Bridge,23.0064,72.5698,APPROXIMATE,2026-06-14 00:55:24,overlay,3.69,evidence/CAM-01_572_1788366207118.jpg
655,NOT_READABLE,,,car,yellow,eastbound,CAM-01,Chiman bhai Bridge,23.0064,72.5698,APPROXIMATE,2026-06-14 00:55:24,overlay,2.83,evidence/CAM-01_579_1788366207125.jpg
656,NOT_READABLE,,,car,red,eastbound,CAM-01,Chiman bhai Bridge,23.0064,72.5698,APPROXIMATE,2026-06-14 00:55:24,overlay,2.20,evidence/CAM-01_585_1788366207132.jpg
657,NOT_READABLE,,,motorcycle,grey,stationary,CAM-01,Chiman bhai Bridge,23.0064,72.5698,APPROXIMATE,2026-06-14 00:55:24,overlay,6.30,evidence/CAM-01_798_1788366207139.jpg
658,NOT_READABLE,,,bicycle,grey,westbound,CAM-01,Chiman bhai Bridge,23.0064,72.5698,APPROXIMATE,2026-06-14 00:55:24,overlay,0.99,evidence/CAM-01_799_1788366207145.jpg
659,NOT_READABLE,,,truck,yellow,westbound,CAM-01,Chiman bhai Bridge,23.0064,72.5698,APPROXIMATE,2026-06-14 00:55:24,overlay,2.46,evidence/CAM-01_800_1788366207159.jpg
660,NOT_READABLE,,,bicycle,blue,northbound,CAM-01,Chiman bhai Bridge,23.0064,72.5698,APPROXIMATE,2026-06-14 00:55:24,overlay,5.39,evidence/CAM-01_803_1788366207171.jpg
661,NOT_READABLE,,,bus,blue,westbound,CAM-01,Chiman bhai Bridge,23.0064,72.5698,APPROXIMATE,2026-06-14 00:55:24,overlay,3.22,evidence/CAM-01_804_1788366207186.jpg
662,NOT_READABLE,,,bicycle,grey,northbound,CAM-01,Chiman bhai Bridge,23.0064,72.5698,APPROXIMATE,2026-06-14 00:55:24,overlay,6.02,evidence/CAM-01_807_1788366207198.jpg
663,NOT_READABLE,,,car,yellow,eastbound,CAM-01,Chiman bhai Bridge,23.0064,72.5698,APPROXIMATE,2026-06-14 00:55:24,overlay,0.77,evidence/CAM-01_911_1788366207210.jpg
664,NOT_READABLE,,,bicycle,,stationary,CAM-01,Chiman bhai Bridge,23.0064,72.5698,APPROXIMATE,2026-06-14 00:55:24,overlay,3.82,evidence/CAM-01_1014_1788366207222.jpg
665,NOT_READABLE,,,truck,,stationary,CAM-01,Chiman bhai Bridge,23.0064,72.5698,APPROXIMATE,2026-06-14 00:55:24,overlay,6.80,evidence/CAM-01_1015_1788366207233.jpg
666,NOT_READABLE,,,car,,westbound,CAM-01,Chiman bhai Bridge,23.0064,72.5698,APPROXIMATE,2026-06-14 00:55:24,overlay,4.79,evidence/CAM-01_1016_1788366207240.jpg
667,NOT_READABLE,,,car,,eastbound,CAM-01,Chiman bhai Bridge,23.0064,72.5698,APPROXIMATE,2026-06-14 00:55:24,overlay,5.62,evidence/CAM-01_1019_1788366207248.jpg
668,NOT_READABLE,,,truck,,eastbound,CAM-01,Chiman bhai Bridge,23.0064,72.5698,APPROXIMATE,2026-06-14 00:55:24,overlay,7.53,evidence/CAM-01_1024_1788366207255.jpg
669,NOT_READABLE,,,truck,,westbound,CAM-01,Chiman bhai Bridge,23.0064,72.5698,APPROXIMATE,2026-06-14 00:55:24,overlay,4.85,evidence/CAM-01_1025_1788366207261.jpg
670,NOT_READABLE,,,car,,southbound,CAM-01,Chiman bhai Bridge,23.0064,72.5698,APPROXIMATE,2026-06-14 00:55:24,overlay,5.23,evidence/CAM-01_1026_1788366207268.jpg
671,NOT_READABLE,,,car,grey,stationary,CAM-01,Chiman bhai Bridge,23.0064,72.5698,APPROXIMATE,2026-06-14 00:55:25,overlay,0.46,evidence/CAM-01_797_1788366207373.jpg
672,NOT_READABLE,,,car,white,eastbound,CAM-01,Chiman bhai Bridge,23.0064,72.5698,APPROXIMATE,2026-06-14 00:55:27,overlay,0.72,evidence/CAM-01_1038_1788366207982.jpg
1417,NOT_READABLE,,,car,white,eastbound,CAM-13,CN-VIDHYALAYA,23.0284,72.5541,APPROXIMATE,2026-06-14 00:55:30,overlay,0.87,evidence/CAM-13_1521_1788366272249.jpg
1419,NOT_READABLE,,,motorcycle,grey,westbound,CAM-13,CN-VIDHYALAYA,23.0284,72.5541,APPROXIMATE,2026-06-14 00:55:30,overlay,0.96,evidence/CAM-13_1593_1788366272266.jpg
1421,NOT_READABLE,,,motorcycle,grey,northbound,CAM-13,CN-VIDHYALAYA,23.0284,72.5541,APPROXIMATE,2026-06-14 00:55:30,overlay,0.93,evidence/CAM-13_1609_1788366272281.jpg
1423,NOT_READABLE,,,car,grey,northbound,CAM-13,CN-VIDHYALAYA,23.0284,72.5541,APPROXIMATE,2026-06-14 00:55:30,overlay,0.95,evidence/CAM-13_1616_1788366272296.jpg
1425,NOT_READABLE,,,truck,grey,northbound,CAM-13,CN-VIDHYALAYA,23.0284,72.5541,APPROXIMATE,2026-06-14 00:55:30,overlay,0.70,evidence/CAM-13_1632_1788366272311.jpg
1427,NOT_READABLE,,,bicycle,grey,westbound,CAM-13,CN-VIDHYALAYA,23.0284,72.5541,APPROXIMATE,2026-06-14 00:55:30,overlay,0.79,evidence/CAM-13_1639_1788366272326.jpg
1429,NOT_READABLE,,,bicycle,grey,southbound,CAM-13,CN-VIDHYALAYA,23.0284,72.5541,APPROXIMATE,2026-06-14 00:55:30,overlay,0.44,evidence/CAM-13_1671_1788366272342.jpg
1431,NOT_READABLE,,,motorcycle,grey,southbound,CAM-13,CN-VIDHYALAYA,23.0284,72.5541,APPROXIMATE,2026-06-14 00:55:30,overlay,0.55,evidence/CAM-13_1714_1788366272357.jpg
1433,NOT_READABLE,,,motorcycle,white,stationary,CAM-13,CN-VIDHYALAYA,23.0284,72.5541,APPROXIMATE,2026-06-14 00:55:30,overlay,0.46,evidence/CAM-13_1724_1788366272373.jpg
1435,NOT_READABLE,,,motorcycle,grey,stationary,CAM-13,CN-VIDHYALAYA,23.0284,72.5541,APPROXIMATE,2026-06-14 00:55:30,overlay,0.52,evidence/CAM-13_1749_1788366272389.jpg
1437,NOT_READABLE,,,car,white,eastbound,CAM-13,CN-VIDHYALAYA,23.0284,72.5541,APPROXIMATE,2026-06-14 00:55:30,overlay,0.99,evidence/CAM-13_1785_1788366272407.jpg
1446,NOT_READABLE,,,car,grey,eastbound,CAM-13,CN-VIDHYALAYA,23.0284,72.5541,APPROXIMATE,2026-06-14 00:55:30,overlay,0.55,evidence/CAM-13_1878_1788366273605.jpg
1450,NOT_READABLE,,,car,grey,southbound,CAM-13,CN-VIDHYALAYA,23.0284,72.5541,APPROXIMATE,2026-06-14 00:55:31,overlay,0.89,evidence/CAM-13_1818_1788366275561.jpg
1457,NOT_READABLE,,,car,grey,southbound,CAM-13,CN-VIDHYALAYA,23.0284,72.5541,APPROXIMATE,2026-06-14 00:55:31,overlay,0.60,evidence/CAM-13_1829_1788366283019.jpg
1459,NOT_READABLE,,,car,grey,stationary,CAM-13,CN-VIDHYALAYA,23.0284,72.5541,APPROXIMATE,2026-06-14 00:55:31,overlay,0.93,evidence/CAM-13_1918_1788366283071.jpg
780,NOT_READABLE,,,car,red,eastbound,CAM-05,Visat teen Rasta,23.1192572,72.5656704,GEOCODED,2026-06-14 00:55:31,overlay,0.40,evidence/CAM-05_2002_1788366222700.jpg
679,NOT_READABLE,,,car,yellow,stationary,CAM-01,Chiman bhai Bridge,23.0064,72.5698,APPROXIMATE,2026-06-14 00:55:33,overlay,0.48,evidence/CAM-01_1034_1788366210814.jpg
1470,NOT_READABLE,,,motorcycle,grey,westbound,CAM-13,CN-VIDHYALAYA,23.0284,72.5541,APPROXIMATE,2026-06-14 00:55:34,overlay,8.73,evidence/CAM-13_2005_1788366291449.jpg
1472,NOT_READABLE,,,car,grey,southbound,CAM-13,CN-VIDHYALAYA,23.0284,72.5541,APPROXIMATE,2026-06-14 00:55:34,overlay,5.69,evidence/CAM-13_2014_1788366291465.jpg
1474,NOT_READABLE,,,bicycle,grey,westbound,CAM-13,CN-VIDHYALAYA,23.0284,72.5541,APPROXIMATE,2026-06-14 00:55:34,overlay,1.05,evidence/CAM-13_2015_1788366291481.jpg
1476,NOT_READABLE,,,bus,black,northbound,CAM-13,CN-VIDHYALAYA,23.0284,72.5541,APPROXIMATE,2026-06-14 00:55:34,overlay,2.27,evidence/CAM-13_2018_1788366291497.jpg
1478,NOT_READABLE,,,bus,,stationary,CAM-13,CN-VIDHYALAYA,23.0284,72.5541,APPROXIMATE,2026-06-14 00:55:34,overlay,12.66,evidence/CAM-13_2031_1788366291514.jpg
1480,NOT_READABLE,,,car,,stationary,CAM-13,CN-VIDHYALAYA,23.0284,72.5541,APPROXIMATE,2026-06-14 00:55:34,overlay,11.72,evidence/CAM-13_2032_1788366291532.jpg
1482,NOT_READABLE,,,car,,southbound,CAM-13,CN-VIDHYALAYA,23.0284,72.5541,APPROXIMATE,2026-06-14 00:55:34,overlay,12.08,evidence/CAM-13_2037_1788366291547.jpg
1484,NOT_READABLE,,,bicycle,,northbound,CAM-13,CN-VIDHYALAYA,23.0284,72.5541,APPROXIMATE,2026-06-14 00:55:34,overlay,17.64,evidence/CAM-13_2040_1788366291564.jpg
1487,NOT_READABLE,,,bicycle,,eastbound,CAM-13,CN-VIDHYALAYA,23.0284,72.5541,APPROXIMATE,2026-06-14 00:55:34,overlay,8.31,evidence/CAM-13_2041_1788366291589.jpg
1488,NOT_READABLE,,,motorcycle,,westbound,CAM-13,CN-VIDHYALAYA,23.0284,72.5541,APPROXIMATE,2026-06-14 00:55:34,overlay,9.90,evidence/CAM-13_2042_1788366291622.jpg
1490,NOT_READABLE,,,bus,,westbound,CAM-13,CN-VIDHYALAYA,23.0284,72.5541,APPROXIMATE,2026-06-14 00:55:34,overlay,8.11,evidence/CAM-13_2043_1788366291647.jpg
1492,NOT_READABLE,,,motorcycle,,southbound,CAM-13,CN-VIDHYALAYA,23.0284,72.5541,APPROXIMATE,2026-06-14 00:55:34,overlay,3.68,evidence/CAM-13_2044_1788366291678.jpg
1494,NOT_READABLE,,,motorcycle,,northbound,CAM-13,CN-VIDHYALAYA,23.0284,72.5541,APPROXIMATE,2026-06-14 00:55:34,overlay,6.23,evidence/CAM-13_2046_1788366291709.jpg
1496,NOT_READABLE,,,bus,,eastbound,CAM-13,CN-VIDHYALAYA,23.0284,72.5541,APPROXIMATE,2026-06-14 00:55:34,overlay,11.55,evidence/CAM-13_2047_1788366291741.jpg
1498,NOT_READABLE,,,truck,,southbound,CAM-13,CN-VIDHYALAYA,23.0284,72.5541,APPROXIMATE,2026-06-14 00:55:34,overlay,6.00,evidence/CAM-13_2051_1788366291775.jpg
1500,NOT_READABLE,,,motorcycle,grey,southbound,CAM-13,CN-VIDHYALAYA,23.0284,72.5541,APPROXIMATE,2026-06-14 00:55:34,overlay,0.97,evidence/CAM-13_2053_1788366291799.jpg
1501,NOT_READABLE,,,motorcycle,grey,stationary,CAM-13,CN-VIDHYALAYA,23.0284,72.5541,APPROXIMATE,2026-06-14 00:55:34,overlay,0.87,evidence/CAM-13_2054_1788366291825.jpg
1503,NOT_READABLE,,,motorcycle,white,southbound,CAM-13,CN-VIDHYALAYA,23.0284,72.5541,APPROXIMATE,2026-06-14 00:55:34,overlay,0.98,evidence/CAM-13_2055_1788366291864.jpg
1505,NOT_READABLE,,,car,grey,southbound,CAM-13,CN-VIDHYALAYA,23.0284,72.5541,APPROXIMATE,2026-06-14 00:55:34,overlay,5.60,evidence/CAM-13_2056_1788366291889.jpg
1507,NOT_READABLE,,,truck,grey,northbound,CAM-13,CN-VIDHYALAYA,23.0284,72.5541,APPROXIMATE,2026-06-14 00:55:34,overlay,0.89,evidence/CAM-13_2061_1788366291922.jpg
1509,NOT_READABLE,,,motorcycle,grey,eastbound,CAM-13,CN-VIDHYALAYA,23.0284,72.5541,APPROXIMATE,2026-06-14 00:55:34,overlay,0.91,evidence/CAM-13_2067_1788366291971.jpg
1511,NOT_READABLE,,,bicycle,grey,northbound,CAM-13,CN-VIDHYALAYA,23.0284,72.5541,APPROXIMATE,2026-06-14 00:55:34,overlay,0.97,evidence/CAM-13_2071_1788366292019.jpg
1512,NOT_READABLE,,,truck,grey,eastbound,CAM-13,CN-VIDHYALAYA,23.0284,72.5541,APPROXIMATE,2026-06-14 00:55:34,overlay,0.73,evidence/CAM-13_2072_1788366292063.jpg
1514,NOT_READABLE,,,truck,black,westbound,CAM-13,CN-VIDHYALAYA,23.0284,72.5541,APPROXIMATE,2026-06-14 00:55:34,overlay,0.78,evidence/CAM-13_2073_1788366292088.jpg
1516,NOT_READABLE,,,car,red,westbound,CAM-13,CN-VIDHYALAYA,23.0284,72.5541,APPROXIMATE,2026-06-14 00:55:34,overlay,0.53,evidence/CAM-13_2075_1788366292132.jpg
1518,NOT_READABLE,,,car,black,westbound,CAM-13,CN-VIDHYALAYA,23.0284,72.5541,APPROXIMATE,2026-06-14 00:55:34,overlay,0.89,evidence/CAM-13_2091_1788366292159.jpg
1520,NOT_READABLE,,,motorcycle,grey,northbound,CAM-13,CN-VIDHYALAYA,23.0284,72.5541,APPROXIMATE,2026-06-14 00:55:34,overlay,0.72,evidence/CAM-13_2099_1788366292202.jpg
1522,NOT_READABLE,,,car,grey,westbound,CAM-13,CN-VIDHYALAYA,23.0284,72.5541,APPROXIMATE,2026-06-14 00:55:34,overlay,0.45,evidence/CAM-13_2118_1788366292233.jpg
1524,NOT_READABLE,,,bicycle,black,northbound,CAM-13,CN-VIDHYALAYA,23.0284,72.5541,APPROXIMATE,2026-06-14 00:55:34,overlay,0.68,evidence/CAM-13_2147_1788366292267.jpg
1526,NOT_READABLE,,,bus,black,westbound,CAM-13,CN-VIDHYALAYA,23.0284,72.5541,APPROXIMATE,2026-06-14 00:55:34,overlay,0.72,evidence/CAM-13_2175_1788366292454.jpg
1529,NOT_READABLE,,,bicycle,,stationary,CAM-13,CN-VIDHYALAYA,23.0284,72.5541,APPROXIMATE,2026-06-14 00:55:34,overlay,7.90,evidence/CAM-13_2190_1788366292656.jpg
1551,NOT_READABLE,,,car,grey,eastbound,CAM-13,CN-VIDHYALAYA,23.0284,72.5541,APPROXIMATE,2026-06-14 00:55:35,overlay,1.31,evidence/CAM-13_1584_1788366294143.jpg
1553,NOT_READABLE,,,car,grey,westbound,CAM-13,CN-VIDHYALAYA,23.0284,72.5541,APPROXIMATE,2026-06-14 00:55:35,overlay,8.55,evidence/CAM-13_2001_1788366294167.jpg
1554,NOT_READABLE,,,bicycle,grey,eastbound,CAM-13,CN-VIDHYALAYA,23.0284,72.5541,APPROXIMATE,2026-06-14 00:55:35,overlay,9.01,evidence/CAM-13_2006_1788366294208.jpg
1555,NOT_READABLE,,,bus,grey,westbound,CAM-13,CN-VIDHYALAYA,23.0284,72.5541,APPROXIMATE,2026-06-14 00:55:35,overlay,2.01,evidence/CAM-13_2007_1788366294293.jpg
1556,NOT_READABLE,,,bus,black,southbound,CAM-13,CN-VIDHYALAYA,23.0284,72.5541,APPROXIMATE,2026-06-14 00:55:35,overlay,1.98,evidence/CAM-13_2022_1788366294325.jpg
1557,NOT_READABLE,,,motorcycle,grey,southbound,CAM-13,CN-VIDHYALAYA,23.0284,72.5541,APPROXIMATE,2026-06-14 00:55:35,overlay,4.46,evidence/CAM-13_2023_1788366294459.jpg
1558,NOT_READABLE,,,bicycle,black,northbound,CAM-13,CN-VIDHYALAYA,23.0284,72.5541,APPROXIMATE,2026-06-14 00:55:35,overlay,11.45,evidence/CAM-13_2025_1788366294490.jpg
1559,NOT_READABLE,,,truck,black,westbound,CAM-13,CN-VIDHYALAYA,23.0284,72.5541,APPROXIMATE,2026-06-14 00:55:35,overlay,2.29,evidence/CAM-13_2028_1788366294557.jpg
1560,NOT_READABLE,,,motorcycle,,eastbound,CAM-13,CN-VIDHYALAYA,23.0284,72.5541,APPROXIMATE,2026-06-14 00:55:35,overlay,13.81,evidence/CAM-13_2030_1788366294691.jpg
1561,NOT_READABLE,,,motorcycle,,eastbound,CAM-13,CN-VIDHYALAYA,23.0284,72.5541,APPROXIMATE,2026-06-14 00:55:35,overlay,7.08,evidence/CAM-13_2036_1788366294728.jpg
1562,NOT_READABLE,,,truck,,southbound,CAM-13,CN-VIDHYALAYA,23.0284,72.5541,APPROXIMATE,2026-06-14 00:55:35,overlay,11.58,evidence/CAM-13_2045_1788366294784.jpg
1563,NOT_READABLE,,,motorcycle,grey,eastbound,CAM-13,CN-VIDHYALAYA,23.0284,72.5541,APPROXIMATE,2026-06-14 00:55:35,overlay,1.89,evidence/CAM-13_2063_1788366294808.jpg
1564,NOT_READABLE,,,motorcycle,grey,westbound,CAM-13,CN-VIDHYALAYA,23.0284,72.5541,APPROXIMATE,2026-06-14 00:55:35,overlay,2.15,evidence/CAM-13_2068_1788366294872.jpg
1565,NOT_READABLE,,,car,grey,eastbound,CAM-13,CN-VIDHYALAYA,23.0284,72.5541,APPROXIMATE,2026-06-14 00:55:35,overlay,0.74,evidence/CAM-13_2076_1788366294934.jpg
1566,NOT_READABLE,,,bicycle,red,stationary,CAM-13,CN-VIDHYALAYA,23.0284,72.5541,APPROXIMATE,2026-06-14 00:55:35,overlay,0.89,evidence/CAM-13_2081_1788366295062.jpg
1567,NOT_READABLE,,,bus,grey,westbound,CAM-13,CN-VIDHYALAYA,23.0284,72.5541,APPROXIMATE,2026-06-14 00:55:35,overlay,0.85,evidence/CAM-13_2082_1788366295107.jpg
1568,NOT_READABLE,,,motorcycle,grey,westbound,CAM-13,CN-VIDHYALAYA,23.0284,72.5541,APPROXIMATE,2026-06-14 00:55:35,overlay,0.86,evidence/CAM-13_2100_1788366295134.jpg
1569,NOT_READABLE,,,bus,grey,westbound,CAM-13,CN-VIDHYALAYA,23.0284,72.5541,APPROXIMATE,2026-06-14 00:55:35,overlay,10.97,evidence/CAM-13_2101_1788366295164.jpg
1570,NOT_READABLE,,,truck,grey,northbound,CAM-13,CN-VIDHYALAYA,23.0284,72.5541,APPROXIMATE,2026-06-14 00:55:35,overlay,0.76,evidence/CAM-13_2102_1788366295192.jpg
1571,NOT_READABLE,,,bus,green,eastbound,CAM-13,CN-VIDHYALAYA,23.0284,72.5541,APPROXIMATE,2026-06-14 00:55:35,overlay,0.61,evidence/CAM-13_2108_1788366295223.jpg
1572,NOT_READABLE,,,bus,grey,westbound,CAM-13,CN-VIDHYALAYA,23.0284,72.5541,APPROXIMATE,2026-06-14 00:55:35,overlay,9.97,evidence/CAM-13_2122_1788366295247.jpg
1573,NOT_READABLE,,,bicycle,grey,southbound,CAM-13,CN-VIDHYALAYA,23.0284,72.5541,APPROXIMATE,2026-06-14 00:55:35,overlay,0.49,evidence/CAM-13_2124_1788366295352.jpg
1574,NOT_READABLE,,,bus,grey,westbound,CAM-13,CN-VIDHYALAYA,23.0284,72.5541,APPROXIMATE,2026-06-14 00:55:35,overlay,0.73,evidence/CAM-13_2132_1788366295416.jpg
1575,NOT_READABLE,,,truck,grey,eastbound,CAM-13,CN-VIDHYALAYA,23.0284,72.5541,APPROXIMATE,2026-06-14 00:55:35,overlay,0.78,evidence/CAM-13_2133_1788366295489.jpg
1576,NOT_READABLE,,,car,grey,stationary,CAM-13,CN-VIDHYALAYA,23.0284,72.5541,APPROXIMATE,2026-06-14 00:55:35,overlay,0.54,evidence/CAM-13_2142_1788366295612.jpg
1577,NOT_READABLE,,,truck,black,eastbound,CAM-13,CN-VIDHYALAYA,23.0284,72.5541,APPROXIMATE,2026-06-14 00:55:35,overlay,0.55,evidence/CAM-13_2149_1788366295645.jpg
1578,NOT_READABLE,,,bicycle,grey,southbound,CAM-13,CN-VIDHYALAYA,23.0284,72.5541,APPROXIMATE,2026-06-14 00:55:35,overlay,0.43,evidence/CAM-13_2150_1788366295702.jpg
1579,NOT_READABLE,,,truck,black,northbound,CAM-13,CN-VIDHYALAYA,23.0284,72.5541,APPROXIMATE,2026-06-14 00:55:35,overlay,0.86,evidence/CAM-13_2153_1788366295838.jpg
1580,NOT_READABLE,,,bus,black,eastbound,CAM-13,CN-VIDHYALAYA,23.0284,72.5541,APPROXIMATE,2026-06-14 00:55:35,overlay,0.42,evidence/CAM-13_2155_1788366295887.jpg
1581,NOT_READABLE,,,truck,black,westbound,CAM-13,CN-VIDHYALAYA,23.0284,72.5541,APPROXIMATE,2026-06-14 00:55:35,overlay,3.66,evidence/CAM-13_2163_1788366295911.jpg
1582,NOT_READABLE,,,motorcycle,black,stationary,CAM-13,CN-VIDHYALAYA,23.0284,72.5541,APPROXIMATE,2026-06-14 00:55:35,overlay,0.38,evidence/CAM-13_2174_1788366295957.jpg
1583,NOT_READABLE,,,bicycle,black,southbound,CAM-13,CN-VIDHYALAYA,23.0284,72.5541,APPROXIMATE,2026-06-14 00:55:35,overlay,0.65,evidence/CAM-13_2176_1788366296001.jpg
1585,NOT_READABLE,,,car,grey,stationary,CAM-13,CN-VIDHYALAYA,23.0284,72.5541,APPROXIMATE,2026-06-14 00:55:35,overlay,0.44,evidence/CAM-13_2184_1788366296033.jpg
1587,NOT_READABLE,,,motorcycle,grey,westbound,CAM-13,CN-VIDHYALAYA,23.0284,72.5541,APPROXIMATE,2026-06-14 00:55:35,overlay,4.12,evidence/CAM-13_2197_1788366296077.jpg
1589,NOT_READABLE,,,bus,red,westbound,CAM-13,CN-VIDHYALAYA,23.0284,72.5541,APPROXIMATE,2026-06-14 00:55:35,overlay,0.54,evidence/CAM-13_2218_1788366296112.jpg
1591,NOT_READABLE,,,bus,red,northbound,CAM-13,CN-VIDHYALAYA,23.0284,72.5541,APPROXIMATE,2026-06-14 00:55:35,overlay,0.75,evidence/CAM-13_2219_1788366296138.jpg
1592,NOT_READABLE,,,truck,grey,eastbound,CAM-13,CN-VIDHYALAYA,23.0284,72.5541,APPROXIMATE,2026-06-14 00:55:35,overlay,0.82,evidence/CAM-13_2222_1788366296189.jpg
1593,NOT_READABLE,,,motorcycle,grey,northbound,CAM-13,CN-VIDHYALAYA,23.0284,72.5541,APPROXIMATE,2026-06-14 00:55:35,overlay,2.84,evidence/CAM-13_2224_1788366296225.jpg
1594,NOT_READABLE,,,motorcycle,grey,eastbound,CAM-13,CN-VIDHYALAYA,23.0284,72.5541,APPROXIMATE,2026-06-14 00:55:35,overlay,0.48,evidence/CAM-13_2247_1788366296320.jpg
1596,NOT_READABLE,,,bus,black,eastbound,CAM-13,CN-VIDHYALAYA,23.0284,72.5541,APPROXIMATE,2026-06-14 00:55:35,overlay,0.91,evidence/CAM-13_2249_1788366296350.jpg
1598,NOT_READABLE,,,bicycle,red,southbound,CAM-13,CN-VIDHYALAYA,23.0284,72.5541,APPROXIMATE,2026-06-14 00:55:35,overlay,0.87,evidence/CAM-13_2251_1788366296383.jpg
1600,NOT_READABLE,,,bus,red,eastbound,CAM-13,CN-VIDHYALAYA,23.0284,72.5541,APPROXIMATE,2026-06-14 00:55:35,overlay,0.74,evidence/CAM-13_2259_1788366296406.jpg
1601,NOT_READABLE,,,truck,black,westbound,CAM-13,CN-VIDHYALAYA,23.0284,72.5541,APPROXIMATE,2026-06-14 00:55:35,overlay,0.49,evidence/CAM-13_2260_1788366296430.jpg
1603,NOT_READABLE,,,truck,grey,eastbound,CAM-13,CN-VIDHYALAYA,23.0284,72.5541,APPROXIMATE,2026-06-14 00:55:35,overlay,0.61,evidence/CAM-13_2270_1788366296453.jpg
1604,NOT_READABLE,,,bus,grey,eastbound,CAM-13,CN-VIDHYALAYA,23.0284,72.5541,APPROXIMATE,2026-06-14 00:55:35,overlay,0.64,evidence/CAM-13_2271_1788366296599.jpg
1606,NOT_READABLE,,,bicycle,grey,westbound,CAM-13,CN-VIDHYALAYA,23.0284,72.5541,APPROXIMATE,2026-06-14 00:55:35,overlay,0.77,evidence/CAM-13_2274_1788366296637.jpg
1608,NOT_READABLE,,,bus,grey,stationary,CAM-13,CN-VIDHYALAYA,23.0284,72.5541,APPROXIMATE,2026-06-14 00:55:35,overlay,0.43,evidence/CAM-13_2281_1788366296664.jpg
1610,NOT_READABLE,,,bicycle,,stationary,CAM-13,CN-VIDHYALAYA,23.0284,72.5541,APPROXIMATE,2026-06-14 00:55:35,overlay,7.78,evidence/CAM-13_2288_1788366296694.jpg
740,NOT_READABLE,,,truck,orange,eastbound,CAM-01,Chiman bhai Bridge,23.0064,72.5698,APPROXIMATE,2026-06-14 00:55:35,overlay,0.60,evidence/CAM-01_1042_1788366212831.jpg
742,NOT_READABLE,,,motorcycle,grey,stationary,CAM-01,Chiman bhai Bridge,23.0064,72.5698,APPROXIMATE,2026-06-14 00:55:35,overlay,1.27,evidence/CAM-01_1051_1788366212846.jpg
744,NOT_READABLE,,,bus,yellow,westbound,CAM-01,Chiman bhai Bridge,23.0064,72.5698,APPROXIMATE,2026-06-14 00:55:35,overlay,3.29,evidence/CAM-01_1052_1788366212866.jpg
746,NOT_READABLE,,,motorcycle,,northbound,CAM-01,Chiman bhai Bridge,23.0064,72.5698,APPROXIMATE,2026-06-14 00:55:35,overlay,5.56,evidence/CAM-01_1053_1788366212880.jpg
781,NOT_READABLE,,,truck,grey,eastbound,CAM-05,Visat teen Rasta,23.1192572,72.5656704,GEOCODED,2026-06-14 00:55:35,overlay,3.49,evidence/CAM-05_2006_1788366224265.jpg
782,NOT_READABLE,,,bus,grey,northbound,CAM-05,Visat teen Rasta,23.1192572,72.5656704,GEOCODED,2026-06-14 00:55:35,overlay,2.57,evidence/CAM-05_2007_1788366224372.jpg
783,NOT_READABLE,,,motorcycle,grey,westbound,CAM-05,Visat teen Rasta,23.1192572,72.5656704,GEOCODED,2026-06-14 00:55:35,overlay,2.79,evidence/CAM-05_2014_1788366224393.jpg
784,NOT_READABLE,,,motorcycle,grey,westbound,CAM-05,Visat teen Rasta,23.1192572,72.5656704,GEOCODED,2026-06-14 00:55:35,overlay,3.61,evidence/CAM-05_2020_1788366224508.jpg
785,NOT_READABLE,,,bus,grey,eastbound,CAM-05,Visat teen Rasta,23.1192572,72.5656704,GEOCODED,2026-06-14 00:55:35,overlay,4.45,evidence/CAM-05_2027_1788366224537.jpg
786,NOT_READABLE,,,bus,black,southbound,CAM-05,Visat teen Rasta,23.1192572,72.5656704,GEOCODED,2026-06-14 00:55:35,overlay,1.35,evidence/CAM-05_2028_1788366224560.jpg
807,NOT_READABLE,,,truck,,stationary,CAM-05,Visat teen Rasta,23.1192572,72.5656704,GEOCODED,2026-06-14 00:55:35,overlay,6.80,evidence/CAM-05_2205_1788366230174.jpg
1628,NOT_READABLE,,,motorcycle,white,southbound,CAM-13,CN-VIDHYALAYA,23.0284,72.5541,APPROXIMATE,2026-06-14 00:55:35,overlay,0.48,evidence/CAM-13_2261_1788366298056.jpg
1643,NOT_READABLE,,,motorcycle,grey,stationary,CAM-13,CN-VIDHYALAYA,23.0284,72.5541,APPROXIMATE,2026-06-14 00:55:36,overlay,11.65,evidence/CAM-13_2000_1788366299110.jpg
1647,NOT_READABLE,,,motorcycle,grey,northbound,CAM-13,CN-VIDHYALAYA,23.0284,72.5541,APPROXIMATE,2026-06-14 00:55:36,overlay,7.85,evidence/CAM-13_2002_1788366299164.jpg
1649,NOT_READABLE,,,truck,grey,eastbound,CAM-13,CN-VIDHYALAYA,23.0284,72.5541,APPROXIMATE,2026-06-14 00:55:36,overlay,3.27,evidence/CAM-13_2003_1788366299239.jpg
1650,NOT_READABLE,,,motorcycle,grey,southbound,CAM-13,CN-VIDHYALAYA,23.0284,72.5541,APPROXIMATE,2026-06-14 00:55:36,overlay,7.18,evidence/CAM-13_2004_1788366299266.jpg
1652,NOT_READABLE,,,car,grey,westbound,CAM-13,CN-VIDHYALAYA,23.0284,72.5541,APPROXIMATE,2026-06-14 00:55:36,overlay,4.71,evidence/CAM-13_2008_1788366299332.jpg
1654,NOT_READABLE,,,motorcycle,grey,southbound,CAM-13,CN-VIDHYALAYA,23.0284,72.5541,APPROXIMATE,2026-06-14 00:55:36,overlay,1.43,evidence/CAM-13_2009_1788366299411.jpg
1655,NOT_READABLE,,,car,grey,northbound,CAM-13,CN-VIDHYALAYA,23.0284,72.5541,APPROXIMATE,2026-06-14 00:55:36,overlay,1.72,evidence/CAM-13_2010_1788366299441.jpg
1656,NOT_READABLE,,,car,grey,eastbound,CAM-13,CN-VIDHYALAYA,23.0284,72.5541,APPROXIMATE,2026-06-14 00:55:36,overlay,0.96,evidence/CAM-13_2011_1788366299590.jpg
1658,NOT_READABLE,,,car,grey,westbound,CAM-13,CN-VIDHYALAYA,23.0284,72.5541,APPROXIMATE,2026-06-14 00:55:36,overlay,13.52,evidence/CAM-13_2012_1788366299715.jpg
1660,NOT_READABLE,,,bus,grey,southbound,CAM-13,CN-VIDHYALAYA,23.0284,72.5541,APPROXIMATE,2026-06-14 00:55:36,overlay,0.98,evidence/CAM-13_2013_1788366299780.jpg
1661,NOT_READABLE,,,bus,grey,northbound,CAM-13,CN-VIDHYALAYA,23.0284,72.5541,APPROXIMATE,2026-06-14 00:55:36,overlay,3.62,evidence/CAM-13_2016_1788366299820.jpg
1664,NOT_READABLE,,,bicycle,black,northbound,CAM-13,CN-VIDHYALAYA,23.0284,72.5541,APPROXIMATE,2026-06-14 00:55:36,overlay,4.29,evidence/CAM-13_2017_1788366300066.jpg
1665,NOT_READABLE,,,car,black,eastbound,CAM-13,CN-VIDHYALAYA,23.0284,72.5541,APPROXIMATE,2026-06-14 00:55:36,overlay,8.38,evidence/CAM-13_2019_1788366300129.jpg
1668,NOT_READABLE,,,motorcycle,black,southbound,CAM-13,CN-VIDHYALAYA,23.0284,72.5541,APPROXIMATE,2026-06-14 00:55:36,overlay,2.20,evidence/CAM-13_2020_1788366300230.jpg
1670,NOT_READABLE,,,car,grey,southbound,CAM-13,CN-VIDHYALAYA,23.0284,72.5541,APPROXIMATE,2026-06-14 00:55:36,overlay,1.64,evidence/CAM-13_2021_1788366300355.jpg
1672,NOT_READABLE,,,car,grey,southbound,CAM-13,CN-VIDHYALAYA,23.0284,72.5541,APPROXIMATE,2026-06-14 00:55:36,overlay,3.26,evidence/CAM-13_2024_1788366300539.jpg
1674,NOT_READABLE,,,bicycle,grey,stationary,CAM-13,CN-VIDHYALAYA,23.0284,72.5541,APPROXIMATE,2026-06-14 00:55:36,overlay,2.01,evidence/CAM-13_2052_1788366300606.jpg
1678,NOT_READABLE,,,motorcycle,grey,southbound,CAM-13,CN-VIDHYALAYA,23.0284,72.5541,APPROXIMATE,2026-06-14 00:55:36,overlay,0.99,evidence/CAM-13_2057_1788366300625.jpg
1683,NOT_READABLE,,,truck,grey,southbound,CAM-13,CN-VIDHYALAYA,23.0284,72.5541,APPROXIMATE,2026-06-14 00:55:36,overlay,0.95,evidence/CAM-13_2058_1788366300781.jpg
1686,NOT_READABLE,,,truck,grey,westbound,CAM-13,CN-VIDHYALAYA,23.0284,72.5541,APPROXIMATE,2026-06-14 00:55:36,overlay,0.91,evidence/CAM-13_2059_1788366300871.jpg
1689,NOT_READABLE,,,truck,grey,southbound,CAM-13,CN-VIDHYALAYA,23.0284,72.5541,APPROXIMATE,2026-06-14 00:55:36,overlay,0.88,evidence/CAM-13_2060_1788366301079.jpg
1691,NOT_READABLE,,,motorcycle,grey,eastbound,CAM-13,CN-VIDHYALAYA,23.0284,72.5541,APPROXIMATE,2026-06-14 00:55:36,overlay,0.94,evidence/CAM-13_2064_1788366301117.jpg
1694,NOT_READABLE,,,motorcycle,grey,westbound,CAM-13,CN-VIDHYALAYA,23.0284,72.5541,APPROXIMATE,2026-06-14 00:55:36,overlay,0.99,evidence/CAM-13_2066_1788366301142.jpg
1697,NOT_READABLE,,,truck,grey,westbound,CAM-13,CN-VIDHYALAYA,23.0284,72.5541,APPROXIMATE,2026-06-14 00:55:36,overlay,0.87,evidence/CAM-13_2069_1788366301167.jpg
1700,NOT_READABLE,,,bicycle,grey,northbound,CAM-13,CN-VIDHYALAYA,23.0284,72.5541,APPROXIMATE,2026-06-14 00:55:36,overlay,0.82,evidence/CAM-13_2070_1788366301205.jpg
1703,NOT_READABLE,,,motorcycle,grey,southbound,CAM-13,CN-VIDHYALAYA,23.0284,72.5541,APPROXIMATE,2026-06-14 00:55:36,overlay,0.88,evidence/CAM-13_2077_1788366301256.jpg
1706,NOT_READABLE,,,bicycle,grey,westbound,CAM-13,CN-VIDHYALAYA,23.0284,72.5541,APPROXIMATE,2026-06-14 00:55:36,overlay,0.75,evidence/CAM-13_2079_1788366301390.jpg
1709,NOT_READABLE,,,truck,grey,eastbound,CAM-13,CN-VIDHYALAYA,23.0284,72.5541,APPROXIMATE,2026-06-14 00:55:36,overlay,0.95,evidence/CAM-13_2080_1788366301406.jpg
1712,NOT_READABLE,,,bus,grey,northbound,CAM-13,CN-VIDHYALAYA,23.0284,72.5541,APPROXIMATE,2026-06-14 00:55:36,overlay,0.66,evidence/CAM-13_2083_1788366301434.jpg
1717,NOT_READABLE,,,car,white,eastbound,CAM-13,CN-VIDHYALAYA,23.0284,72.5541,APPROXIMATE,2026-06-14 00:55:36,overlay,0.85,evidence/CAM-13_2084_1788366301453.jpg
1721,NOT_READABLE,,,motorcycle,grey,southbound,CAM-13,CN-VIDHYALAYA,23.0284,72.5541,APPROXIMATE,2026-06-14 00:55:36,overlay,0.60,evidence/CAM-13_2085_1788366301499.jpg
1726,NOT_READABLE,,,bus,grey,northbound,CAM-13,CN-VIDHYALAYA,23.0284,72.5541,APPROXIMATE,2026-06-14 00:55:36,overlay,0.98,evidence/CAM-13_2086_1788366301519.jpg
1729,NOT_READABLE,,,bus,black,northbound,CAM-13,CN-VIDHYALAYA,23.0284,72.5541,APPROXIMATE,2026-06-14 00:55:36,overlay,0.90,evidence/CAM-13_2089_1788366301559.jpg
1734,NOT_READABLE,,,car,grey,northbound,CAM-13,CN-VIDHYALAYA,23.0284,72.5541,APPROXIMATE,2026-06-14 00:55:36,overlay,0.85,evidence/CAM-13_2090_1788366301595.jpg
1736,NOT_READABLE,,,car,white,eastbound,CAM-13,CN-VIDHYALAYA,23.0284,72.5541,APPROXIMATE,2026-06-14 00:55:36,overlay,0.62,evidence/CAM-13_2092_1788366301629.jpg
1739,NOT_READABLE,,,bus,grey,eastbound,CAM-13,CN-VIDHYALAYA,23.0284,72.5541,APPROXIMATE,2026-06-14 00:55:36,overlay,0.95,evidence/CAM-13_2093_1788366301648.jpg
1744,NOT_READABLE,,,car,grey,eastbound,CAM-13,CN-VIDHYALAYA,23.0284,72.5541,APPROXIMATE,2026-06-14 00:55:36,overlay,0.67,evidence/CAM-13_2094_1788366301670.jpg
1747,NOT_READABLE,,,bus,grey,westbound,CAM-13,CN-VIDHYALAYA,23.0284,72.5541,APPROXIMATE,2026-06-14 00:55:36,overlay,0.99,evidence/CAM-13_2095_1788366301704.jpg
1750,NOT_READABLE,,,bus,white,eastbound,CAM-13,CN-VIDHYALAYA,23.0284,72.5541,APPROXIMATE,2026-06-14 00:55:36,overlay,0.84,evidence/CAM-13_2096_1788366301724.jpg
1753,NOT_READABLE,,,car,grey,westbound,CAM-13,CN-VIDHYALAYA,23.0284,72.5541,APPROXIMATE,2026-06-14 00:55:36,overlay,2.63,evidence/CAM-13_2097_1788366301757.jpg
1758,NOT_READABLE,,,motorcycle,black,westbound,CAM-13,CN-VIDHYALAYA,23.0284,72.5541,APPROXIMATE,2026-06-14 00:55:36,overlay,0.66,evidence/CAM-13_2103_1788366301779.jpg
1762,NOT_READABLE,,,car,grey,eastbound,CAM-13,CN-VIDHYALAYA,23.0284,72.5541,APPROXIMATE,2026-06-14 00:55:36,overlay,0.57,evidence/CAM-13_2104_1788366301827.jpg
1767,NOT_READABLE,,,motorcycle,grey,southbound,CAM-13,CN-VIDHYALAYA,23.0284,72.5541,APPROXIMATE,2026-06-14 00:55:36,overlay,0.69,evidence/CAM-13_2105_1788366301866.jpg
1770,NOT_READABLE,,,bicycle,grey,westbound,CAM-13,CN-VIDHYALAYA,23.0284,72.5541,APPROXIMATE,2026-06-14 00:55:36,overlay,0.55,evidence/CAM-13_2106_1788366301894.jpg
1773,NOT_READABLE,,,truck,white,southbound,CAM-13,CN-VIDHYALAYA,23.0284,72.5541,APPROXIMATE,2026-06-14 00:55:36,overlay,0.58,evidence/CAM-13_2107_1788366301925.jpg
1778,NOT_READABLE,,,truck,grey,northbound,CAM-13,CN-VIDHYALAYA,23.0284,72.5541,APPROXIMATE,2026-06-14 00:55:36,overlay,0.81,evidence/CAM-13_2110_1788366301943.jpg
1781,NOT_READABLE,,,bicycle,grey,eastbound,CAM-13,CN-VIDHYALAYA,23.0284,72.5541,APPROXIMATE,2026-06-14 00:55:36,overlay,0.57,evidence/CAM-13_2111_1788366301971.jpg
1784,NOT_READABLE,,,bus,black,eastbound,CAM-13,CN-VIDHYALAYA,23.0284,72.5541,APPROXIMATE,2026-06-14 00:55:36,overlay,0.62,evidence/CAM-13_2112_1788366302006.jpg
1786,NOT_READABLE,,,car,grey,westbound,CAM-13,CN-VIDHYALAYA,23.0284,72.5541,APPROXIMATE,2026-06-14 00:55:36,overlay,0.68,evidence/CAM-13_2113_1788366302051.jpg
1788,NOT_READABLE,,,truck,white,southbound,CAM-13,CN-VIDHYALAYA,23.0284,72.5541,APPROXIMATE,2026-06-14 00:55:36,overlay,0.74,evidence/CAM-13_2114_1788366302079.jpg
1790,NOT_READABLE,,,truck,grey,southbound,CAM-13,CN-VIDHYALAYA,23.0284,72.5541,APPROXIMATE,2026-06-14 00:55:36,overlay,8.85,evidence/CAM-13_2115_1788366302120.jpg
1791,NOT_READABLE,,,truck,white,southbound,CAM-13,CN-VIDHYALAYA,23.0284,72.5541,APPROXIMATE,2026-06-14 00:55:36,overlay,0.60,evidence/CAM-13_2116_1788366302144.jpg
1793,NOT_READABLE,,,truck,black,eastbound,CAM-13,CN-VIDHYALAYA,23.0284,72.5541,APPROXIMATE,2026-06-14 00:55:36,overlay,0.72,evidence/CAM-13_2117_1788366302209.jpg
1795,NOT_READABLE,,,motorcycle,grey,stationary,CAM-13,CN-VIDHYALAYA,23.0284,72.5541,APPROXIMATE,2026-06-14 00:55:36,overlay,0.47,evidence/CAM-13_2119_1788366302228.jpg
1797,NOT_READABLE,,,motorcycle,grey,eastbound,CAM-13,CN-VIDHYALAYA,23.0284,72.5541,APPROXIMATE,2026-06-14 00:55:36,overlay,0.61,evidence/CAM-13_2120_1788366302271.jpg
1799,NOT_READABLE,,,bus,grey,southbound,CAM-13,CN-VIDHYALAYA,23.0284,72.5541,APPROXIMATE,2026-06-14 00:55:36,overlay,0.73,evidence/CAM-13_2123_1788366302303.jpg
1801,NOT_READABLE,,,bus,grey,westbound,CAM-13,CN-VIDHYALAYA,23.0284,72.5541,APPROXIMATE,2026-06-14 00:55:36,overlay,0.40,evidence/CAM-13_2125_1788366302343.jpg
1803,NOT_READABLE,,,bus,grey,westbound,CAM-13,CN-VIDHYALAYA,23.0284,72.5541,APPROXIMATE,2026-06-14 00:55:36,overlay,0.78,evidence/CAM-13_2128_1788366302362.jpg
1805,NOT_READABLE,,,motorcycle,grey,westbound,CAM-13,CN-VIDHYALAYA,23.0284,72.5541,APPROXIMATE,2026-06-14 00:55:36,overlay,0.81,evidence/CAM-13_2130_1788366302407.jpg
1808,NOT_READABLE,,,bus,grey,southbound,CAM-13,CN-VIDHYALAYA,23.0284,72.5541,APPROXIMATE,2026-06-14 00:55:36,overlay,0.52,evidence/CAM-13_2131_1788366302424.jpg
1810,NOT_READABLE,,,bus,grey,stationary,CAM-13,CN-VIDHYALAYA,23.0284,72.5541,APPROXIMATE,2026-06-14 00:55:36,overlay,0.40,evidence/CAM-13_2134_1788366302465.jpg
1812,NOT_READABLE,,,motorcycle,black,northbound,CAM-13,CN-VIDHYALAYA,23.0284,72.5541,APPROXIMATE,2026-06-14 00:55:36,overlay,0.58,evidence/CAM-13_2135_1788366302496.jpg
1815,NOT_READABLE,,,truck,grey,stationary,CAM-13,CN-VIDHYALAYA,23.0284,72.5541,APPROXIMATE,2026-06-14 00:55:36,overlay,0.52,evidence/CAM-13_2136_1788366302520.jpg
1817,NOT_READABLE,,,bicycle,black,westbound,CAM-13,CN-VIDHYALAYA,23.0284,72.5541,APPROXIMATE,2026-06-14 00:55:36,overlay,0.68,evidence/CAM-13_2137_1788366302560.jpg
1819,NOT_READABLE,,,bicycle,grey,westbound,CAM-13,CN-VIDHYALAYA,23.0284,72.5541,APPROXIMATE,2026-06-14 00:55:36,overlay,0.65,evidence/CAM-13_2138_1788366302580.jpg
1821,NOT_READABLE,,,bus,grey,westbound,CAM-13,CN-VIDHYALAYA,23.0284,72.5541,APPROXIMATE,2026-06-14 00:55:36,overlay,0.68,evidence/CAM-13_2139_1788366302632.jpg
1822,NOT_READABLE,,,motorcycle,black,westbound,CAM-13,CN-VIDHYALAYA,23.0284,72.5541,APPROXIMATE,2026-06-14 00:55:36,overlay,0.65,evidence/CAM-13_2140_1788366302718.jpg
1823,NOT_READABLE,,,bicycle,grey,southbound,CAM-13,CN-VIDHYALAYA,23.0284,72.5541,APPROXIMATE,2026-06-14 00:55:36,overlay,0.80,evidence/CAM-13_2141_1788366302769.jpg
1824,NOT_READABLE,,,bicycle,grey,eastbound,CAM-13,CN-VIDHYALAYA,23.0284,72.5541,APPROXIMATE,2026-06-14 00:55:36,overlay,0.67,evidence/CAM-13_2146_1788366302805.jpg
1825,NOT_READABLE,,,car,grey,northbound,CAM-13,CN-VIDHYALAYA,23.0284,72.5541,APPROXIMATE,2026-06-14 00:55:36,overlay,0.49,evidence/CAM-13_2148_1788366302850.jpg
1826,NOT_READABLE,,,motorcycle,black,southbound,CAM-13,CN-VIDHYALAYA,23.0284,72.5541,APPROXIMATE,2026-06-14 00:55:36,overlay,0.70,evidence/CAM-13_2151_1788366302876.jpg
1827,NOT_READABLE,,,bus,grey,westbound,CAM-13,CN-VIDHYALAYA,23.0284,72.5541,APPROXIMATE,2026-06-14 00:55:36,overlay,0.52,evidence/CAM-13_2154_1788366302897.jpg
1828,NOT_READABLE,,,bicycle,grey,southbound,CAM-13,CN-VIDHYALAYA,23.0284,72.5541,APPROXIMATE,2026-06-14 00:55:36,overlay,0.40,evidence/CAM-13_2157_1788366302916.jpg
1829,NOT_READABLE,,,truck,grey,northbound,CAM-13,CN-VIDHYALAYA,23.0284,72.5541,APPROXIMATE,2026-06-14 00:55:36,overlay,0.42,evidence/CAM-13_2158_1788366302954.jpg
1830,NOT_READABLE,,,car,grey,eastbound,CAM-13,CN-VIDHYALAYA,23.0284,72.5541,APPROXIMATE,2026-06-14 00:55:36,overlay,0.70,evidence/CAM-13_2159_1788366302998.jpg
1831,NOT_READABLE,,,bus,grey,westbound,CAM-13,CN-VIDHYALAYA,23.0284,72.5541,APPROXIMATE,2026-06-14 00:55:36,overlay,0.49,evidence/CAM-13_2160_1788366303026.jpg
1832,NOT_READABLE,,,car,black,southbound,CAM-13,CN-VIDHYALAYA,23.0284,72.5541,APPROXIMATE,2026-06-14 00:55:36,overlay,0.62,evidence/CAM-13_2162_1788366303083.jpg
1834,NOT_READABLE,,,bus,black,northbound,CAM-13,CN-VIDHYALAYA,23.0284,72.5541,APPROXIMATE,2026-06-14 00:55:36,overlay,0.50,evidence/CAM-13_2164_1788366303110.jpg
1835,NOT_READABLE,,,bus,grey,stationary,CAM-13,CN-VIDHYALAYA,23.0284,72.5541,APPROXIMATE,2026-06-14 00:55:36,overlay,0.70,evidence/CAM-13_2170_1788366303193.jpg
1836,NOT_READABLE,,,bus,black,southbound,CAM-13,CN-VIDHYALAYA,23.0284,72.5541,APPROXIMATE,2026-06-14 00:55:36,overlay,0.42,evidence/CAM-13_2171_1788366303240.jpg
1837,NOT_READABLE,,,car,grey,stationary,CAM-13,CN-VIDHYALAYA,23.0284,72.5541,APPROXIMATE,2026-06-14 00:55:36,overlay,0.38,evidence/CAM-13_2178_1788366303267.jpg
1838,NOT_READABLE,,,bus,black,southbound,CAM-13,CN-VIDHYALAYA,23.0284,72.5541,APPROXIMATE,2026-06-14 00:55:36,overlay,0.46,evidence/CAM-13_2179_1788366303305.jpg
1839,NOT_READABLE,,,motorcycle,grey,eastbound,CAM-13,CN-VIDHYALAYA,23.0284,72.5541,APPROXIMATE,2026-06-14 00:55:36,overlay,0.98,evidence/CAM-13_2187_1788366303339.jpg
1840,NOT_READABLE,,,car,black,stationary,CAM-13,CN-VIDHYALAYA,23.0284,72.5541,APPROXIMATE,2026-06-14 00:55:36,overlay,9.09,evidence/CAM-13_2200_1788366303384.jpg
1841,NOT_READABLE,,,car,grey,eastbound,CAM-13,CN-VIDHYALAYA,23.0284,72.5541,APPROXIMATE,2026-06-14 00:55:36,overlay,0.89,evidence/CAM-13_2201_1788366303416.jpg
1842,NOT_READABLE,,,bus,black,westbound,CAM-13,CN-VIDHYALAYA,23.0284,72.5541,APPROXIMATE,2026-06-14 00:55:36,overlay,2.38,evidence/CAM-13_2202_1788366303451.jpg
1844,NOT_READABLE,,,bicycle,grey,westbound,CAM-13,CN-VIDHYALAYA,23.0284,72.5541,APPROXIMATE,2026-06-14 00:55:36,overlay,0.83,evidence/CAM-13_2203_1788366303471.jpg
1845,NOT_READABLE,,,car,orange,southbound,CAM-13,CN-VIDHYALAYA,23.0284,72.5541,APPROXIMATE,2026-06-14 00:55:36,overlay,0.92,evidence/CAM-13_2204_1788366303492.jpg
1846,NOT_READABLE,,,bicycle,red,eastbound,CAM-13,CN-VIDHYALAYA,23.0284,72.5541,APPROXIMATE,2026-06-14 00:55:36,overlay,9.40,evidence/CAM-13_2205_1788366303524.jpg
1847,NOT_READABLE,,,truck,black,southbound,CAM-13,CN-VIDHYALAYA,23.0284,72.5541,APPROXIMATE,2026-06-14 00:55:36,overlay,2.38,evidence/CAM-13_2206_1788366303551.jpg
1848,NOT_READABLE,,,bicycle,grey,southbound,CAM-13,CN-VIDHYALAYA,23.0284,72.5541,APPROXIMATE,2026-06-14 00:55:36,overlay,1.85,evidence/CAM-13_2207_1788366303575.jpg
1849,NOT_READABLE,,,car,grey,stationary,CAM-13,CN-VIDHYALAYA,23.0284,72.5541,APPROXIMATE,2026-06-14 00:55:36,overlay,0.78,evidence/CAM-13_2209_1788366303603.jpg
1850,NOT_READABLE,,,bicycle,grey,eastbound,CAM-13,CN-VIDHYALAYA,23.0284,72.5541,APPROXIMATE,2026-06-14 00:55:36,overlay,0.90,evidence/CAM-13_2215_1788366303628.jpg
1851,NOT_READABLE,,,bicycle,grey,westbound,CAM-13,CN-VIDHYALAYA,23.0284,72.5541,APPROXIMATE,2026-06-14 00:55:36,overlay,0.55,evidence/CAM-13_2216_1788366303669.jpg
1852,NOT_READABLE,,,bicycle,grey,westbound,CAM-13,CN-VIDHYALAYA,23.0284,72.5541,APPROXIMATE,2026-06-14 00:55:36,overlay,0.83,evidence/CAM-13_2217_1788366303721.jpg
1853,NOT_READABLE,,,bus,grey,westbound,CAM-13,CN-VIDHYALAYA,23.0284,72.5541,APPROXIMATE,2026-06-14 00:55:36,overlay,0.53,evidence/CAM-13_2226_1788366303898.jpg
1854,NOT_READABLE,,,bus,grey,northbound,CAM-13,CN-VIDHYALAYA,23.0284,72.5541,APPROXIMATE,2026-06-14 00:55:36,overlay,0.93,evidence/CAM-13_2227_1788366303939.jpg
1856,NOT_READABLE,,,motorcycle,grey,westbound,CAM-13,CN-VIDHYALAYA,23.0284,72.5541,APPROXIMATE,2026-06-14 00:55:36,overlay,0.74,evidence/CAM-13_2228_1788366304056.jpg
1857,NOT_READABLE,,,bicycle,red,westbound,CAM-13,CN-VIDHYALAYA,23.0284,72.5541,APPROXIMATE,2026-06-14 00:55:36,overlay,0.77,evidence/CAM-13_2229_1788366304083.jpg
1858,NOT_READABLE,,,bicycle,black,eastbound,CAM-13,CN-VIDHYALAYA,23.0284,72.5541,APPROXIMATE,2026-06-14 00:55:36,overlay,0.98,evidence/CAM-13_2233_1788366304404.jpg
1859,NOT_READABLE,,,truck,grey,stationary,CAM-13,CN-VIDHYALAYA,23.0284,72.5541,APPROXIMATE,2026-06-14 00:55:36,overlay,0.52,evidence/CAM-13_2234_1788366304480.jpg
1860,NOT_READABLE,,,bus,grey,northbound,CAM-13,CN-VIDHYALAYA,23.0284,72.5541,APPROXIMATE,2026-06-14 00:55:36,overlay,0.57,evidence/CAM-13_2236_1788366304520.jpg
1861,NOT_READABLE,,,motorcycle,grey,eastbound,CAM-13,CN-VIDHYALAYA,23.0284,72.5541,APPROXIMATE,2026-06-14 00:55:36,overlay,0.70,evidence/CAM-13_2237_1788366304611.jpg
1862,NOT_READABLE,,,motorcycle,orange,westbound,CAM-13,CN-VIDHYALAYA,23.0284,72.5541,APPROXIMATE,2026-06-14 00:55:36,overlay,0.64,evidence/CAM-13_2238_1788366304801.jpg
1863,NOT_READABLE,,,truck,grey,southbound,CAM-13,CN-VIDHYALAYA,23.0284,72.5541,APPROXIMATE,2026-06-14 00:55:36,overlay,0.68,evidence/CAM-13_2239_1788366304827.jpg
1864,NOT_READABLE,,,car,black,northbound,CAM-13,CN-VIDHYALAYA,23.0284,72.5541,APPROXIMATE,2026-06-14 00:55:36,overlay,0.60,evidence/CAM-13_2240_1788366304850.jpg
1865,NOT_READABLE,,,car,orange,stationary,CAM-13,CN-VIDHYALAYA,23.0284,72.5541,APPROXIMATE,2026-06-14 00:55:36,overlay,0.89,evidence/CAM-13_2243_1788366304929.jpg
1867,NOT_READABLE,,,truck,grey,southbound,CAM-13,CN-VIDHYALAYA,23.0284,72.5541,APPROXIMATE,2026-06-14 00:55:36,overlay,0.63,evidence/CAM-13_2244_1788366305028.jpg
1868,NOT_READABLE,,,bus,red,eastbound,CAM-13,CN-VIDHYALAYA,23.0284,72.5541,APPROXIMATE,2026-06-14 00:55:36,overlay,0.89,evidence/CAM-13_2245_1788366305052.jpg
1869,NOT_READABLE,,,motorcycle,grey,northbound,CAM-13,CN-VIDHYALAYA,23.0284,72.5541,APPROXIMATE,2026-06-14 00:55:36,overlay,0.48,evidence/CAM-13_2246_1788366305209.jpg
1870,NOT_READABLE,,,bus,red,northbound,CAM-13,CN-VIDHYALAYA,23.0284,72.5541,APPROXIMATE,2026-06-14 00:55:36,overlay,0.45,evidence/CAM-13_2250_1788366305385.jpg
1871,NOT_READABLE,,,bicycle,grey,eastbound,CAM-13,CN-VIDHYALAYA,23.0284,72.5541,APPROXIMATE,2026-06-14 00:55:36,overlay,0.82,evidence/CAM-13_2252_1788366305625.jpg
1872,NOT_READABLE,,,truck,grey,southbound,CAM-13,CN-VIDHYALAYA,23.0284,72.5541,APPROXIMATE,2026-06-14 00:55:36,overlay,0.50,evidence/CAM-13_2254_1788366305679.jpg
1873,NOT_READABLE,,,motorcycle,red,eastbound,CAM-13,CN-VIDHYALAYA,23.0284,72.5541,APPROXIMATE,2026-06-14 00:55:36,overlay,0.67,evidence/CAM-13_2255_1788366305742.jpg
1874,NOT_READABLE,,,truck,grey,northbound,CAM-13,CN-VIDHYALAYA,23.0284,72.5541,APPROXIMATE,2026-06-14 00:55:36,overlay,0.74,evidence/CAM-13_2256_1788366305883.jpg
1875,NOT_READABLE,,,car,grey,eastbound,CAM-13,CN-VIDHYALAYA,23.0284,72.5541,APPROXIMATE,2026-06-14 00:55:36,overlay,0.87,evidence/CAM-13_2257_1788366305927.jpg
1876,NOT_READABLE,,,bus,white,eastbound,CAM-13,CN-VIDHYALAYA,23.0284,72.5541,APPROXIMATE,2026-06-14 00:55:36,overlay,0.41,evidence/CAM-13_2262_1788366306132.jpg
1877,NOT_READABLE,,,truck,grey,westbound,CAM-13,CN-VIDHYALAYA,23.0284,72.5541,APPROXIMATE,2026-06-14 00:55:36,overlay,0.51,evidence/CAM-13_2265_1788366306276.jpg
1878,NOT_READABLE,,,bicycle,grey,westbound,CAM-13,CN-VIDHYALAYA,23.0284,72.5541,APPROXIMATE,2026-06-14 00:55:36,overlay,0.48,evidence/CAM-13_2266_1788366306496.jpg
1879,NOT_READABLE,,,bus,grey,westbound,CAM-13,CN-VIDHYALAYA,23.0284,72.5541,APPROXIMATE,2026-06-14 00:55:36,overlay,0.77,evidence/CAM-13_2267_1788366306632.jpg
1880,NOT_READABLE,,,truck,grey,stationary,CAM-13,CN-VIDHYALAYA,23.0284,72.5541,APPROXIMATE,2026-06-14 00:55:36,overlay,0.97,evidence/CAM-13_2268_1788366306805.jpg
1881,NOT_READABLE,,,car,grey,northbound,CAM-13,CN-VIDHYALAYA,23.0284,72.5541,APPROXIMATE,2026-06-14 00:55:36,overlay,0.73,evidence/CAM-13_2272_1788366307086.jpg
1882,NOT_READABLE,,,truck,grey,northbound,CAM-13,CN-VIDHYALAYA,23.0284,72.5541,APPROXIMATE,2026-06-14 00:55:36,overlay,0.49,evidence/CAM-13_2278_1788366307261.jpg
1883,NOT_READABLE,,,bicycle,red,southbound,CAM-13,CN-VIDHYALAYA,23.0284,72.5541,APPROXIMATE,2026-06-14 00:55:36,overlay,4.57,evidence/CAM-13_2297_1788366307292.jpg
1884,NOT_READABLE,,,bicycle,grey,eastbound,CAM-13,CN-VIDHYALAYA,23.0284,72.5541,APPROXIMATE,2026-06-14 00:55:36,overlay,0.55,evidence/CAM-13_2299_1788366307318.jpg
1885,NOT_READABLE,,,bicycle,grey,southbound,CAM-13,CN-VIDHYALAYA,23.0284,72.5541,APPROXIMATE,2026-06-14 00:55:36,overlay,0.71,evidence/CAM-13_2300_1788366307409.jpg
1887,NOT_READABLE,,,motorcycle,grey,eastbound,CAM-13,CN-VIDHYALAYA,23.0284,72.5541,APPROXIMATE,2026-06-14 00:55:36,overlay,0.66,evidence/CAM-13_2302_1788366307451.jpg
1889,NOT_READABLE,,,motorcycle,white,northbound,CAM-13,CN-VIDHYALAYA,23.0284,72.5541,APPROXIMATE,2026-06-14 00:55:36,overlay,0.62,evidence/CAM-13_2303_1788366307472.jpg
1891,NOT_READABLE,,,truck,grey,northbound,CAM-13,CN-VIDHYALAYA,23.0284,72.5541,APPROXIMATE,2026-06-14 00:55:36,overlay,0.38,evidence/CAM-13_2304_1788366307495.jpg
1892,NOT_READABLE,,,motorcycle,grey,southbound,CAM-13,CN-VIDHYALAYA,23.0284,72.5541,APPROXIMATE,2026-06-14 00:55:36,overlay,0.92,evidence/CAM-13_2305_1788366307516.jpg
1893,NOT_READABLE,,,bicycle,grey,eastbound,CAM-13,CN-VIDHYALAYA,23.0284,72.5541,APPROXIMATE,2026-06-14 00:55:36,overlay,0.51,evidence/CAM-13_2306_1788366307544.jpg
1894,NOT_READABLE,,,bicycle,white,eastbound,CAM-13,CN-VIDHYALAYA,23.0284,72.5541,APPROXIMATE,2026-06-14 00:55:36,overlay,0.61,evidence/CAM-13_2307_1788366307572.jpg
1895,NOT_READABLE,,,bus,grey,westbound,CAM-13,CN-VIDHYALAYA,23.0284,72.5541,APPROXIMATE,2026-06-14 00:55:36,overlay,0.58,evidence/CAM-13_2308_1788366307656.jpg
1896,NOT_READABLE,,,motorcycle,orange,westbound,CAM-13,CN-VIDHYALAYA,23.0284,72.5541,APPROXIMATE,2026-06-14 00:55:36,overlay,0.56,evidence/CAM-13_2309_1788366307674.jpg
1897,NOT_READABLE,,,motorcycle,orange,westbound,CAM-13,CN-VIDHYALAYA,23.0284,72.5541,APPROXIMATE,2026-06-14 00:55:36,overlay,0.33,evidence/CAM-13_2310_1788366307709.jpg
1898,NOT_READABLE,,,truck,grey,westbound,CAM-13,CN-VIDHYALAYA,23.0284,72.5541,APPROXIMATE,2026-06-14 00:55:36,overlay,0.43,evidence/CAM-13_2311_1788366307881.jpg
1899,NOT_READABLE,,,bicycle,grey,eastbound,CAM-13,CN-VIDHYALAYA,23.0284,72.5541,APPROXIMATE,2026-06-14 00:55:36,overlay,0.40,evidence/CAM-13_2313_1788366307903.jpg
1900,NOT_READABLE,,,car,grey,northbound,CAM-13,CN-VIDHYALAYA,23.0284,72.5541,APPROXIMATE,2026-06-14 00:55:36,overlay,1.12,evidence/CAM-13_2314_1788366308067.jpg
1901,NOT_READABLE,,,car,grey,eastbound,CAM-13,CN-VIDHYALAYA,23.0284,72.5541,APPROXIMATE,2026-06-14 00:55:36,overlay,0.52,evidence/CAM-13_2316_1788366308175.jpg
1902,NOT_READABLE,,,car,white,southbound,CAM-13,CN-VIDHYALAYA,23.0284,72.5541,APPROXIMATE,2026-06-14 00:55:36,overlay,0.44,evidence/CAM-13_2317_1788366308200.jpg
1903,NOT_READABLE,,,truck,grey,northbound,CAM-13,CN-VIDHYALAYA,23.0284,72.5541,APPROXIMATE,2026-06-14 00:55:36,overlay,0.86,evidence/CAM-13_2323_1788366308396.jpg
1904,NOT_READABLE,,,bicycle,grey,southbound,CAM-13,CN-VIDHYALAYA,23.0284,72.5541,APPROXIMATE,2026-06-14 00:55:36,overlay,0.47,evidence/CAM-13_2325_1788366308411.jpg
1905,NOT_READABLE,,,motorcycle,black,stationary,CAM-13,CN-VIDHYALAYA,23.0284,72.5541,APPROXIMATE,2026-06-14 00:55:36,overlay,0.37,evidence/CAM-13_2326_1788366308447.jpg
1906,NOT_READABLE,,,truck,grey,westbound,CAM-13,CN-VIDHYALAYA,23.0284,72.5541,APPROXIMATE,2026-06-14 00:55:36,overlay,2.00,evidence/CAM-13_2327_1788366308553.jpg
1907,NOT_READABLE,,,bicycle,grey,eastbound,CAM-13,CN-VIDHYALAYA,23.0284,72.5541,APPROXIMATE,2026-06-14 00:55:36,overlay,0.45,evidence/CAM-13_2328_1788366308574.jpg
1908,NOT_READABLE,,,truck,white,stationary,CAM-13,CN-VIDHYALAYA,23.0284,72.5541,APPROXIMATE,2026-06-14 00:55:36,overlay,0.40,evidence/CAM-13_2330_1788366308669.jpg
1909,NOT_READABLE,,,motorcycle,red,northbound,CAM-13,CN-VIDHYALAYA,23.0284,72.5541,APPROXIMATE,2026-06-14 00:55:36,overlay,2.27,evidence/CAM-13_2332_1788366308701.jpg
1910,NOT_READABLE,,,bus,black,southbound,CAM-13,CN-VIDHYALAYA,23.0284,72.5541,APPROXIMATE,2026-06-14 00:55:36,overlay,0.51,evidence/CAM-13_2366_1788366308728.jpg
1912,NOT_READABLE,,,motorcycle,black,stationary,CAM-13,CN-VIDHYALAYA,23.0284,72.5541,APPROXIMATE,2026-06-14 00:55:36,overlay,0.36,evidence/CAM-13_2374_1788366308838.jpg
1932,NOT_READABLE,,,car,black,southbound,CAM-13,CN-VIDHYALAYA,23.0284,72.5541,APPROXIMATE,2026-06-14 00:55:37,overlay,1.21,evidence/CAM-13_2088_1788366309761.jpg
1935,NOT_READABLE,,,motorcycle,black,northbound,CAM-13,CN-VIDHYALAYA,23.0284,72.5541,APPROXIMATE,2026-06-14 00:55:37,overlay,0.89,evidence/CAM-13_2098_1788366309775.jpg
1937,NOT_READABLE,,,motorcycle,grey,southbound,CAM-13,CN-VIDHYALAYA,23.0284,72.5541,APPROXIMATE,2026-06-14 00:55:37,overlay,2.71,evidence/CAM-13_2121_1788366309802.jpg
1939,NOT_READABLE,,,bicycle,white,westbound,CAM-13,CN-VIDHYALAYA,23.0284,72.5541,APPROXIMATE,2026-06-14 00:55:37,overlay,69.61,evidence/CAM-13_2129_1788366309818.jpg
1941,NOT_READABLE,,,motorcycle,white,westbound,CAM-13,CN-VIDHYALAYA,23.0284,72.5541,APPROXIMATE,2026-06-14 00:55:37,overlay,11.55,evidence/CAM-13_2248_1788366309833.jpg
1943,NOT_READABLE,,,motorcycle,grey,northbound,CAM-13,CN-VIDHYALAYA,23.0284,72.5541,APPROXIMATE,2026-06-14 00:55:37,overlay,2.30,evidence/CAM-13_2298_1788366309847.jpg
1945,NOT_READABLE,,,car,black,southbound,CAM-13,CN-VIDHYALAYA,23.0284,72.5541,APPROXIMATE,2026-06-14 00:55:37,overlay,5.15,evidence/CAM-13_2329_1788366309866.jpg
1947,NOT_READABLE,,,bicycle,grey,southbound,CAM-13,CN-VIDHYALAYA,23.0284,72.5541,APPROXIMATE,2026-06-14 00:55:37,overlay,0.64,evidence/CAM-13_2446_1788366309881.jpg
762,NOT_READABLE,,,car,grey,stationary,CAM-01,Chiman bhai Bridge,23.0064,72.5698,APPROXIMATE,2026-06-14 00:55:38,overlay,0.45,evidence/CAM-01_1289_1788366216994.jpg
763,NOT_READABLE,,,car,purple,stationary,CAM-01,Chiman bhai Bridge,23.0064,72.5698,APPROXIMATE,2026-06-14 00:55:38,overlay,0.34,evidence/CAM-01_1315_1788366217089.jpg
1961,NOT_READABLE,,,bus,grey,southbound,CAM-13,CN-VIDHYALAYA,23.0284,72.5541,APPROXIMATE,2026-06-14 00:55:38,overlay,0.42,evidence/CAM-13_2442_1788366310171.jpg
1969,NOT_READABLE,,,car,white,northbound,CAM-13,CN-VIDHYALAYA,23.0284,72.5541,APPROXIMATE,2026-06-14 00:55:39,overlay,0.57,evidence/CAM-13_2395_1788366310325.jpg
1976,NOT_READABLE,,,car,white,stationary,CAM-13,CN-VIDHYALAYA,23.0284,72.5541,APPROXIMATE,2026-06-14 00:55:40,overlay,0.46,evidence/CAM-13_2496_1788366310750.jpg
801,NOT_READABLE,,,car,orange,westbound,CAM-01,Chiman bhai Bridge,23.0064,72.5698,APPROXIMATE,2026-06-14 00:55:44,overlay,0.41,evidence/CAM-01_1321_1788366227123.jpg
802,NOT_READABLE,,,car,purple,stationary,CAM-01,Chiman bhai Bridge,23.0064,72.5698,APPROXIMATE,2026-06-14 00:55:44,overlay,0.47,evidence/CAM-01_1322_1788366227520.jpg
803,NOT_READABLE,,,motorcycle,black,southbound,CAM-01,Chiman bhai Bridge,23.0064,72.5698,APPROXIMATE,2026-06-14 00:55:44,overlay,0.39,evidence/CAM-01_1426_1788366227558.jpg
804,NOT_READABLE,,,motorcycle,grey,westbound,CAM-01,Chiman bhai Bridge,23.0064,72.5698,APPROXIMATE,2026-06-14 00:55:45,overlay,0.69,evidence/CAM-01_1472_1788366228990.jpg
805,NOT_READABLE,,,car,grey,stationary,CAM-01,Chiman bhai Bridge,23.0064,72.5698,APPROXIMATE,2026-06-14 00:55:46,overlay,0.53,evidence/CAM-01_1323_1788366229533.jpg
806,NOT_READABLE,,,car,orange,northbound,CAM-01,Chiman bhai Bridge,23.0064,72.5698,APPROXIMATE,2026-06-14 00:55:47,overlay,0.74,evidence/CAM-01_1522_1788366229843.jpg
902,NOT_READABLE,,,motorcycle,grey,stationary,CAM-05,Visat teen Rasta,23.1192572,72.5656704,GEOCODED,2026-06-14 00:55:50,overlay,8.96,evidence/CAM-05_2005_1788366235400.jpg
903,NOT_READABLE,,,car,green,northbound,CAM-05,Visat teen Rasta,23.1192572,72.5656704,GEOCODED,2026-06-14 00:55:50,overlay,0.97,evidence/CAM-05_2008_1788366235432.jpg
904,NOT_READABLE,,,car,grey,southbound,CAM-05,Visat teen Rasta,23.1192572,72.5656704,GEOCODED,2026-06-14 00:55:50,overlay,6.68,evidence/CAM-05_2011_1788366235455.jpg
905,NOT_READABLE,,,truck,grey,northbound,CAM-05,Visat teen Rasta,23.1192572,72.5656704,GEOCODED,2026-06-14 00:55:50,overlay,3.33,evidence/CAM-05_2015_1788366235578.jpg
906,NOT_READABLE,,,truck,grey,northbound,CAM-05,Visat teen Rasta,23.1192572,72.5656704,GEOCODED,2026-06-14 00:55:50,overlay,4.61,evidence/CAM-05_2023_1788366235604.jpg
907,NOT_READABLE,,,bus,,eastbound,CAM-05,Visat teen Rasta,23.1192572,72.5656704,GEOCODED,2026-06-14 00:55:50,overlay,6.53,evidence/CAM-05_2204_1788366235711.jpg
908,NOT_READABLE,,,motorcycle,,eastbound,CAM-05,Visat teen Rasta,23.1192572,72.5656704,GEOCODED,2026-06-14 00:55:50,overlay,6.95,evidence/CAM-05_2206_1788366235735.jpg
909,NOT_READABLE,,,motorcycle,,northbound,CAM-05,Visat teen Rasta,23.1192572,72.5656704,GEOCODED,2026-06-14 00:55:50,overlay,3.99,evidence/CAM-05_2210_1788366235749.jpg
910,NOT_READABLE,,,bus,,northbound,CAM-05,Visat teen Rasta,23.1192572,72.5656704,GEOCODED,2026-06-14 00:55:50,overlay,5.64,evidence/CAM-05_2211_1788366235782.jpg
911,NOT_READABLE,,,car,,westbound,CAM-05,Visat teen Rasta,23.1192572,72.5656704,GEOCODED,2026-06-14 00:55:50,overlay,4.80,evidence/CAM-05_2212_1788366235898.jpg
912,NOT_READABLE,,,bus,,northbound,CAM-05,Visat teen Rasta,23.1192572,72.5656704,GEOCODED,2026-06-14 00:55:50,overlay,13.23,evidence/CAM-05_2214_1788366235921.jpg
913,NOT_READABLE,,,truck,grey,eastbound,CAM-05,Visat teen Rasta,23.1192572,72.5656704,GEOCODED,2026-06-14 00:55:50,overlay,2.42,evidence/CAM-05_2216_1788366235942.jpg
914,NOT_READABLE,,,bicycle,grey,stationary,CAM-05,Visat teen Rasta,23.1192572,72.5656704,GEOCODED,2026-06-14 00:55:50,overlay,7.53,evidence/CAM-05_2224_1788366236026.jpg
915,NOT_READABLE,,,bus,grey,southbound,CAM-05,Visat teen Rasta,23.1192572,72.5656704,GEOCODED,2026-06-14 00:55:50,overlay,0.92,evidence/CAM-05_2226_1788366236043.jpg
916,NOT_READABLE,,,motorcycle,grey,westbound,CAM-05,Visat teen Rasta,23.1192572,72.5656704,GEOCODED,2026-06-14 00:55:50,overlay,14.68,evidence/CAM-05_2227_1788366236066.jpg
917,NOT_READABLE,,,bus,grey,westbound,CAM-05,Visat teen Rasta,23.1192572,72.5656704,GEOCODED,2026-06-14 00:55:50,overlay,0.99,evidence/CAM-05_2228_1788366236083.jpg
918,NOT_READABLE,,,motorcycle,grey,westbound,CAM-05,Visat teen Rasta,23.1192572,72.5656704,GEOCODED,2026-06-14 00:55:50,overlay,4.52,evidence/CAM-05_2229_1788366236097.jpg
919,NOT_READABLE,,,truck,grey,westbound,CAM-05,Visat teen Rasta,23.1192572,72.5656704,GEOCODED,2026-06-14 00:55:50,overlay,4.82,evidence/CAM-05_2230_1788366236150.jpg
920,NOT_READABLE,,,motorcycle,grey,southbound,CAM-05,Visat teen Rasta,23.1192572,72.5656704,GEOCODED,2026-06-14 00:55:50,overlay,6.54,evidence/CAM-05_2231_1788366236195.jpg
921,NOT_READABLE,,,bicycle,grey,southbound,CAM-05,Visat teen Rasta,23.1192572,72.5656704,GEOCODED,2026-06-14 00:55:50,overlay,0.89,evidence/CAM-05_2232_1788366236211.jpg
922,NOT_READABLE,,,bicycle,grey,westbound,CAM-05,Visat teen Rasta,23.1192572,72.5656704,GEOCODED,2026-06-14 00:55:50,overlay,0.73,evidence/CAM-05_2233_1788366236328.jpg
923,NOT_READABLE,,,bicycle,grey,northbound,CAM-05,Visat teen Rasta,23.1192572,72.5656704,GEOCODED,2026-06-14 00:55:50,overlay,0.99,evidence/CAM-05_2234_1788366236353.jpg
924,NOT_READABLE,,,bus,grey,eastbound,CAM-05,Visat teen Rasta,23.1192572,72.5656704,GEOCODED,2026-06-14 00:55:50,overlay,0.98,evidence/CAM-05_2235_1788366236378.jpg
925,NOT_READABLE,,,bicycle,orange,eastbound,CAM-05,Visat teen Rasta,23.1192572,72.5656704,GEOCODED,2026-06-14 00:55:50,overlay,0.90,evidence/CAM-05_2236_1788366236402.jpg
926,NOT_READABLE,,,bicycle,grey,northbound,CAM-05,Visat teen Rasta,23.1192572,72.5656704,GEOCODED,2026-06-14 00:55:50,overlay,3.63,evidence/CAM-05_2237_1788366236421.jpg
927,NOT_READABLE,,,bus,grey,eastbound,CAM-05,Visat teen Rasta,23.1192572,72.5656704,GEOCODED,2026-06-14 00:55:50,overlay,3.59,evidence/CAM-05_2238_1788366236445.jpg
928,NOT_READABLE,,,bicycle,black,southbound,CAM-05,Visat teen Rasta,23.1192572,72.5656704,GEOCODED,2026-06-14 00:55:50,overlay,0.96,evidence/CAM-05_2239_1788366236468.jpg
929,NOT_READABLE,,,bus,grey,eastbound,CAM-05,Visat teen Rasta,23.1192572,72.5656704,GEOCODED,2026-06-14 00:55:50,overlay,0.96,evidence/CAM-05_2240_1788366236488.jpg
930,NOT_READABLE,,,motorcycle,orange,eastbound,CAM-05,Visat teen Rasta,23.1192572,72.5656704,GEOCODED,2026-06-14 00:55:50,overlay,0.66,evidence/CAM-05_2241_1788366236511.jpg
931,NOT_READABLE,,,bus,green,eastbound,CAM-05,Visat teen Rasta,23.1192572,72.5656704,GEOCODED,2026-06-14 00:55:50,overlay,0.83,evidence/CAM-05_2242_1788366236536.jpg
932,NOT_READABLE,,,car,grey,eastbound,CAM-05,Visat teen Rasta,23.1192572,72.5656704,GEOCODED,2026-06-14 00:55:50,overlay,0.93,evidence/CAM-05_2243_1788366236553.jpg
933,NOT_READABLE,,,car,orange,northbound,CAM-05,Visat teen Rasta,23.1192572,72.5656704,GEOCODED,2026-06-14 00:55:50,overlay,0.92,evidence/CAM-05_2244_1788366236674.jpg
934,NOT_READABLE,,,car,green,southbound,CAM-05,Visat teen Rasta,23.1192572,72.5656704,GEOCODED,2026-06-14 00:55:50,overlay,0.91,evidence/CAM-05_2245_1788366236698.jpg
935,NOT_READABLE,,,bus,grey,eastbound,CAM-05,Visat teen Rasta,23.1192572,72.5656704,GEOCODED,2026-06-14 00:55:50,overlay,0.84,evidence/CAM-05_2247_1788366236724.jpg
936,NOT_READABLE,,,motorcycle,green,southbound,CAM-05,Visat teen Rasta,23.1192572,72.5656704,GEOCODED,2026-06-14 00:55:50,overlay,0.62,evidence/CAM-05_2248_1788366236748.jpg
937,NOT_READABLE,,,bicycle,grey,eastbound,CAM-05,Visat teen Rasta,23.1192572,72.5656704,GEOCODED,2026-06-14 00:55:50,overlay,0.94,evidence/CAM-05_2249_1788366236762.jpg
938,NOT_READABLE,,,bus,red,eastbound,CAM-05,Visat teen Rasta,23.1192572,72.5656704,GEOCODED,2026-06-14 00:55:50,overlay,0.78,evidence/CAM-05_2254_1788366236791.jpg
939,NOT_READABLE,,,car,blue,southbound,CAM-05,Visat teen Rasta,23.1192572,72.5656704,GEOCODED,2026-06-14 00:55:50,overlay,0.84,evidence/CAM-05_2255_1788366236815.jpg
940,NOT_READABLE,,,truck,yellow,eastbound,CAM-05,Visat teen Rasta,23.1192572,72.5656704,GEOCODED,2026-06-14 00:55:50,overlay,0.90,evidence/CAM-05_2256_1788366236916.jpg
942,NOT_READABLE,,,car,grey,northbound,CAM-05,Visat teen Rasta,23.1192572,72.5656704,GEOCODED,2026-06-14 00:55:50,overlay,0.80,evidence/CAM-05_2257_1788366236940.jpg
944,NOT_READABLE,,,bicycle,grey,eastbound,CAM-05,Visat teen Rasta,23.1192572,72.5656704,GEOCODED,2026-06-14 00:55:50,overlay,0.65,evidence/CAM-05_2258_1788366236953.jpg
945,NOT_READABLE,,,motorcycle,grey,northbound,CAM-05,Visat teen Rasta,23.1192572,72.5656704,GEOCODED,2026-06-14 00:55:50,overlay,0.75,evidence/CAM-05_2259_1788366236967.jpg
946,NOT_READABLE,,,motorcycle,green,westbound,CAM-05,Visat teen Rasta,23.1192572,72.5656704,GEOCODED,2026-06-14 00:55:50,overlay,0.66,evidence/CAM-05_2261_1788366236988.jpg
947,NOT_READABLE,,,motorcycle,grey,eastbound,CAM-05,Visat teen Rasta,23.1192572,72.5656704,GEOCODED,2026-06-14 00:55:50,overlay,0.60,evidence/CAM-05_2262_1788366237010.jpg
948,NOT_READABLE,,,bicycle,black,southbound,CAM-05,Visat teen Rasta,23.1192572,72.5656704,GEOCODED,2026-06-14 00:55:50,overlay,0.91,evidence/CAM-05_2263_1788366237031.jpg
949,NOT_READABLE,,,bicycle,blue,eastbound,CAM-05,Visat teen Rasta,23.1192572,72.5656704,GEOCODED,2026-06-14 00:55:50,overlay,0.97,evidence/CAM-05_2264_1788366237050.jpg
950,NOT_READABLE,,,motorcycle,red,southbound,CAM-05,Visat teen Rasta,23.1192572,72.5656704,GEOCODED,2026-06-14 00:55:50,overlay,0.71,evidence/CAM-05_2265_1788366237073.jpg
951,NOT_READABLE,,,bicycle,grey,eastbound,CAM-05,Visat teen Rasta,23.1192572,72.5656704,GEOCODED,2026-06-14 00:55:50,overlay,0.45,evidence/CAM-05_2266_1788366237097.jpg
952,NOT_READABLE,,,bicycle,grey,southbound,CAM-05,Visat teen Rasta,23.1192572,72.5656704,GEOCODED,2026-06-14 00:55:50,overlay,0.92,evidence/CAM-05_2267_1788366237116.jpg
953,NOT_READABLE,,,bicycle,green,westbound,CAM-05,Visat teen Rasta,23.1192572,72.5656704,GEOCODED,2026-06-14 00:55:50,overlay,0.82,evidence/CAM-05_2268_1788366237141.jpg
954,NOT_READABLE,,,motorcycle,grey,eastbound,CAM-05,Visat teen Rasta,23.1192572,72.5656704,GEOCODED,2026-06-14 00:55:50,overlay,0.49,evidence/CAM-05_2271_1788366237164.jpg
955,NOT_READABLE,,,car,grey,westbound,CAM-05,Visat teen Rasta,23.1192572,72.5656704,GEOCODED,2026-06-14 00:55:50,overlay,0.81,evidence/CAM-05_2272_1788366237181.jpg
957,NOT_READABLE,,,motorcycle,green,southbound,CAM-05,Visat teen Rasta,23.1192572,72.5656704,GEOCODED,2026-06-14 00:55:50,overlay,0.52,evidence/CAM-05_2273_1788366237198.jpg
959,NOT_READABLE,,,car,blue,eastbound,CAM-05,Visat teen Rasta,23.1192572,72.5656704,GEOCODED,2026-06-14 00:55:50,overlay,0.95,evidence/CAM-05_2274_1788366237224.jpg
963,NOT_READABLE,,,truck,grey,eastbound,CAM-05,Visat teen Rasta,23.1192572,72.5656704,GEOCODED,2026-06-14 00:55:50,overlay,0.70,evidence/CAM-05_2275_1788366237241.jpg
964,NOT_READABLE,,,motorcycle,grey,stationary,CAM-05,Visat teen Rasta,23.1192572,72.5656704,GEOCODED,2026-06-14 00:55:50,overlay,0.62,evidence/CAM-05_2277_1788366237273.jpg
965,NOT_READABLE,,,bicycle,grey,westbound,CAM-05,Visat teen Rasta,23.1192572,72.5656704,GEOCODED,2026-06-14 00:55:50,overlay,0.59,evidence/CAM-05_2278_1788366237292.jpg
967,NOT_READABLE,,,motorcycle,black,southbound,CAM-05,Visat teen Rasta,23.1192572,72.5656704,GEOCODED,2026-06-14 00:55:50,overlay,0.65,evidence/CAM-05_2283_1788366237319.jpg
968,NOT_READABLE,,,motorcycle,grey,northbound,CAM-05,Visat teen Rasta,23.1192572,72.5656704,GEOCODED,2026-06-14 00:55:50,overlay,5.07,evidence/CAM-05_2285_1788366237438.jpg
969,NOT_READABLE,,,bus,green,eastbound,CAM-05,Visat teen Rasta,23.1192572,72.5656704,GEOCODED,2026-06-14 00:55:50,overlay,0.76,evidence/CAM-05_2286_1788366237594.jpg
970,NOT_READABLE,,,bus,white,eastbound,CAM-05,Visat teen Rasta,23.1192572,72.5656704,GEOCODED,2026-06-14 00:55:50,overlay,0.93,evidence/CAM-05_2288_1788366237651.jpg
971,NOT_READABLE,,,bus,grey,westbound,CAM-05,Visat teen Rasta,23.1192572,72.5656704,GEOCODED,2026-06-14 00:55:50,overlay,0.69,evidence/CAM-05_2289_1788366237849.jpg
972,NOT_READABLE,,,bicycle,grey,southbound,CAM-05,Visat teen Rasta,23.1192572,72.5656704,GEOCODED,2026-06-14 00:55:50,overlay,0.97,evidence/CAM-05_2292_1788366237881.jpg
973,NOT_READABLE,,,truck,grey,eastbound,CAM-05,Visat teen Rasta,23.1192572,72.5656704,GEOCODED,2026-06-14 00:55:50,overlay,0.79,evidence/CAM-05_2293_1788366237909.jpg
974,NOT_READABLE,,,truck,grey,southbound,CAM-05,Visat teen Rasta,23.1192572,72.5656704,GEOCODED,2026-06-14 00:55:50,overlay,0.68,evidence/CAM-05_2294_1788366237943.jpg
975,NOT_READABLE,,,bus,black,northbound,CAM-05,Visat teen Rasta,23.1192572,72.5656704,GEOCODED,2026-06-14 00:55:50,overlay,0.67,evidence/CAM-05_2295_1788366237973.jpg
976,NOT_READABLE,,,truck,green,southbound,CAM-05,Visat teen Rasta,23.1192572,72.5656704,GEOCODED,2026-06-14 00:55:50,overlay,0.66,evidence/CAM-05_2296_1788366238121.jpg
978,NOT_READABLE,,,truck,yellow,northbound,CAM-05,Visat teen Rasta,23.1192572,72.5656704,GEOCODED,2026-06-14 00:55:50,overlay,0.70,evidence/CAM-05_2297_1788366238143.jpg
979,NOT_READABLE,,,truck,grey,westbound,CAM-05,Visat teen Rasta,23.1192572,72.5656704,GEOCODED,2026-06-14 00:55:50,overlay,0.48,evidence/CAM-05_2299_1788366238256.jpg
980,NOT_READABLE,,,car,grey,northbound,CAM-05,Visat teen Rasta,23.1192572,72.5656704,GEOCODED,2026-06-14 00:55:50,overlay,0.93,evidence/CAM-05_2300_1788366238280.jpg
981,NOT_READABLE,,,bicycle,grey,westbound,CAM-05,Visat teen Rasta,23.1192572,72.5656704,GEOCODED,2026-06-14 00:55:50,overlay,0.47,evidence/CAM-05_2301_1788366238303.jpg
982,NOT_READABLE,,,bus,grey,northbound,CAM-05,Visat teen Rasta,23.1192572,72.5656704,GEOCODED,2026-06-14 00:55:50,overlay,0.82,evidence/CAM-05_2302_1788366238392.jpg
983,NOT_READABLE,,,truck,grey,eastbound,CAM-05,Visat teen Rasta,23.1192572,72.5656704,GEOCODED,2026-06-14 00:55:50,overlay,0.54,evidence/CAM-05_2304_1788366238468.jpg
984,NOT_READABLE,,,bicycle,blue,southbound,CAM-05,Visat teen Rasta,23.1192572,72.5656704,GEOCODED,2026-06-14 00:55:50,overlay,0.96,evidence/CAM-05_2305_1788366238556.jpg
985,NOT_READABLE,,,bus,green,northbound,CAM-05,Visat teen Rasta,23.1192572,72.5656704,GEOCODED,2026-06-14 00:55:50,overlay,0.57,evidence/CAM-05_2306_1788366238643.jpg
987,NOT_READABLE,,,bicycle,grey,westbound,CAM-05,Visat teen Rasta,23.1192572,72.5656704,GEOCODED,2026-06-14 00:55:50,overlay,0.76,evidence/CAM-05_2307_1788366238666.jpg
988,NOT_READABLE,,,motorcycle,grey,northbound,CAM-05,Visat teen Rasta,23.1192572,72.5656704,GEOCODED,2026-06-14 00:55:50,overlay,0.78,evidence/CAM-05_2308_1788366238684.jpg
989,NOT_READABLE,,,bicycle,grey,eastbound,CAM-05,Visat teen Rasta,23.1192572,72.5656704,GEOCODED,2026-06-14 00:55:50,overlay,0.79,evidence/CAM-05_2314_1788366238709.jpg
990,NOT_READABLE,,,bicycle,green,westbound,CAM-05,Visat teen Rasta,23.1192572,72.5656704,GEOCODED,2026-06-14 00:55:50,overlay,0.75,evidence/CAM-05_2316_1788366238737.jpg
991,NOT_READABLE,,,bicycle,grey,eastbound,CAM-05,Visat teen Rasta,23.1192572,72.5656704,GEOCODED,2026-06-14 00:55:50,overlay,0.97,evidence/CAM-05_2317_1788366238763.jpg
992,NOT_READABLE,,,car,black,northbound,CAM-05,Visat teen Rasta,23.1192572,72.5656704,GEOCODED,2026-06-14 00:55:50,overlay,0.92,evidence/CAM-05_2318_1788366238783.jpg
993,NOT_READABLE,,,truck,grey,northbound,CAM-05,Visat teen Rasta,23.1192572,72.5656704,GEOCODED,2026-06-14 00:55:50,overlay,0.98,evidence/CAM-05_2319_1788366238803.jpg
994,NOT_READABLE,,,truck,blue,southbound,CAM-05,Visat teen Rasta,23.1192572,72.5656704,GEOCODED,2026-06-14 00:55:50,overlay,0.95,evidence/CAM-05_2325_1788366238818.jpg
995,NOT_READABLE,,,car,grey,westbound,CAM-05,Visat teen Rasta,23.1192572,72.5656704,GEOCODED,2026-06-14 00:55:50,overlay,0.62,evidence/CAM-05_2331_1788366238863.jpg
996,NOT_READABLE,,,motorcycle,grey,westbound,CAM-05,Visat teen Rasta,23.1192572,72.5656704,GEOCODED,2026-06-14 00:55:50,overlay,0.79,evidence/CAM-05_2334_1788366238917.jpg
997,NOT_READABLE,,,bus,grey,eastbound,CAM-05,Visat teen Rasta,23.1192572,72.5656704,GEOCODED,2026-06-14 00:55:50,overlay,0.48,evidence/CAM-05_2335_1788366239036.jpg
998,NOT_READABLE,,,bicycle,grey,northbound,CAM-05,Visat teen Rasta,23.1192572,72.5656704,GEOCODED,2026-06-14 00:55:50,overlay,0.34,evidence/CAM-05_2336_1788366239156.jpg
999,NOT_READABLE,,,bus,grey,southbound,CAM-05,Visat teen Rasta,23.1192572,72.5656704,GEOCODED,2026-06-14 00:55:50,overlay,0.45,evidence/CAM-05_2337_1788366239173.jpg
1000,NOT_READABLE,,,bus,grey,eastbound,CAM-05,Visat teen Rasta,23.1192572,72.5656704,GEOCODED,2026-06-14 00:55:50,overlay,0.54,evidence/CAM-05_2341_1788366239203.jpg
1001,NOT_READABLE,,,car,grey,westbound,CAM-05,Visat teen Rasta,23.1192572,72.5656704,GEOCODED,2026-06-14 00:55:50,overlay,0.45,evidence/CAM-05_2342_1788366239224.jpg
1002,NOT_READABLE,,,motorcycle,grey,southbound,CAM-05,Visat teen Rasta,23.1192572,72.5656704,GEOCODED,2026-06-14 00:55:50,overlay,0.90,evidence/CAM-05_2343_1788366239251.jpg
1003,NOT_READABLE,,,truck,white,stationary,CAM-05,Visat teen Rasta,23.1192572,72.5656704,GEOCODED,2026-06-14 00:55:50,overlay,0.43,evidence/CAM-05_2346_1788366239269.jpg
1005,NOT_READABLE,,,bus,green,northbound,CAM-05,Visat teen Rasta,23.1192572,72.5656704,GEOCODED,2026-06-14 00:55:50,overlay,0.71,evidence/CAM-05_2350_1788366239345.jpg
1006,NOT_READABLE,,,truck,grey,eastbound,CAM-05,Visat teen Rasta,23.1192572,72.5656704,GEOCODED,2026-06-14 00:55:50,overlay,0.99,evidence/CAM-05_2356_1788366239359.jpg
1008,NOT_READABLE,,,truck,white,northbound,CAM-05,Visat teen Rasta,23.1192572,72.5656704,GEOCODED,2026-06-14 00:55:50,overlay,0.46,evidence/CAM-05_2357_1788366239376.jpg
1010,NOT_READABLE,,,bus,grey,eastbound,CAM-05,Visat teen Rasta,23.1192572,72.5656704,GEOCODED,2026-06-14 00:55:50,overlay,0.58,evidence/CAM-05_2362_1788366239392.jpg
1012,NOT_READABLE,,,truck,grey,northbound,CAM-05,Visat teen Rasta,23.1192572,72.5656704,GEOCODED,2026-06-14 00:55:50,overlay,0.44,evidence/CAM-05_2365_1788366239410.jpg
1014,NOT_READABLE,,,bicycle,yellow,northbound,CAM-05,Visat teen Rasta,23.1192572,72.5656704,GEOCODED,2026-06-14 00:55:50,overlay,0.74,evidence/CAM-05_2366_1788366239425.jpg
1016,NOT_READABLE,,,bicycle,grey,eastbound,CAM-05,Visat teen Rasta,23.1192572,72.5656704,GEOCODED,2026-06-14 00:55:50,overlay,0.60,evidence/CAM-05_2367_1788366239441.jpg
1018,NOT_READABLE,,,motorcycle,grey,northbound,CAM-05,Visat teen Rasta,23.1192572,72.5656704,GEOCODED,2026-06-14 00:55:50,overlay,0.41,evidence/CAM-05_2371_1788366239455.jpg
1020,NOT_READABLE,,,bus,grey,stationary,CAM-05,Visat teen Rasta,23.1192572,72.5656704,GEOCODED,2026-06-14 00:55:50,overlay,0.66,evidence/CAM-05_2372_1788366239470.jpg
1022,NOT_READABLE,,,car,green,eastbound,CAM-05,Visat teen Rasta,23.1192572,72.5656704,GEOCODED,2026-06-14 00:55:50,overlay,0.73,evidence/CAM-05_2379_1788366239485.jpg
1024,NOT_READABLE,,,bus,white,eastbound,CAM-05,Visat teen Rasta,23.1192572,72.5656704,GEOCODED,2026-06-14 00:55:50,overlay,0.77,evidence/CAM-05_2386_1788366239500.jpg
1026,NOT_READABLE,,,bicycle,grey,eastbound,CAM-05,Visat teen Rasta,23.1192572,72.5656704,GEOCODED,2026-06-14 00:55:50,overlay,0.59,evidence/CAM-05_2387_1788366239516.jpg
1028,NOT_READABLE,,,car,grey,westbound,CAM-05,Visat teen Rasta,23.1192572,72.5656704,GEOCODED,2026-06-14 00:55:50,overlay,0.47,evidence/CAM-05_2388_1788366239531.jpg
1030,NOT_READABLE,,,motorcycle,grey,northbound,CAM-05,Visat teen Rasta,23.1192572,72.5656704,GEOCODED,2026-06-14 00:55:50,overlay,0.45,evidence/CAM-05_2394_1788366239546.jpg
1031,NOT_READABLE,,,car,grey,stationary,CAM-05,Visat teen Rasta,23.1192572,72.5656704,GEOCODED,2026-06-14 00:55:50,overlay,0.34,evidence/CAM-05_2408_1788366239562.jpg
1032,NOT_READABLE,,,car,grey,stationary,CAM-05,Visat teen Rasta,23.1192572,72.5656704,GEOCODED,2026-06-14 00:55:50,overlay,0.44,evidence/CAM-05_2410_1788366239585.jpg
1033,NOT_READABLE,,,bus,blue,southbound,CAM-05,Visat teen Rasta,23.1192572,72.5656704,GEOCODED,2026-06-14 00:55:50,overlay,0.79,evidence/CAM-05_2411_1788366239604.jpg
1034,NOT_READABLE,,,bicycle,grey,northbound,CAM-05,Visat teen Rasta,23.1192572,72.5656704,GEOCODED,2026-06-14 00:55:50,overlay,0.37,evidence/CAM-05_2412_1788366239624.jpg
1035,NOT_READABLE,,,bicycle,grey,westbound,CAM-05,Visat teen Rasta,23.1192572,72.5656704,GEOCODED,2026-06-14 00:55:50,overlay,0.52,evidence/CAM-05_2414_1788366239645.jpg
1036,NOT_READABLE,,,car,grey,stationary,CAM-05,Visat teen Rasta,23.1192572,72.5656704,GEOCODED,2026-06-14 00:55:50,overlay,0.43,evidence/CAM-05_2436_1788366239667.jpg
1037,NOT_READABLE,,,car,,stationary,CAM-05,Visat teen Rasta,23.1192572,72.5656704,GEOCODED,2026-06-14 00:55:50,overlay,7.53,evidence/CAM-05_2472_1788366239685.jpg
1038,NOT_READABLE,,,bus,,stationary,CAM-05,Visat teen Rasta,23.1192572,72.5656704,GEOCODED,2026-06-14 00:55:50,overlay,9.15,evidence/CAM-05_2474_1788366239798.jpg
1039,NOT_READABLE,,,bus,,northbound,CAM-05,Visat teen Rasta,23.1192572,72.5656704,GEOCODED,2026-06-14 00:55:50,overlay,6.76,evidence/CAM-05_2477_1788366239825.jpg
1040,NOT_READABLE,,,motorcycle,,westbound,CAM-05,Visat teen Rasta,23.1192572,72.5656704,GEOCODED,2026-06-14 00:55:50,overlay,8.35,evidence/CAM-05_2479_1788366239849.jpg
1041,NOT_READABLE,,,bicycle,,westbound,CAM-05,Visat teen Rasta,23.1192572,72.5656704,GEOCODED,2026-06-14 00:55:50,overlay,2.67,evidence/CAM-05_2483_1788366239869.jpg
1042,NOT_READABLE,,,bicycle,,stationary,CAM-05,Visat teen Rasta,23.1192572,72.5656704,GEOCODED,2026-06-14 00:55:50,overlay,8.58,evidence/CAM-05_2484_1788366239888.jpg
1048,NOT_READABLE,,,car,grey,northbound,CAM-05,Visat teen Rasta,23.1192572,72.5656704,GEOCODED,2026-06-14 00:55:53,overlay,4.92,evidence/CAM-05_2010_1788366246235.jpg
1049,NOT_READABLE,,,bus,grey,northbound,CAM-05,Visat teen Rasta,23.1192572,72.5656704,GEOCODED,2026-06-14 00:55:53,overlay,1.32,evidence/CAM-05_2225_1788366246257.jpg
1050,NOT_READABLE,,,bicycle,grey,westbound,CAM-05,Visat teen Rasta,23.1192572,72.5656704,GEOCODED,2026-06-14 00:55:53,overlay,1.18,evidence/CAM-05_2250_1788366246279.jpg
1051,NOT_READABLE,,,car,blue,eastbound,CAM-05,Visat teen Rasta,23.1192572,72.5656704,GEOCODED,2026-06-14 00:55:53,overlay,0.94,evidence/CAM-05_2309_1788366246302.jpg
1118,NOT_READABLE,,,bus,orange,southbound,CAM-04,,23.0146,72.5679,APPROXIMATE,2026-06-14 00:55:55,overlay,4.35,evidence/CAM-04_282_1788366260846.jpg
1119,NOT_READABLE,,,motorcycle,orange,eastbound,CAM-04,,23.0146,72.5679,APPROXIMATE,2026-06-14 00:55:55,overlay,0.41,evidence/CAM-04_286_1788366260964.jpg
1120,NOT_READABLE,,,bicycle,blue,westbound,CAM-04,,23.0146,72.5679,APPROXIMATE,2026-06-14 00:55:55,overlay,0.41,evidence/CAM-04_287_1788366261148.jpg
809,NOT_READABLE,,,car,black,westbound,CAM-01,Chiman bhai Bridge,23.0064,72.5698,APPROXIMATE,2026-06-14 00:55:56,overlay,0.35,evidence/CAM-01_1524_1788366231483.jpg
1116,NOT_READABLE,,,car,grey,southbound,CAM-05,Visat teen Rasta,23.1192572,72.5656704,GEOCODED,2026-06-14 00:55:57,overlay,0.56,evidence/CAM-05_2869_1788366259134.jpg
1117,NOT_READABLE,,,car,grey,eastbound,CAM-05,Visat teen Rasta,23.1192572,72.5656704,GEOCODED,2026-06-14 00:55:57,overlay,2.35,evidence/CAM-05_2872_1788366259253.jpg
1121,NOT_READABLE,,,bicycle,,stationary,CAM-05,Visat teen Rasta,23.1192572,72.5656704,GEOCODED,2026-06-14 00:55:58,overlay,4.67,evidence/CAM-05_2878_1788366261543.jpg
1370,NOT_READABLE,,,car,blue,westbound,CAM-04,,23.0146,72.5679,APPROXIMATE,2026-06-14 00:56:01,overlay,6.73,evidence/CAM-04_276_1788366270252.jpg
1373,NOT_READABLE,,,car,green,stationary,CAM-04,,23.0146,72.5679,APPROXIMATE,2026-06-14 00:56:01,overlay,7.18,evidence/CAM-04_278_1788366270280.jpg
1375,NOT_READABLE,,,bicycle,yellow,stationary,CAM-04,,23.0146,72.5679,APPROXIMATE,2026-06-14 00:56:01,overlay,6.17,evidence/CAM-04_284_1788366270303.jpg
1377,NOT_READABLE,,,bicycle,,stationary,CAM-04,,23.0146,72.5679,APPROXIMATE,2026-06-14 00:56:01,overlay,5.66,evidence/CAM-04_288_1788366270326.jpg
1379,NOT_READABLE,,,motorcycle,,stationary,CAM-04,,23.0146,72.5679,APPROXIMATE,2026-06-14 00:56:01,overlay,4.91,evidence/CAM-04_289_1788366270351.jpg
1381,NOT_READABLE,,,bus,,westbound,CAM-04,,23.0146,72.5679,APPROXIMATE,2026-06-14 00:56:01,overlay,4.89,evidence/CAM-04_290_1788366270378.jpg
1383,NOT_READABLE,,,truck,,stationary,CAM-04,,23.0146,72.5679,APPROXIMATE,2026-06-14 00:56:01,overlay,7.44,evidence/CAM-04_291_1788366270401.jpg
1385,NOT_READABLE,,,car,,eastbound,CAM-04,,23.0146,72.5679,APPROXIMATE,2026-06-14 00:56:01,overlay,5.53,evidence/CAM-04_292_1788366270432.jpg
1388,NOT_READABLE,,,car,,northbound,CAM-04,,23.0146,72.5679,APPROXIMATE,2026-06-14 00:56:01,overlay,3.91,evidence/CAM-04_295_1788366270464.jpg
1389,NOT_READABLE,,,car,,southbound,CAM-04,,23.0146,72.5679,APPROXIMATE,2026-06-14 00:56:01,overlay,4.26,evidence/CAM-04_297_1788366270495.jpg
1392,NOT_READABLE,,,truck,yellow,eastbound,CAM-04,,23.0146,72.5679,APPROXIMATE,2026-06-14 00:56:01,overlay,8.52,evidence/CAM-04_300_1788366270671.jpg
1394,NOT_READABLE,,,truck,blue,northbound,CAM-04,,23.0146,72.5679,APPROXIMATE,2026-06-14 00:56:01,overlay,3.54,evidence/CAM-04_305_1788366270695.jpg
1396,NOT_READABLE,,,bicycle,blue,westbound,CAM-04,,23.0146,72.5679,APPROXIMATE,2026-06-14 00:56:01,overlay,6.80,evidence/CAM-04_309_1788366270835.jpg
1398,NOT_READABLE,,,bicycle,green,stationary,CAM-04,,23.0146,72.5679,APPROXIMATE,2026-06-14 00:56:01,overlay,4.34,evidence/CAM-04_310_1788366271121.jpg
1401,NOT_READABLE,,,bus,,southbound,CAM-04,,23.0146,72.5679,APPROXIMATE,2026-06-14 00:56:01,overlay,4.97,evidence/CAM-04_490_1788366271490.jpg
1403,NOT_READABLE,,,truck,,northbound,CAM-04,,23.0146,72.5679,APPROXIMATE,2026-06-14 00:56:01,overlay,7.42,evidence/CAM-04_492_1788366271528.jpg
1405,NOT_READABLE,,,truck,,westbound,CAM-04,,23.0146,72.5679,APPROXIMATE,2026-06-14 00:56:01,overlay,5.96,evidence/CAM-04_493_1788366271557.jpg
1407,NOT_READABLE,,,motorcycle,,southbound,CAM-04,,23.0146,72.5679,APPROXIMATE,2026-06-14 00:56:01,overlay,1.47,evidence/CAM-04_494_1788366271584.jpg
1126,NOT_READABLE,,,truck,,westbound,CAM-05,Visat teen Rasta,23.1192572,72.5656704,GEOCODED,2026-06-14 00:56:01,overlay,2.90,evidence/CAM-05_2879_1788366263978.jpg
1128,NOT_READABLE,,,car,black,eastbound,CAM-05,Visat teen Rasta,23.1192572,72.5656704,GEOCODED,2026-06-14 00:56:01,overlay,0.54,evidence/CAM-05_2952_1788366263995.jpg
1130,NOT_READABLE,,,bicycle,black,westbound,CAM-05,Visat teen Rasta,23.1192572,72.5656704,GEOCODED,2026-06-14 00:56:01,overlay,1.54,evidence/CAM-05_2994_1788366264010.jpg
941,NOT_READABLE,,,truck,grey,stationary,CAM-01,Chiman bhai Bridge,23.0064,72.5698,APPROXIMATE,2026-06-14 00:56:02,overlay,0.48,evidence/CAM-01_1547_1788366236938.jpg
943,NOT_READABLE,,,truck,grey,stationary,CAM-01,Chiman bhai Bridge,23.0064,72.5698,APPROXIMATE,2026-06-14 00:56:02,overlay,0.33,evidence/CAM-01_1549_1788366236951.jpg
1140,NOT_READABLE,,,car,grey,southbound,CAM-05,Visat teen Rasta,23.1192572,72.5656704,GEOCODED,2026-06-14 00:56:02,overlay,0.44,evidence/CAM-05_2865_1788366264322.jpg
1142,NOT_READABLE,,,bus,grey,eastbound,CAM-05,Visat teen Rasta,23.1192572,72.5656704,GEOCODED,2026-06-14 00:56:02,overlay,6.22,evidence/CAM-05_2870_1788366264337.jpg
1144,NOT_READABLE,,,bicycle,grey,northbound,CAM-05,Visat teen Rasta,23.1192572,72.5656704,GEOCODED,2026-06-14 00:56:02,overlay,4.98,evidence/CAM-05_2871_1788366264368.jpg
1146,NOT_READABLE,,,car,,eastbound,CAM-05,Visat teen Rasta,23.1192572,72.5656704,GEOCODED,2026-06-14 00:56:02,overlay,4.75,evidence/CAM-05_2873_1788366264386.jpg
1148,NOT_READABLE,,,truck,,eastbound,CAM-05,Visat teen Rasta,23.1192572,72.5656704,GEOCODED,2026-06-14 00:56:02,overlay,9.22,evidence/CAM-05_2876_1788366264404.jpg
1150,NOT_READABLE,,,bicycle,,eastbound,CAM-05,Visat teen Rasta,23.1192572,72.5656704,GEOCODED,2026-06-14 00:56:02,overlay,3.98,evidence/CAM-05_2877_1788366264422.jpg
1152,NOT_READABLE,,,car,,southbound,CAM-05,Visat teen Rasta,23.1192572,72.5656704,GEOCODED,2026-06-14 00:56:02,overlay,4.74,evidence/CAM-05_2880_1788366264440.jpg
1154,NOT_READABLE,,,bus,,southbound,CAM-05,Visat teen Rasta,23.1192572,72.5656704,GEOCODED,2026-06-14 00:56:02,overlay,2.38,evidence/CAM-05_2882_1788366264459.jpg
1156,NOT_READABLE,,,car,grey,stationary,CAM-05,Visat teen Rasta,23.1192572,72.5656704,GEOCODED,2026-06-14 00:56:02,overlay,6.29,evidence/CAM-05_2884_1788366264477.jpg
1158,NOT_READABLE,,,bus,grey,southbound,CAM-05,Visat teen Rasta,23.1192572,72.5656704,GEOCODED,2026-06-14 00:56:02,overlay,2.30,evidence/CAM-05_2885_1788366264498.jpg
1160,NOT_READABLE,,,bus,grey,westbound,CAM-05,Visat teen Rasta,23.1192572,72.5656704,GEOCODED,2026-06-14 00:56:02,overlay,2.74,evidence/CAM-05_2886_1788366264521.jpg
1162,NOT_READABLE,,,motorcycle,grey,northbound,CAM-05,Visat teen Rasta,23.1192572,72.5656704,GEOCODED,2026-06-14 00:56:02,overlay,3.11,evidence/CAM-05_2887_1788366264543.jpg
1164,NOT_READABLE,,,motorcycle,grey,northbound,CAM-05,Visat teen Rasta,23.1192572,72.5656704,GEOCODED,2026-06-14 00:56:02,overlay,3.11,evidence/CAM-05_2888_1788366264562.jpg
1166,NOT_READABLE,,,bicycle,grey,eastbound,CAM-05,Visat teen Rasta,23.1192572,72.5656704,GEOCODED,2026-06-14 00:56:02,overlay,0.73,evidence/CAM-05_2889_1788366264580.jpg
1168,NOT_READABLE,,,bus,grey,northbound,CAM-05,Visat teen Rasta,23.1192572,72.5656704,GEOCODED,2026-06-14 00:56:02,overlay,0.99,evidence/CAM-05_2890_1788366264603.jpg
1170,NOT_READABLE,,,bicycle,grey,northbound,CAM-05,Visat teen Rasta,23.1192572,72.5656704,GEOCODED,2026-06-14 00:56:02,overlay,0.85,evidence/CAM-05_2891_1788366264721.jpg
1172,NOT_READABLE,,,motorcycle,grey,northbound,CAM-05,Visat teen Rasta,23.1192572,72.5656704,GEOCODED,2026-06-14 00:56:02,overlay,3.52,evidence/CAM-05_2892_1788366264744.jpg
1173,NOT_READABLE,,,bicycle,grey,westbound,CAM-05,Visat teen Rasta,23.1192572,72.5656704,GEOCODED,2026-06-14 00:56:02,overlay,0.92,evidence/CAM-05_2893_1788366264761.jpg
1175,NOT_READABLE,,,bus,black,stationary,CAM-05,Visat teen Rasta,23.1192572,72.5656704,GEOCODED,2026-06-14 00:56:02,overlay,1.96,evidence/CAM-05_2894_1788366264860.jpg
1177,NOT_READABLE,,,motorcycle,green,northbound,CAM-05,Visat teen Rasta,23.1192572,72.5656704,GEOCODED,2026-06-14 00:56:02,overlay,2.07,evidence/CAM-05_2895_1788366264901.jpg
1179,NOT_READABLE,,,car,grey,southbound,CAM-05,Visat teen Rasta,23.1192572,72.5656704,GEOCODED,2026-06-14 00:56:02,overlay,1.38,evidence/CAM-05_2896_1788366264961.jpg
1181,NOT_READABLE,,,bus,orange,westbound,CAM-05,Visat teen Rasta,23.1192572,72.5656704,GEOCODED,2026-06-14 00:56:02,overlay,2.62,evidence/CAM-05_2897_1788366264977.jpg
1183,NOT_READABLE,,,bicycle,grey,northbound,CAM-05,Visat teen Rasta,23.1192572,72.5656704,GEOCODED,2026-06-14 00:56:02,overlay,2.14,evidence/CAM-05_2898_1788366264994.jpg
1184,NOT_READABLE,,,truck,grey,westbound,CAM-05,Visat teen Rasta,23.1192572,72.5656704,GEOCODED,2026-06-14 00:56:02,overlay,3.69,evidence/CAM-05_2899_1788366265019.jpg
1187,NOT_READABLE,,,truck,black,eastbound,CAM-05,Visat teen Rasta,23.1192572,72.5656704,GEOCODED,2026-06-14 00:56:02,overlay,0.66,evidence/CAM-05_2900_1788366265041.jpg
1189,NOT_READABLE,,,bicycle,grey,westbound,CAM-05,Visat teen Rasta,23.1192572,72.5656704,GEOCODED,2026-06-14 00:56:02,overlay,0.67,evidence/CAM-05_2901_1788366265069.jpg
1191,NOT_READABLE,,,motorcycle,grey,westbound,CAM-05,Visat teen Rasta,23.1192572,72.5656704,GEOCODED,2026-06-14 00:56:02,overlay,0.83,evidence/CAM-05_2902_1788366265102.jpg
1194,NOT_READABLE,,,bus,green,eastbound,CAM-05,Visat teen Rasta,23.1192572,72.5656704,GEOCODED,2026-06-14 00:56:02,overlay,0.65,evidence/CAM-05_2903_1788366265122.jpg
1196,NOT_READABLE,,,truck,orange,westbound,CAM-05,Visat teen Rasta,23.1192572,72.5656704,GEOCODED,2026-06-14 00:56:02,overlay,0.69,evidence/CAM-05_2904_1788366265256.jpg
1198,NOT_READABLE,,,car,grey,northbound,CAM-05,Visat teen Rasta,23.1192572,72.5656704,GEOCODED,2026-06-14 00:56:02,overlay,0.94,evidence/CAM-05_2905_1788366265272.jpg
1201,NOT_READABLE,,,truck,black,westbound,CAM-05,Visat teen Rasta,23.1192572,72.5656704,GEOCODED,2026-06-14 00:56:02,overlay,0.95,evidence/CAM-05_2906_1788366265405.jpg
1203,NOT_READABLE,,,motorcycle,grey,southbound,CAM-05,Visat teen Rasta,23.1192572,72.5656704,GEOCODED,2026-06-14 00:56:02,overlay,0.86,evidence/CAM-05_2907_1788366265455.jpg
1204,NOT_READABLE,,,car,grey,eastbound,CAM-05,Visat teen Rasta,23.1192572,72.5656704,GEOCODED,2026-06-14 00:56:02,overlay,0.70,evidence/CAM-05_2908_1788366265488.jpg
1205,NOT_READABLE,,,car,orange,westbound,CAM-05,Visat teen Rasta,23.1192572,72.5656704,GEOCODED,2026-06-14 00:56:02,overlay,0.65,evidence/CAM-05_2909_1788366265519.jpg
1206,NOT_READABLE,,,truck,black,eastbound,CAM-05,Visat teen Rasta,23.1192572,72.5656704,GEOCODED,2026-06-14 00:56:02,overlay,0.89,evidence/CAM-05_2910_1788366265548.jpg
1207,NOT_READABLE,,,car,grey,westbound,CAM-05,Visat teen Rasta,23.1192572,72.5656704,GEOCODED,2026-06-14 00:56:02,overlay,0.62,evidence/CAM-05_2911_1788366265579.jpg
1208,NOT_READABLE,,,bus,grey,southbound,CAM-05,Visat teen Rasta,23.1192572,72.5656704,GEOCODED,2026-06-14 00:56:02,overlay,0.92,evidence/CAM-05_2912_1788366265611.jpg
1209,NOT_READABLE,,,bus,grey,southbound,CAM-05,Visat teen Rasta,23.1192572,72.5656704,GEOCODED,2026-06-14 00:56:02,overlay,0.91,evidence/CAM-05_2913_1788366265676.jpg
1210,NOT_READABLE,,,car,grey,northbound,CAM-05,Visat teen Rasta,23.1192572,72.5656704,GEOCODED,2026-06-14 00:56:02,overlay,4.31,evidence/CAM-05_2914_1788366265696.jpg
1211,NOT_READABLE,,,car,grey,westbound,CAM-05,Visat teen Rasta,23.1192572,72.5656704,GEOCODED,2026-06-14 00:56:02,overlay,1.64,evidence/CAM-05_2915_1788366265861.jpg
1212,NOT_READABLE,,,bus,grey,northbound,CAM-05,Visat teen Rasta,23.1192572,72.5656704,GEOCODED,2026-06-14 00:56:02,overlay,0.95,evidence/CAM-05_2916_1788366265892.jpg
1213,NOT_READABLE,,,bus,grey,southbound,CAM-05,Visat teen Rasta,23.1192572,72.5656704,GEOCODED,2026-06-14 00:56:02,overlay,0.90,evidence/CAM-05_2917_1788366265932.jpg
1214,NOT_READABLE,,,bus,grey,southbound,CAM-05,Visat teen Rasta,23.1192572,72.5656704,GEOCODED,2026-06-14 00:56:02,overlay,0.80,evidence/CAM-05_2918_1788366265962.jpg
1215,NOT_READABLE,,,bicycle,grey,eastbound,CAM-05,Visat teen Rasta,23.1192572,72.5656704,GEOCODED,2026-06-14 00:56:02,overlay,0.76,evidence/CAM-05_2919_1788366265979.jpg
1216,NOT_READABLE,,,bus,grey,westbound,CAM-05,Visat teen Rasta,23.1192572,72.5656704,GEOCODED,2026-06-14 00:56:02,overlay,2.42,evidence/CAM-05_2920_1788366266013.jpg
1217,NOT_READABLE,,,truck,grey,eastbound,CAM-05,Visat teen Rasta,23.1192572,72.5656704,GEOCODED,2026-06-14 00:56:02,overlay,0.86,evidence/CAM-05_2922_1788366266046.jpg
1218,NOT_READABLE,,,bicycle,grey,stationary,CAM-05,Visat teen Rasta,23.1192572,72.5656704,GEOCODED,2026-06-14 00:56:02,overlay,0.43,evidence/CAM-05_2923_1788366266295.jpg
1220,NOT_READABLE,,,car,grey,eastbound,CAM-05,Visat teen Rasta,23.1192572,72.5656704,GEOCODED,2026-06-14 00:56:02,overlay,0.65,evidence/CAM-05_2924_1788366266317.jpg
1222,NOT_READABLE,,,car,white,eastbound,CAM-05,Visat teen Rasta,23.1192572,72.5656704,GEOCODED,2026-06-14 00:56:02,overlay,0.76,evidence/CAM-05_2926_1788366266367.jpg
1224,NOT_READABLE,,,car,grey,westbound,CAM-05,Visat teen Rasta,23.1192572,72.5656704,GEOCODED,2026-06-14 00:56:02,overlay,0.44,evidence/CAM-05_2928_1788366266396.jpg
1226,NOT_READABLE,,,bicycle,grey,eastbound,CAM-05,Visat teen Rasta,23.1192572,72.5656704,GEOCODED,2026-06-14 00:56:02,overlay,1.53,evidence/CAM-05_2929_1788366266418.jpg
1228,NOT_READABLE,,,truck,grey,westbound,CAM-05,Visat teen Rasta,23.1192572,72.5656704,GEOCODED,2026-06-14 00:56:02,overlay,0.93,evidence/CAM-05_2930_1788366266441.jpg
1229,NOT_READABLE,,,car,grey,westbound,CAM-05,Visat teen Rasta,23.1192572,72.5656704,GEOCODED,2026-06-14 00:56:02,overlay,0.56,evidence/CAM-05_2931_1788366266458.jpg
1230,NOT_READABLE,,,car,grey,southbound,CAM-05,Visat teen Rasta,23.1192572,72.5656704,GEOCODED,2026-06-14 00:56:02,overlay,0.76,evidence/CAM-05_2933_1788366266481.jpg
1231,NOT_READABLE,,,bus,grey,stationary,CAM-05,Visat teen Rasta,23.1192572,72.5656704,GEOCODED,2026-06-14 00:56:02,overlay,0.42,evidence/CAM-05_2937_1788366266505.jpg
1232,NOT_READABLE,,,car,white,westbound,CAM-05,Visat teen Rasta,23.1192572,72.5656704,GEOCODED,2026-06-14 00:56:02,overlay,0.42,evidence/CAM-05_2938_1788366266524.jpg
1233,NOT_READABLE,,,bus,grey,northbound,CAM-05,Visat teen Rasta,23.1192572,72.5656704,GEOCODED,2026-06-14 00:56:02,overlay,0.44,evidence/CAM-05_2939_1788366266547.jpg
1234,NOT_READABLE,,,bicycle,grey,eastbound,CAM-05,Visat teen Rasta,23.1192572,72.5656704,GEOCODED,2026-06-14 00:56:02,overlay,0.67,evidence/CAM-05_2940_1788366266569.jpg
1235,NOT_READABLE,,,motorcycle,grey,westbound,CAM-05,Visat teen Rasta,23.1192572,72.5656704,GEOCODED,2026-06-14 00:56:02,overlay,0.67,evidence/CAM-05_2942_1788366266596.jpg
1236,NOT_READABLE,,,bicycle,black,northbound,CAM-05,Visat teen Rasta,23.1192572,72.5656704,GEOCODED,2026-06-14 00:56:02,overlay,0.92,evidence/CAM-05_2943_1788366266619.jpg
1237,NOT_READABLE,,,bicycle,red,eastbound,CAM-05,Visat teen Rasta,23.1192572,72.5656704,GEOCODED,2026-06-14 00:56:02,overlay,0.56,evidence/CAM-05_2945_1788366266701.jpg
1238,NOT_READABLE,,,truck,grey,southbound,CAM-05,Visat teen Rasta,23.1192572,72.5656704,GEOCODED,2026-06-14 00:56:02,overlay,0.95,evidence/CAM-05_2946_1788366266731.jpg
1239,NOT_READABLE,,,bus,grey,eastbound,CAM-05,Visat teen Rasta,23.1192572,72.5656704,GEOCODED,2026-06-14 00:56:02,overlay,0.45,evidence/CAM-05_2947_1788366266886.jpg
1240,NOT_READABLE,,,truck,black,westbound,CAM-05,Visat teen Rasta,23.1192572,72.5656704,GEOCODED,2026-06-14 00:56:02,overlay,0.42,evidence/CAM-05_2948_1788366266912.jpg
1241,NOT_READABLE,,,bus,grey,westbound,CAM-05,Visat teen Rasta,23.1192572,72.5656704,GEOCODED,2026-06-14 00:56:02,overlay,0.61,evidence/CAM-05_2949_1788366266926.jpg
1242,NOT_READABLE,,,truck,black,eastbound,CAM-05,Visat teen Rasta,23.1192572,72.5656704,GEOCODED,2026-06-14 00:56:02,overlay,0.42,evidence/CAM-05_2950_1788366267029.jpg
1243,NOT_READABLE,,,bus,black,southbound,CAM-05,Visat teen Rasta,23.1192572,72.5656704,GEOCODED,2026-06-14 00:56:02,overlay,3.86,evidence/CAM-05_2951_1788366267052.jpg
1244,NOT_READABLE,,,bicycle,grey,westbound,CAM-05,Visat teen Rasta,23.1192572,72.5656704,GEOCODED,2026-06-14 00:56:02,overlay,0.42,evidence/CAM-05_2953_1788366267101.jpg
1245,NOT_READABLE,,,bicycle,black,southbound,CAM-05,Visat teen Rasta,23.1192572,72.5656704,GEOCODED,2026-06-14 00:56:02,overlay,0.70,evidence/CAM-05_2954_1788366267126.jpg
1246,NOT_READABLE,,,bicycle,grey,westbound,CAM-05,Visat teen Rasta,23.1192572,72.5656704,GEOCODED,2026-06-14 00:56:02,overlay,0.45,evidence/CAM-05_2955_1788366267157.jpg
1247,NOT_READABLE,,,bicycle,grey,eastbound,CAM-05,Visat teen Rasta,23.1192572,72.5656704,GEOCODED,2026-06-14 00:56:02,overlay,0.79,evidence/CAM-05_2956_1788366267179.jpg
1248,NOT_READABLE,,,motorcycle,grey,stationary,CAM-05,Visat teen Rasta,23.1192572,72.5656704,GEOCODED,2026-06-14 00:56:02,overlay,0.93,evidence/CAM-05_2959_1788366267204.jpg
1249,NOT_READABLE,,,bicycle,grey,northbound,CAM-05,Visat teen Rasta,23.1192572,72.5656704,GEOCODED,2026-06-14 00:56:02,overlay,0.47,evidence/CAM-05_2961_1788366267223.jpg
1250,NOT_READABLE,,,bicycle,grey,southbound,CAM-05,Visat teen Rasta,23.1192572,72.5656704,GEOCODED,2026-06-14 00:56:02,overlay,0.48,evidence/CAM-05_2962_1788366267239.jpg
1251,NOT_READABLE,,,car,grey,stationary,CAM-05,Visat teen Rasta,23.1192572,72.5656704,GEOCODED,2026-06-14 00:56:02,overlay,0.58,evidence/CAM-05_2966_1788366267253.jpg
1252,NOT_READABLE,,,bus,red,northbound,CAM-05,Visat teen Rasta,23.1192572,72.5656704,GEOCODED,2026-06-14 00:56:02,overlay,0.40,evidence/CAM-05_2967_1788366267373.jpg
1253,NOT_READABLE,,,car,grey,eastbound,CAM-05,Visat teen Rasta,23.1192572,72.5656704,GEOCODED,2026-06-14 00:56:02,overlay,0.46,evidence/CAM-05_2969_1788366267398.jpg
1254,NOT_READABLE,,,car,blue,northbound,CAM-05,Visat teen Rasta,23.1192572,72.5656704,GEOCODED,2026-06-14 00:56:02,overlay,0.57,evidence/CAM-05_2970_1788366267502.jpg
1255,NOT_READABLE,,,truck,grey,westbound,CAM-05,Visat teen Rasta,23.1192572,72.5656704,GEOCODED,2026-06-14 00:56:02,overlay,0.84,evidence/CAM-05_2971_1788366267527.jpg
1256,NOT_READABLE,,,motorcycle,grey,northbound,CAM-05,Visat teen Rasta,23.1192572,72.5656704,GEOCODED,2026-06-14 00:56:02,overlay,0.65,evidence/CAM-05_2975_1788366267541.jpg
1257,NOT_READABLE,,,bus,grey,southbound,CAM-05,Visat teen Rasta,23.1192572,72.5656704,GEOCODED,2026-06-14 00:56:02,overlay,0.37,evidence/CAM-05_2977_1788366267567.jpg
1258,NOT_READABLE,,,car,grey,westbound,CAM-05,Visat teen Rasta,23.1192572,72.5656704,GEOCODED,2026-06-14 00:56:02,overlay,0.87,evidence/CAM-05_2979_1788366267596.jpg
1259,NOT_READABLE,,,truck,black,stationary,CAM-05,Visat teen Rasta,23.1192572,72.5656704,GEOCODED,2026-06-14 00:56:02,overlay,0.46,evidence/CAM-05_2983_1788366267639.jpg
1260,NOT_READABLE,,,motorcycle,black,stationary,CAM-05,Visat teen Rasta,23.1192572,72.5656704,GEOCODED,2026-06-14 00:56:02,overlay,0.45,evidence/CAM-05_2987_1788366267661.jpg
1261,NOT_READABLE,,,car,grey,southbound,CAM-05,Visat teen Rasta,23.1192572,72.5656704,GEOCODED,2026-06-14 00:56:02,overlay,0.48,evidence/CAM-05_2989_1788366267686.jpg
1262,NOT_READABLE,,,bicycle,black,stationary,CAM-05,Visat teen Rasta,23.1192572,72.5656704,GEOCODED,2026-06-14 00:56:02,overlay,0.44,evidence/CAM-05_2992_1788366267745.jpg
1263,NOT_READABLE,,,bus,grey,eastbound,CAM-05,Visat teen Rasta,23.1192572,72.5656704,GEOCODED,2026-06-14 00:56:02,overlay,0.77,evidence/CAM-05_2996_1788366267769.jpg
1265,NOT_READABLE,,,bus,green,westbound,CAM-05,Visat teen Rasta,23.1192572,72.5656704,GEOCODED,2026-06-14 00:56:02,overlay,0.41,evidence/CAM-05_2997_1788366267827.jpg
1267,NOT_READABLE,,,bicycle,grey,eastbound,CAM-05,Visat teen Rasta,23.1192572,72.5656704,GEOCODED,2026-06-14 00:56:02,overlay,0.97,evidence/CAM-05_3000_1788366267859.jpg
1269,NOT_READABLE,,,car,grey,westbound,CAM-05,Visat teen Rasta,23.1192572,72.5656704,GEOCODED,2026-06-14 00:56:02,overlay,0.48,evidence/CAM-05_3003_1788366267876.jpg
1271,NOT_READABLE,,,bicycle,grey,southbound,CAM-05,Visat teen Rasta,23.1192572,72.5656704,GEOCODED,2026-06-14 00:56:02,overlay,0.84,evidence/CAM-05_3004_1788366267892.jpg
1273,NOT_READABLE,,,bus,grey,eastbound,CAM-05,Visat teen Rasta,23.1192572,72.5656704,GEOCODED,2026-06-14 00:56:02,overlay,0.51,evidence/CAM-05_3010_1788366267908.jpg
1275,NOT_READABLE,,,car,grey,northbound,CAM-05,Visat teen Rasta,23.1192572,72.5656704,GEOCODED,2026-06-14 00:56:02,overlay,0.40,evidence/CAM-05_3011_1788366267926.jpg
1277,NOT_READABLE,,,car,grey,southbound,CAM-05,Visat teen Rasta,23.1192572,72.5656704,GEOCODED,2026-06-14 00:56:02,overlay,0.39,evidence/CAM-05_3014_1788366267951.jpg
1279,NOT_READABLE,,,car,black,westbound,CAM-05,Visat teen Rasta,23.1192572,72.5656704,GEOCODED,2026-06-14 00:56:02,overlay,0.55,evidence/CAM-05_3020_1788366267966.jpg
1281,NOT_READABLE,,,car,grey,northbound,CAM-05,Visat teen Rasta,23.1192572,72.5656704,GEOCODED,2026-06-14 00:56:02,overlay,0.43,evidence/CAM-05_3025_1788366267982.jpg
1283,NOT_READABLE,,,motorcycle,grey,southbound,CAM-05,Visat teen Rasta,23.1192572,72.5656704,GEOCODED,2026-06-14 00:56:02,overlay,0.43,evidence/CAM-05_3028_1788366267998.jpg
1285,NOT_READABLE,,,car,green,stationary,CAM-05,Visat teen Rasta,23.1192572,72.5656704,GEOCODED,2026-06-14 00:56:02,overlay,0.59,evidence/CAM-05_3030_1788366268016.jpg
1287,NOT_READABLE,,,truck,grey,westbound,CAM-05,Visat teen Rasta,23.1192572,72.5656704,GEOCODED,2026-06-14 00:56:02,overlay,0.40,evidence/CAM-05_3032_1788366268033.jpg
1289,NOT_READABLE,,,bus,grey,stationary,CAM-05,Visat teen Rasta,23.1192572,72.5656704,GEOCODED,2026-06-14 00:56:02,overlay,0.54,evidence/CAM-05_3042_1788366268049.jpg
1291,NOT_READABLE,,,motorcycle,grey,stationary,CAM-05,Visat teen Rasta,23.1192572,72.5656704,GEOCODED,2026-06-14 00:56:02,overlay,0.49,evidence/CAM-05_3068_1788366268064.jpg
1293,NOT_READABLE,,,bus,,eastbound,CAM-05,Visat teen Rasta,23.1192572,72.5656704,GEOCODED,2026-06-14 00:56:02,overlay,2.19,evidence/CAM-05_3094_1788366268083.jpg
1295,NOT_READABLE,,,car,,southbound,CAM-05,Visat teen Rasta,23.1192572,72.5656704,GEOCODED,2026-06-14 00:56:02,overlay,9.05,evidence/CAM-05_3095_1788366268099.jpg
1297,NOT_READABLE,,,bicycle,grey,southbound,CAM-05,Visat teen Rasta,23.1192572,72.5656704,GEOCODED,2026-06-14 00:56:02,overlay,0.77,evidence/CAM-05_3096_1788366268124.jpg
1299,NOT_READABLE,,,motorcycle,grey,eastbound,CAM-05,Visat teen Rasta,23.1192572,72.5656704,GEOCODED,2026-06-14 00:56:02,overlay,1.29,evidence/CAM-05_3099_1788366268143.jpg
1301,NOT_READABLE,,,bicycle,grey,eastbound,CAM-05,Visat teen Rasta,23.1192572,72.5656704,GEOCODED,2026-06-14 00:56:02,overlay,3.00,evidence/CAM-05_3100_1788366268161.jpg
1303,NOT_READABLE,,,bicycle,grey,eastbound,CAM-05,Visat teen Rasta,23.1192572,72.5656704,GEOCODED,2026-06-14 00:56:02,overlay,2.59,evidence/CAM-05_3101_1788366268180.jpg
1305,NOT_READABLE,,,motorcycle,,northbound,CAM-05,Visat teen Rasta,23.1192572,72.5656704,GEOCODED,2026-06-14 00:56:02,overlay,6.99,evidence/CAM-05_3103_1788366268196.jpg
977,NOT_READABLE,,,car,purple,stationary,CAM-01,Chiman bhai Bridge,23.0064,72.5698,APPROXIMATE,2026-06-14 00:56:02,overlay,0.34,evidence/CAM-01_1548_1788366238142.jpg
986,NOT_READABLE,,,car,grey,northbound,CAM-01,Chiman bhai Bridge,23.0064,72.5698,APPROXIMATE,2026-06-14 00:56:03,overlay,0.45,evidence/CAM-01_1551_1788366238664.jpg
1332,NOT_READABLE,,,truck,grey,westbound,CAM-05,Visat teen Rasta,23.1192572,72.5656704,GEOCODED,2026-06-14 00:56:03,overlay,0.48,evidence/CAM-05_3194_1788366269012.jpg
1334,NOT_READABLE,,,car,blue,westbound,CAM-05,Visat teen Rasta,23.1192572,72.5656704,GEOCODED,2026-06-14 00:56:03,overlay,0.64,evidence/CAM-05_3224_1788366269030.jpg
1044,NOT_READABLE,,,car,grey,stationary,CAM-01,Chiman bhai Bridge,23.0064,72.5698,APPROXIMATE,2026-06-14 00:56:03,overlay,0.43,evidence/CAM-01_1550_1788366240824.jpg
1045,NOT_READABLE,,,truck,grey,eastbound,CAM-01,Chiman bhai Bridge,23.0064,72.5698,APPROXIMATE,2026-06-14 00:56:04,overlay,6.17,evidence/CAM-01_1578_1788366241589.jpg
1052,NOT_READABLE,,,bus,grey,westbound,CAM-01,Chiman bhai Bridge,23.0064,72.5698,APPROXIMATE,2026-06-14 00:56:05,overlay,6.65,evidence/CAM-01_1556_1788366248244.jpg
1053,NOT_READABLE,,,truck,orange,westbound,CAM-01,Chiman bhai Bridge,23.0064,72.5698,APPROXIMATE,2026-06-14 00:56:05,overlay,0.64,evidence/CAM-01_1616_1788366248266.jpg
2082,NOT_READABLE,,,car,grey,eastbound,CAM-13,CN-VIDHYALAYA,23.0284,72.5541,APPROXIMATE,2026-06-14 00:56:05,overlay,2.53,evidence/CAM-13_2523_1788366330440.jpg
1065,NOT_READABLE,,,motorcycle,grey,eastbound,CAM-01,Chiman bhai Bridge,23.0064,72.5698,APPROXIMATE,2026-06-14 00:56:05,overlay,0.41,evidence/CAM-01_1850_1788366252521.jpg
1066,NOT_READABLE,,,car,grey,southbound,CAM-01,Chiman bhai Bridge,23.0064,72.5698,APPROXIMATE,2026-06-14 00:56:05,overlay,0.46,evidence/CAM-01_1913_1788366252563.jpg
1067,NOT_READABLE,,,motorcycle,grey,westbound,CAM-01,Chiman bhai Bridge,23.0064,72.5698,APPROXIMATE,2026-06-14 00:56:05,overlay,0.40,evidence/CAM-01_1924_1788366252578.jpg
1068,NOT_READABLE,,,bicycle,grey,westbound,CAM-01,Chiman bhai Bridge,23.0064,72.5698,APPROXIMATE,2026-06-14 00:56:05,overlay,0.54,evidence/CAM-01_1936_1788366252599.jpg
1069,NOT_READABLE,,,bus,purple,westbound,CAM-01,Chiman bhai Bridge,23.0064,72.5698,APPROXIMATE,2026-06-14 00:56:05,overlay,0.38,evidence/CAM-01_1950_1788366252623.jpg
1070,NOT_READABLE,,,bus,grey,stationary,CAM-01,Chiman bhai Bridge,23.0064,72.5698,APPROXIMATE,2026-06-14 00:56:05,overlay,0.56,evidence/CAM-01_1951_1788366252641.jpg
1071,NOT_READABLE,,,bicycle,blue,southbound,CAM-01,Chiman bhai Bridge,23.0064,72.5698,APPROXIMATE,2026-06-14 00:56:05,overlay,0.55,evidence/CAM-01_1958_1788366252660.jpg
1072,NOT_READABLE,,,truck,grey,stationary,CAM-01,Chiman bhai Bridge,23.0064,72.5698,APPROXIMATE,2026-06-14 00:56:05,overlay,0.61,evidence/CAM-01_1963_1788366252684.jpg
1073,NOT_READABLE,,,truck,grey,southbound,CAM-01,Chiman bhai Bridge,23.0064,72.5698,APPROXIMATE,2026-06-14 00:56:05,overlay,0.34,evidence/CAM-01_1976_1788366252711.jpg
1074,NOT_READABLE,,,bus,grey,stationary,CAM-01,Chiman bhai Bridge,23.0064,72.5698,APPROXIMATE,2026-06-14 00:56:05,overlay,0.39,evidence/CAM-01_1986_1788366252736.jpg
1075,NOT_READABLE,,,bus,red,stationary,CAM-01,Chiman bhai Bridge,23.0064,72.5698,APPROXIMATE,2026-06-14 00:56:05,overlay,0.46,evidence/CAM-01_2016_1788366252782.jpg
1076,NOT_READABLE,,,bicycle,grey,northbound,CAM-01,Chiman bhai Bridge,23.0064,72.5698,APPROXIMATE,2026-06-14 00:56:05,overlay,0.69,evidence/CAM-01_2017_1788366252999.jpg
1079,NOT_READABLE,,,bicycle,yellow,northbound,CAM-01,Chiman bhai Bridge,23.0064,72.5698,APPROXIMATE,2026-06-14 00:56:06,overlay,0.46,evidence/CAM-01_1763_1788366254591.jpg
1080,NOT_READABLE,,,motorcycle,purple,westbound,CAM-01,Chiman bhai Bridge,23.0064,72.5698,APPROXIMATE,2026-06-14 00:56:06,overlay,0.76,evidence/CAM-01_1856_1788366254607.jpg
1081,NOT_READABLE,,,car,red,westbound,CAM-01,Chiman bhai Bridge,23.0064,72.5698,APPROXIMATE,2026-06-14 00:56:06,overlay,0.75,evidence/CAM-01_1864_1788366254620.jpg
1082,NOT_READABLE,,,truck,orange,westbound,CAM-01,Chiman bhai Bridge,23.0064,72.5698,APPROXIMATE,2026-06-14 00:56:06,overlay,0.39,evidence/CAM-01_1872_1788366254635.jpg
1083,NOT_READABLE,,,bicycle,grey,stationary,CAM-01,Chiman bhai Bridge,23.0064,72.5698,APPROXIMATE,2026-06-14 00:56:06,overlay,0.42,evidence/CAM-01_1874_1788366254648.jpg
1084,NOT_READABLE,,,motorcycle,grey,northbound,CAM-01,Chiman bhai Bridge,23.0064,72.5698,APPROXIMATE,2026-06-14 00:56:06,overlay,0.62,evidence/CAM-01_1892_1788366254767.jpg
1085,NOT_READABLE,,,bus,orange,westbound,CAM-01,Chiman bhai Bridge,23.0064,72.5698,APPROXIMATE,2026-06-14 00:56:06,overlay,0.45,evidence/CAM-01_1893_1788366254783.jpg
1086,NOT_READABLE,,,motorcycle,white,eastbound,CAM-01,Chiman bhai Bridge,23.0064,72.5698,APPROXIMATE,2026-06-14 00:56:06,overlay,0.58,evidence/CAM-01_1901_1788366254800.jpg
1087,NOT_READABLE,,,motorcycle,grey,northbound,CAM-01,Chiman bhai Bridge,23.0064,72.5698,APPROXIMATE,2026-06-14 00:56:06,overlay,0.66,evidence/CAM-01_1907_1788366254818.jpg
1088,NOT_READABLE,,,bus,grey,southbound,CAM-01,Chiman bhai Bridge,23.0064,72.5698,APPROXIMATE,2026-06-14 00:56:06,overlay,0.43,evidence/CAM-01_1915_1788366254840.jpg
1089,NOT_READABLE,,,car,grey,southbound,CAM-01,Chiman bhai Bridge,23.0064,72.5698,APPROXIMATE,2026-06-14 00:56:06,overlay,0.67,evidence/CAM-01_1917_1788366254860.jpg
1090,NOT_READABLE,,,bus,grey,eastbound,CAM-01,Chiman bhai Bridge,23.0064,72.5698,APPROXIMATE,2026-06-14 00:56:06,overlay,0.45,evidence/CAM-01_1920_1788366254876.jpg
1091,NOT_READABLE,,,motorcycle,red,eastbound,CAM-01,Chiman bhai Bridge,23.0064,72.5698,APPROXIMATE,2026-06-14 00:56:06,overlay,0.74,evidence/CAM-01_1929_1788366254893.jpg
1092,NOT_READABLE,,,truck,purple,southbound,CAM-01,Chiman bhai Bridge,23.0064,72.5698,APPROXIMATE,2026-06-14 00:56:06,overlay,0.42,evidence/CAM-01_1930_1788366254908.jpg
1093,NOT_READABLE,,,car,red,eastbound,CAM-01,Chiman bhai Bridge,23.0064,72.5698,APPROXIMATE,2026-06-14 00:56:06,overlay,0.71,evidence/CAM-01_1937_1788366255001.jpg
1094,NOT_READABLE,,,motorcycle,blue,southbound,CAM-01,Chiman bhai Bridge,23.0064,72.5698,APPROXIMATE,2026-06-14 00:56:06,overlay,0.56,evidence/CAM-01_1942_1788366255022.jpg
1095,NOT_READABLE,,,truck,grey,stationary,CAM-01,Chiman bhai Bridge,23.0064,72.5698,APPROXIMATE,2026-06-14 00:56:06,overlay,0.59,evidence/CAM-01_1945_1788366255105.jpg
1096,NOT_READABLE,,,motorcycle,orange,westbound,CAM-01,Chiman bhai Bridge,23.0064,72.5698,APPROXIMATE,2026-06-14 00:56:06,overlay,0.54,evidence/CAM-01_1948_1788366255124.jpg
1097,NOT_READABLE,,,truck,grey,northbound,CAM-01,Chiman bhai Bridge,23.0064,72.5698,APPROXIMATE,2026-06-14 00:56:06,overlay,0.41,evidence/CAM-01_1952_1788366255139.jpg
1098,NOT_READABLE,,,bus,grey,northbound,CAM-01,Chiman bhai Bridge,23.0064,72.5698,APPROXIMATE,2026-06-14 00:56:06,overlay,0.44,evidence/CAM-01_1955_1788366255231.jpg
1099,NOT_READABLE,,,bicycle,grey,westbound,CAM-01,Chiman bhai Bridge,23.0064,72.5698,APPROXIMATE,2026-06-14 00:56:06,overlay,0.58,evidence/CAM-01_1961_1788366255252.jpg
1100,NOT_READABLE,,,truck,grey,westbound,CAM-01,Chiman bhai Bridge,23.0064,72.5698,APPROXIMATE,2026-06-14 00:56:06,overlay,0.46,evidence/CAM-01_1966_1788366255292.jpg
1101,NOT_READABLE,,,bicycle,white,stationary,CAM-01,Chiman bhai Bridge,23.0064,72.5698,APPROXIMATE,2026-06-14 00:56:06,overlay,0.52,evidence/CAM-01_1977_1788366255307.jpg
1102,NOT_READABLE,,,truck,grey,southbound,CAM-01,Chiman bhai Bridge,23.0064,72.5698,APPROXIMATE,2026-06-14 00:56:06,overlay,0.45,evidence/CAM-01_1980_1788366255323.jpg
1103,NOT_READABLE,,,bicycle,grey,stationary,CAM-01,Chiman bhai Bridge,23.0064,72.5698,APPROXIMATE,2026-06-14 00:56:06,overlay,0.65,evidence/CAM-01_2002_1788366255342.jpg
1104,NOT_READABLE,,,car,grey,stationary,CAM-01,Chiman bhai Bridge,23.0064,72.5698,APPROXIMATE,2026-06-14 00:56:06,overlay,0.43,evidence/CAM-01_2004_1788366255362.jpg
1105,NOT_READABLE,,,car,black,westbound,CAM-01,Chiman bhai Bridge,23.0064,72.5698,APPROXIMATE,2026-06-14 00:56:06,overlay,0.50,evidence/CAM-01_2028_1788366255384.jpg
1106,NOT_READABLE,,,car,grey,northbound,CAM-01,Chiman bhai Bridge,23.0064,72.5698,APPROXIMATE,2026-06-14 00:56:06,overlay,0.48,evidence/CAM-01_2042_1788366255404.jpg
1107,NOT_READABLE,,,car,grey,northbound,CAM-01,Chiman bhai Bridge,23.0064,72.5698,APPROXIMATE,2026-06-14 00:56:06,overlay,0.92,evidence/CAM-01_2050_1788366255426.jpg
1108,NOT_READABLE,,,car,grey,stationary,CAM-01,Chiman bhai Bridge,23.0064,72.5698,APPROXIMATE,2026-06-14 00:56:06,overlay,0.32,evidence/CAM-01_2053_1788366255447.jpg
1109,NOT_READABLE,,,car,grey,stationary,CAM-01,Chiman bhai Bridge,23.0064,72.5698,APPROXIMATE,2026-06-14 00:56:06,overlay,0.41,evidence/CAM-01_2057_1788366255468.jpg
1110,NOT_READABLE,,,car,purple,stationary,CAM-01,Chiman bhai Bridge,23.0064,72.5698,APPROXIMATE,2026-06-14 00:56:06,overlay,0.44,evidence/CAM-01_2069_1788366255484.jpg
1111,NOT_READABLE,,,motorcycle,orange,westbound,CAM-01,Chiman bhai Bridge,23.0064,72.5698,APPROXIMATE,2026-06-14 00:56:06,overlay,1.35,evidence/CAM-01_1837_1788366256116.jpg
1112,NOT_READABLE,,,truck,blue,eastbound,CAM-01,Chiman bhai Bridge,23.0064,72.5698,APPROXIMATE,2026-06-14 00:56:06,overlay,18.03,evidence/CAM-01_1921_1788366256139.jpg
1113,NOT_READABLE,,,truck,yellow,westbound,CAM-01,Chiman bhai Bridge,23.0064,72.5698,APPROXIMATE,2026-06-14 00:56:06,overlay,2.48,evidence/CAM-01_1923_1788366256194.jpg
1114,NOT_READABLE,,,car,grey,northbound,CAM-01,Chiman bhai Bridge,23.0064,72.5698,APPROXIMATE,2026-06-14 00:56:06,overlay,1.32,evidence/CAM-01_2128_1788366256237.jpg
1115,NOT_READABLE,,,car,grey,stationary,CAM-01,Chiman bhai Bridge,23.0064,72.5698,APPROXIMATE,2026-06-14 00:56:07,overlay,0.57,evidence/CAM-01_2062_1788366256904.jpg
1460,NOT_READABLE,,,truck,yellow,southbound,CAM-04,,23.0146,72.5679,APPROXIMATE,2026-06-14 00:56:07,overlay,0.38,evidence/CAM-04_495_1788366284776.jpg
1122,NOT_READABLE,,,motorcycle,grey,eastbound,CAM-01,Chiman bhai Bridge,23.0064,72.5698,APPROXIMATE,2026-06-14 00:56:07,overlay,0.58,evidence/CAM-01_1810_1788366263484.jpg
1123,NOT_READABLE,,,truck,orange,eastbound,CAM-01,Chiman bhai Bridge,23.0064,72.5698,APPROXIMATE,2026-06-14 00:56:07,overlay,0.78,evidence/CAM-01_1833_1788366263549.jpg
1124,NOT_READABLE,,,motorcycle,orange,westbound,CAM-01,Chiman bhai Bridge,23.0064,72.5698,APPROXIMATE,2026-06-14 00:56:07,overlay,0.60,evidence/CAM-01_1840_1788366263752.jpg
1125,NOT_READABLE,,,bus,grey,southbound,CAM-01,Chiman bhai Bridge,23.0064,72.5698,APPROXIMATE,2026-06-14 00:56:07,overlay,0.84,evidence/CAM-01_1841_1788366263918.jpg
1127,NOT_READABLE,,,truck,grey,westbound,CAM-01,Chiman bhai Bridge,23.0064,72.5698,APPROXIMATE,2026-06-14 00:56:07,overlay,0.67,evidence/CAM-01_1846_1788366263979.jpg
1129,NOT_READABLE,,,bicycle,grey,southbound,CAM-01,Chiman bhai Bridge,23.0064,72.5698,APPROXIMATE,2026-06-14 00:56:07,overlay,2.22,evidence/CAM-01_1865_1788366264008.jpg
1131,NOT_READABLE,,,bus,purple,southbound,CAM-01,Chiman bhai Bridge,23.0064,72.5698,APPROXIMATE,2026-06-14 00:56:07,overlay,0.64,evidence/CAM-01_1869_1788366264024.jpg
1132,NOT_READABLE,,,motorcycle,grey,westbound,CAM-01,Chiman bhai Bridge,23.0064,72.5698,APPROXIMATE,2026-06-14 00:56:07,overlay,0.71,evidence/CAM-01_1884_1788366264041.jpg
1133,NOT_READABLE,,,bus,white,southbound,CAM-01,Chiman bhai Bridge,23.0064,72.5698,APPROXIMATE,2026-06-14 00:56:07,overlay,0.47,evidence/CAM-01_1890_1788366264057.jpg
1134,NOT_READABLE,,,bus,black,eastbound,CAM-01,Chiman bhai Bridge,23.0064,72.5698,APPROXIMATE,2026-06-14 00:56:07,overlay,0.70,evidence/CAM-01_1895_1788366264083.jpg
1135,NOT_READABLE,,,motorcycle,grey,eastbound,CAM-01,Chiman bhai Bridge,23.0064,72.5698,APPROXIMATE,2026-06-14 00:56:07,overlay,0.75,evidence/CAM-01_1912_1788366264116.jpg
1136,NOT_READABLE,,,truck,white,eastbound,CAM-01,Chiman bhai Bridge,23.0064,72.5698,APPROXIMATE,2026-06-14 00:56:07,overlay,0.62,evidence/CAM-01_1925_1788366264144.jpg
1137,NOT_READABLE,,,car,grey,westbound,CAM-01,Chiman bhai Bridge,23.0064,72.5698,APPROXIMATE,2026-06-14 00:56:07,overlay,0.47,evidence/CAM-01_1933_1788366264165.jpg
1138,NOT_READABLE,,,bus,grey,westbound,CAM-01,Chiman bhai Bridge,23.0064,72.5698,APPROXIMATE,2026-06-14 00:56:07,overlay,0.56,evidence/CAM-01_1939_1788366264203.jpg
1139,NOT_READABLE,,,truck,blue,westbound,CAM-01,Chiman bhai Bridge,23.0064,72.5698,APPROXIMATE,2026-06-14 00:56:07,overlay,0.45,evidence/CAM-01_1953_1788366264320.jpg
1141,NOT_READABLE,,,bicycle,grey,southbound,CAM-01,Chiman bhai Bridge,23.0064,72.5698,APPROXIMATE,2026-06-14 00:56:07,overlay,0.57,evidence/CAM-01_1969_1788366264337.jpg
1143,NOT_READABLE,,,bus,grey,stationary,CAM-01,Chiman bhai Bridge,23.0064,72.5698,APPROXIMATE,2026-06-14 00:56:07,overlay,0.50,evidence/CAM-01_1972_1788366264354.jpg
1145,NOT_READABLE,,,truck,grey,southbound,CAM-01,Chiman bhai Bridge,23.0064,72.5698,APPROXIMATE,2026-06-14 00:56:07,overlay,0.43,evidence/CAM-01_2024_1788366264384.jpg
1147,NOT_READABLE,,,car,white,stationary,CAM-01,Chiman bhai Bridge,23.0064,72.5698,APPROXIMATE,2026-06-14 00:56:07,overlay,0.45,evidence/CAM-01_2061_1788366264402.jpg
1149,NOT_READABLE,,,car,grey,stationary,CAM-01,Chiman bhai Bridge,23.0064,72.5698,APPROXIMATE,2026-06-14 00:56:07,overlay,0.64,evidence/CAM-01_2071_1788366264419.jpg
1151,NOT_READABLE,,,car,grey,eastbound,CAM-01,Chiman bhai Bridge,23.0064,72.5698,APPROXIMATE,2026-06-14 00:56:07,overlay,0.80,evidence/CAM-01_2072_1788366264435.jpg
1153,NOT_READABLE,,,car,grey,stationary,CAM-01,Chiman bhai Bridge,23.0064,72.5698,APPROXIMATE,2026-06-14 00:56:07,overlay,0.66,evidence/CAM-01_2097_1788366264453.jpg
1155,NOT_READABLE,,,car,grey,eastbound,CAM-01,Chiman bhai Bridge,23.0064,72.5698,APPROXIMATE,2026-06-14 00:56:07,overlay,0.37,evidence/CAM-01_2100_1788366264472.jpg
1157,NOT_READABLE,,,truck,grey,eastbound,CAM-01,Chiman bhai Bridge,23.0064,72.5698,APPROXIMATE,2026-06-14 00:56:07,overlay,0.94,evidence/CAM-01_2106_1788366264488.jpg
1159,NOT_READABLE,,,bicycle,grey,eastbound,CAM-01,Chiman bhai Bridge,23.0064,72.5698,APPROXIMATE,2026-06-14 00:56:07,overlay,0.71,evidence/CAM-01_2110_1788366264509.jpg
1161,NOT_READABLE,,,truck,grey,westbound,CAM-01,Chiman bhai Bridge,23.0064,72.5698,APPROXIMATE,2026-06-14 00:56:07,overlay,0.73,evidence/CAM-01_2123_1788366264529.jpg
1163,NOT_READABLE,,,bicycle,grey,northbound,CAM-01,Chiman bhai Bridge,23.0064,72.5698,APPROXIMATE,2026-06-14 00:56:07,overlay,0.50,evidence/CAM-01_2134_1788366264548.jpg
1165,NOT_READABLE,,,truck,orange,stationary,CAM-01,Chiman bhai Bridge,23.0064,72.5698,APPROXIMATE,2026-06-14 00:56:07,overlay,0.51,evidence/CAM-01_2135_1788366264565.jpg
1167,NOT_READABLE,,,truck,grey,stationary,CAM-01,Chiman bhai Bridge,23.0064,72.5698,APPROXIMATE,2026-06-14 00:56:07,overlay,0.40,evidence/CAM-01_2136_1788366264586.jpg
1169,NOT_READABLE,,,car,orange,westbound,CAM-01,Chiman bhai Bridge,23.0064,72.5698,APPROXIMATE,2026-06-14 00:56:07,overlay,0.52,evidence/CAM-01_2139_1788366264603.jpg
1171,NOT_READABLE,,,car,grey,stationary,CAM-01,Chiman bhai Bridge,23.0064,72.5698,APPROXIMATE,2026-06-14 00:56:07,overlay,0.43,evidence/CAM-01_2151_1788366264743.jpg
1174,NOT_READABLE,,,truck,red,eastbound,CAM-01,Chiman bhai Bridge,23.0064,72.5698,APPROXIMATE,2026-06-14 00:56:07,overlay,0.50,evidence/CAM-01_2155_1788366264759.jpg
1176,NOT_READABLE,,,car,purple,eastbound,CAM-01,Chiman bhai Bridge,23.0064,72.5698,APPROXIMATE,2026-06-14 00:56:07,overlay,0.60,evidence/CAM-01_2160_1788366264902.jpg
1178,NOT_READABLE,,,car,purple,northbound,CAM-01,Chiman bhai Bridge,23.0064,72.5698,APPROXIMATE,2026-06-14 00:56:07,overlay,0.63,evidence/CAM-01_2161_1788366264960.jpg
1180,NOT_READABLE,,,truck,white,northbound,CAM-01,Chiman bhai Bridge,23.0064,72.5698,APPROXIMATE,2026-06-14 00:56:07,overlay,0.42,evidence/CAM-01_2174_1788366264975.jpg
1182,NOT_READABLE,,,bicycle,grey,southbound,CAM-01,Chiman bhai Bridge,23.0064,72.5698,APPROXIMATE,2026-06-14 00:56:07,overlay,0.38,evidence/CAM-01_2183_1788366264993.jpg
1185,NOT_READABLE,,,truck,purple,stationary,CAM-01,Chiman bhai Bridge,23.0064,72.5698,APPROXIMATE,2026-06-14 00:56:07,overlay,0.65,evidence/CAM-01_2184_1788366265017.jpg
1186,NOT_READABLE,,,car,orange,stationary,CAM-01,Chiman bhai Bridge,23.0064,72.5698,APPROXIMATE,2026-06-14 00:56:07,overlay,0.44,evidence/CAM-01_2197_1788366265042.jpg
1188,NOT_READABLE,,,bus,grey,stationary,CAM-01,Chiman bhai Bridge,23.0064,72.5698,APPROXIMATE,2026-06-14 00:56:07,overlay,0.45,evidence/CAM-01_2204_1788366265065.jpg
1190,NOT_READABLE,,,bicycle,grey,westbound,CAM-01,Chiman bhai Bridge,23.0064,72.5698,APPROXIMATE,2026-06-14 00:56:07,overlay,0.49,evidence/CAM-01_2207_1788366265094.jpg
1192,NOT_READABLE,,,bicycle,,stationary,CAM-01,Chiman bhai Bridge,23.0064,72.5698,APPROXIMATE,2026-06-14 00:56:07,overlay,4.46,evidence/CAM-01_2216_1788366265116.jpg
1193,NOT_READABLE,,,bicycle,grey,stationary,CAM-01,Chiman bhai Bridge,23.0064,72.5698,APPROXIMATE,2026-06-14 00:56:07,overlay,0.42,evidence/CAM-01_2237_1788366265134.jpg
1195,NOT_READABLE,,,car,,stationary,CAM-01,Chiman bhai Bridge,23.0064,72.5698,APPROXIMATE,2026-06-14 00:56:07,overlay,5.04,evidence/CAM-01_2241_1788366265234.jpg
1197,NOT_READABLE,,,truck,,westbound,CAM-01,Chiman bhai Bridge,23.0064,72.5698,APPROXIMATE,2026-06-14 00:56:07,overlay,5.79,evidence/CAM-01_2244_1788366265269.jpg
1199,NOT_READABLE,,,bus,,stationary,CAM-01,Chiman bhai Bridge,23.0064,72.5698,APPROXIMATE,2026-06-14 00:56:07,overlay,4.53,evidence/CAM-01_2250_1788366265382.jpg
1200,NOT_READABLE,,,bicycle,,southbound,CAM-01,Chiman bhai Bridge,23.0064,72.5698,APPROXIMATE,2026-06-14 00:56:07,overlay,4.20,evidence/CAM-01_2251_1788366265411.jpg
1202,NOT_READABLE,,,bicycle,,eastbound,CAM-01,Chiman bhai Bridge,23.0064,72.5698,APPROXIMATE,2026-06-14 00:56:07,overlay,4.74,evidence/CAM-01_2252_1788366265453.jpg
1219,NOT_READABLE,,,car,,eastbound,CAM-01,Chiman bhai Bridge,23.0064,72.5698,APPROXIMATE,2026-06-14 00:56:08,overlay,9.45,evidence/CAM-01_2217_1788366266312.jpg
1221,NOT_READABLE,,,car,,stationary,CAM-01,Chiman bhai Bridge,23.0064,72.5698,APPROXIMATE,2026-06-14 00:56:08,overlay,9.20,evidence/CAM-01_2218_1788366266346.jpg
1223,NOT_READABLE,,,motorcycle,,stationary,CAM-01,Chiman bhai Bridge,23.0064,72.5698,APPROXIMATE,2026-06-14 00:56:08,overlay,8.25,evidence/CAM-01_2242_1788366266368.jpg
1225,NOT_READABLE,,,bicycle,,southbound,CAM-01,Chiman bhai Bridge,23.0064,72.5698,APPROXIMATE,2026-06-14 00:56:08,overlay,8.83,evidence/CAM-01_2245_1788366266418.jpg
1227,NOT_READABLE,,,truck,,westbound,CAM-01,Chiman bhai Bridge,23.0064,72.5698,APPROXIMATE,2026-06-14 00:56:08,overlay,8.63,evidence/CAM-01_2253_1788366266433.jpg
2096,NOT_READABLE,,,motorcycle,grey,eastbound,CAM-13,CN-VIDHYALAYA,23.0284,72.5541,APPROXIMATE,2026-06-14 00:56:08,overlay,3.01,evidence/CAM-13_2506_1788366332042.jpg
2097,NOT_READABLE,,,bicycle,grey,stationary,CAM-13,CN-VIDHYALAYA,23.0284,72.5541,APPROXIMATE,2026-06-14 00:56:08,overlay,3.09,evidence/CAM-13_2507_1788366332158.jpg
2098,NOT_READABLE,,,motorcycle,grey,northbound,CAM-13,CN-VIDHYALAYA,23.0284,72.5541,APPROXIMATE,2026-06-14 00:56:08,overlay,4.75,evidence/CAM-13_2508_1788366332258.jpg
2099,NOT_READABLE,,,motorcycle,black,westbound,CAM-13,CN-VIDHYALAYA,23.0284,72.5541,APPROXIMATE,2026-06-14 00:56:08,overlay,2.95,evidence/CAM-13_2509_1788366332566.jpg
2100,NOT_READABLE,,,car,,eastbound,CAM-13,CN-VIDHYALAYA,23.0284,72.5541,APPROXIMATE,2026-06-14 00:56:08,overlay,2.98,evidence/CAM-13_2527_1788366332777.jpg
2101,NOT_READABLE,,,motorcycle,,northbound,CAM-13,CN-VIDHYALAYA,23.0284,72.5541,APPROXIMATE,2026-06-14 00:56:08,overlay,2.28,evidence/CAM-13_2528_1788366332972.jpg
1264,NOT_READABLE,,,bicycle,grey,northbound,CAM-01,Chiman bhai Bridge,23.0064,72.5698,APPROXIMATE,2026-06-14 00:56:09,overlay,7.18,evidence/CAM-01_1552_1788366267827.jpg
1266,NOT_READABLE,,,truck,grey,northbound,CAM-01,Chiman bhai Bridge,23.0064,72.5698,APPROXIMATE,2026-06-14 00:56:09,overlay,6.43,evidence/CAM-01_1553_1788366267843.jpg
1268,NOT_READABLE,,,motorcycle,grey,westbound,CAM-01,Chiman bhai Bridge,23.0064,72.5698,APPROXIMATE,2026-06-14 00:56:09,overlay,5.69,evidence/CAM-01_1554_1788366267859.jpg
1270,NOT_READABLE,,,motorcycle,orange,northbound,CAM-01,Chiman bhai Bridge,23.0064,72.5698,APPROXIMATE,2026-06-14 00:56:09,overlay,5.63,evidence/CAM-01_1555_1788366267890.jpg
1272,NOT_READABLE,,,truck,grey,eastbound,CAM-01,Chiman bhai Bridge,23.0064,72.5698,APPROXIMATE,2026-06-14 00:56:09,overlay,6.73,evidence/CAM-01_1557_1788366267907.jpg
1274,NOT_READABLE,,,truck,blue,westbound,CAM-01,Chiman bhai Bridge,23.0064,72.5698,APPROXIMATE,2026-06-14 00:56:09,overlay,5.78,evidence/CAM-01_1571_1788366267925.jpg
1276,NOT_READABLE,,,truck,blue,westbound,CAM-01,Chiman bhai Bridge,23.0064,72.5698,APPROXIMATE,2026-06-14 00:56:09,overlay,5.49,evidence/CAM-01_1761_1788366267942.jpg
1278,NOT_READABLE,,,motorcycle,grey,northbound,CAM-01,Chiman bhai Bridge,23.0064,72.5698,APPROXIMATE,2026-06-14 00:56:09,overlay,33.82,evidence/CAM-01_1762_1788366267957.jpg
1280,NOT_READABLE,,,car,grey,southbound,CAM-01,Chiman bhai Bridge,23.0064,72.5698,APPROXIMATE,2026-06-14 00:56:09,overlay,8.57,evidence/CAM-01_1778_1788366267974.jpg
1282,NOT_READABLE,,,bus,blue,eastbound,CAM-01,Chiman bhai Bridge,23.0064,72.5698,APPROXIMATE,2026-06-14 00:56:09,overlay,4.43,evidence/CAM-01_1780_1788366267990.jpg
1284,NOT_READABLE,,,car,grey,westbound,CAM-01,Chiman bhai Bridge,23.0064,72.5698,APPROXIMATE,2026-06-14 00:56:09,overlay,5.65,evidence/CAM-01_1781_1788366268010.jpg
1286,NOT_READABLE,,,car,grey,westbound,CAM-01,Chiman bhai Bridge,23.0064,72.5698,APPROXIMATE,2026-06-14 00:56:09,overlay,3.11,evidence/CAM-01_1782_1788366268028.jpg
1288,NOT_READABLE,,,motorcycle,blue,eastbound,CAM-01,Chiman bhai Bridge,23.0064,72.5698,APPROXIMATE,2026-06-14 00:56:09,overlay,3.09,evidence/CAM-01_1783_1788366268045.jpg
1290,NOT_READABLE,,,bicycle,red,northbound,CAM-01,Chiman bhai Bridge,23.0064,72.5698,APPROXIMATE,2026-06-14 00:56:09,overlay,4.12,evidence/CAM-01_1785_1788366268061.jpg
1292,NOT_READABLE,,,bus,orange,northbound,CAM-01,Chiman bhai Bridge,23.0064,72.5698,APPROXIMATE,2026-06-14 00:56:09,overlay,2.57,evidence/CAM-01_1787_1788366268080.jpg
1294,NOT_READABLE,,,car,blue,westbound,CAM-01,Chiman bhai Bridge,23.0064,72.5698,APPROXIMATE,2026-06-14 00:56:09,overlay,0.86,evidence/CAM-01_1788_1788366268098.jpg
1296,NOT_READABLE,,,car,orange,eastbound,CAM-01,Chiman bhai Bridge,23.0064,72.5698,APPROXIMATE,2026-06-14 00:56:09,overlay,0.92,evidence/CAM-01_1791_1788366268117.jpg
1298,NOT_READABLE,,,bicycle,grey,northbound,CAM-01,Chiman bhai Bridge,23.0064,72.5698,APPROXIMATE,2026-06-14 00:56:09,overlay,0.88,evidence/CAM-01_1792_1788366268135.jpg
1300,NOT_READABLE,,,car,orange,northbound,CAM-01,Chiman bhai Bridge,23.0064,72.5698,APPROXIMATE,2026-06-14 00:56:09,overlay,3.42,evidence/CAM-01_1793_1788366268154.jpg
1302,NOT_READABLE,,,motorcycle,yellow,westbound,CAM-01,Chiman bhai Bridge,23.0064,72.5698,APPROXIMATE,2026-06-14 00:56:09,overlay,0.86,evidence/CAM-01_1799_1788366268174.jpg
1304,NOT_READABLE,,,bicycle,white,eastbound,CAM-01,Chiman bhai Bridge,23.0064,72.5698,APPROXIMATE,2026-06-14 00:56:09,overlay,0.92,evidence/CAM-01_1800_1788366268192.jpg
1306,NOT_READABLE,,,truck,blue,westbound,CAM-01,Chiman bhai Bridge,23.0064,72.5698,APPROXIMATE,2026-06-14 00:56:09,overlay,0.67,evidence/CAM-01_1801_1788366268211.jpg
1307,NOT_READABLE,,,motorcycle,blue,southbound,CAM-01,Chiman bhai Bridge,23.0064,72.5698,APPROXIMATE,2026-06-14 00:56:09,overlay,10.91,evidence/CAM-01_1804_1788366268239.jpg
1308,NOT_READABLE,,,car,grey,westbound,CAM-01,Chiman bhai Bridge,23.0064,72.5698,APPROXIMATE,2026-06-14 00:56:09,overlay,0.95,evidence/CAM-01_1805_1788366268273.jpg
1309,NOT_READABLE,,,bus,purple,southbound,CAM-01,Chiman bhai Bridge,23.0064,72.5698,APPROXIMATE,2026-06-14 00:56:09,overlay,2.19,evidence/CAM-01_1808_1788366268297.jpg
1310,NOT_READABLE,,,truck,red,westbound,CAM-01,Chiman bhai Bridge,23.0064,72.5698,APPROXIMATE,2026-06-14 00:56:09,overlay,11.74,evidence/CAM-01_1809_1788366268319.jpg
1311,NOT_READABLE,,,truck,blue,westbound,CAM-01,Chiman bhai Bridge,23.0064,72.5698,APPROXIMATE,2026-06-14 00:56:09,overlay,0.82,evidence/CAM-01_1812_1788366268348.jpg
1312,NOT_READABLE,,,bus,blue,eastbound,CAM-01,Chiman bhai Bridge,23.0064,72.5698,APPROXIMATE,2026-06-14 00:56:09,overlay,2.81,evidence/CAM-01_1814_1788366268381.jpg
1313,NOT_READABLE,,,bus,orange,westbound,CAM-01,Chiman bhai Bridge,23.0064,72.5698,APPROXIMATE,2026-06-14 00:56:09,overlay,1.36,evidence/CAM-01_1822_1788366268434.jpg
1314,NOT_READABLE,,,motorcycle,grey,westbound,CAM-01,Chiman bhai Bridge,23.0064,72.5698,APPROXIMATE,2026-06-14 00:56:09,overlay,0.59,evidence/CAM-01_1823_1788366268453.jpg
1315,NOT_READABLE,,,car,white,northbound,CAM-01,Chiman bhai Bridge,23.0064,72.5698,APPROXIMATE,2026-06-14 00:56:09,overlay,5.07,evidence/CAM-01_1824_1788366268472.jpg
1316,NOT_READABLE,,,bus,red,eastbound,CAM-01,Chiman bhai Bridge,23.0064,72.5698,APPROXIMATE,2026-06-14 00:56:09,overlay,0.84,evidence/CAM-01_1825_1788366268500.jpg
1317,NOT_READABLE,,,motorcycle,grey,northbound,CAM-01,Chiman bhai Bridge,23.0064,72.5698,APPROXIMATE,2026-06-14 00:56:09,overlay,0.96,evidence/CAM-01_1826_1788366268534.jpg
1318,NOT_READABLE,,,truck,grey,westbound,CAM-01,Chiman bhai Bridge,23.0064,72.5698,APPROXIMATE,2026-06-14 00:56:09,overlay,0.99,evidence/CAM-01_1829_1788366268594.jpg
1319,NOT_READABLE,,,bus,grey,eastbound,CAM-01,Chiman bhai Bridge,23.0064,72.5698,APPROXIMATE,2026-06-14 00:56:09,overlay,0.79,evidence/CAM-01_1836_1788366268644.jpg
1320,NOT_READABLE,,,bus,orange,eastbound,CAM-01,Chiman bhai Bridge,23.0064,72.5698,APPROXIMATE,2026-06-14 00:56:09,overlay,0.69,evidence/CAM-01_1838_1788366268690.jpg
1321,NOT_READABLE,,,bicycle,orange,westbound,CAM-01,Chiman bhai Bridge,23.0064,72.5698,APPROXIMATE,2026-06-14 00:56:09,overlay,0.60,evidence/CAM-01_1845_1788366268727.jpg
1322,NOT_READABLE,,,car,purple,northbound,CAM-01,Chiman bhai Bridge,23.0064,72.5698,APPROXIMATE,2026-06-14 00:56:09,overlay,0.54,evidence/CAM-01_1848_1788366268749.jpg
1323,NOT_READABLE,,,bicycle,yellow,northbound,CAM-01,Chiman bhai Bridge,23.0064,72.5698,APPROXIMATE,2026-06-14 00:56:09,overlay,3.23,evidence/CAM-01_1849_1788366268782.jpg
1324,NOT_READABLE,,,motorcycle,grey,southbound,CAM-01,Chiman bhai Bridge,23.0064,72.5698,APPROXIMATE,2026-06-14 00:56:09,overlay,0.82,evidence/CAM-01_1852_1788366268816.jpg
1325,NOT_READABLE,,,car,blue,northbound,CAM-01,Chiman bhai Bridge,23.0064,72.5698,APPROXIMATE,2026-06-14 00:56:09,overlay,0.81,evidence/CAM-01_1853_1788366268856.jpg
1326,NOT_READABLE,,,car,grey,eastbound,CAM-01,Chiman bhai Bridge,23.0064,72.5698,APPROXIMATE,2026-06-14 00:56:09,overlay,0.69,evidence/CAM-01_1858_1788366268882.jpg
1327,NOT_READABLE,,,bus,grey,westbound,CAM-01,Chiman bhai Bridge,23.0064,72.5698,APPROXIMATE,2026-06-14 00:56:09,overlay,0.75,evidence/CAM-01_1863_1788366268912.jpg
1328,NOT_READABLE,,,bus,orange,westbound,CAM-01,Chiman bhai Bridge,23.0064,72.5698,APPROXIMATE,2026-06-14 00:56:09,overlay,3.00,evidence/CAM-01_1866_1788366268938.jpg
1329,NOT_READABLE,,,truck,grey,eastbound,CAM-01,Chiman bhai Bridge,23.0064,72.5698,APPROXIMATE,2026-06-14 00:56:09,overlay,26.63,evidence/CAM-01_1870_1788366268959.jpg
1330,NOT_READABLE,,,bus,blue,westbound,CAM-01,Chiman bhai Bridge,23.0064,72.5698,APPROXIMATE,2026-06-14 00:56:09,overlay,0.92,evidence/CAM-01_1871_1788366268982.jpg
1331,NOT_READABLE,,,bus,white,northbound,CAM-01,Chiman bhai Bridge,23.0064,72.5698,APPROXIMATE,2026-06-14 00:56:09,overlay,0.75,evidence/CAM-01_1873_1788366269005.jpg
1333,NOT_READABLE,,,car,grey,southbound,CAM-01,Chiman bhai Bridge,23.0064,72.5698,APPROXIMATE,2026-06-14 00:56:09,overlay,0.76,evidence/CAM-01_1877_1788366269023.jpg
1335,NOT_READABLE,,,motorcycle,black,westbound,CAM-01,Chiman bhai Bridge,23.0064,72.5698,APPROXIMATE,2026-06-14 00:56:09,overlay,0.92,evidence/CAM-01_1878_1788366269062.jpg
1336,NOT_READABLE,,,car,grey,southbound,CAM-01,Chiman bhai Bridge,23.0064,72.5698,APPROXIMATE,2026-06-14 00:56:09,overlay,0.42,evidence/CAM-01_1888_1788366269083.jpg
1337,NOT_READABLE,,,motorcycle,grey,southbound,CAM-01,Chiman bhai Bridge,23.0064,72.5698,APPROXIMATE,2026-06-14 00:56:09,overlay,0.47,evidence/CAM-01_1889_1788366269114.jpg
1338,NOT_READABLE,,,motorcycle,grey,eastbound,CAM-01,Chiman bhai Bridge,23.0064,72.5698,APPROXIMATE,2026-06-14 00:56:09,overlay,0.49,evidence/CAM-01_1894_1788366269140.jpg
1339,NOT_READABLE,,,truck,orange,northbound,CAM-01,Chiman bhai Bridge,23.0064,72.5698,APPROXIMATE,2026-06-14 00:56:09,overlay,0.70,evidence/CAM-01_1896_1788366269164.jpg
1340,NOT_READABLE,,,truck,red,eastbound,CAM-01,Chiman bhai Bridge,23.0064,72.5698,APPROXIMATE,2026-06-14 00:56:09,overlay,0.56,evidence/CAM-01_1899_1788366269188.jpg
1341,NOT_READABLE,,,bus,blue,stationary,CAM-01,Chiman bhai Bridge,23.0064,72.5698,APPROXIMATE,2026-06-14 00:56:09,overlay,0.58,evidence/CAM-01_1900_1788366269210.jpg
1342,NOT_READABLE,,,truck,grey,southbound,CAM-01,Chiman bhai Bridge,23.0064,72.5698,APPROXIMATE,2026-06-14 00:56:09,overlay,0.64,evidence/CAM-01_1905_1788366269234.jpg
1343,NOT_READABLE,,,bus,blue,westbound,CAM-01,Chiman bhai Bridge,23.0064,72.5698,APPROXIMATE,2026-06-14 00:56:09,overlay,0.81,evidence/CAM-01_1910_1788366269260.jpg
1344,NOT_READABLE,,,bicycle,blue,stationary,CAM-01,Chiman bhai Bridge,23.0064,72.5698,APPROXIMATE,2026-06-14 00:56:09,overlay,0.48,evidence/CAM-01_1928_1788366269280.jpg
1345,NOT_READABLE,,,truck,yellow,westbound,CAM-01,Chiman bhai Bridge,23.0064,72.5698,APPROXIMATE,2026-06-14 00:56:09,overlay,0.53,evidence/CAM-01_1931_1788366269302.jpg
1346,NOT_READABLE,,,bicycle,grey,southbound,CAM-01,Chiman bhai Bridge,23.0064,72.5698,APPROXIMATE,2026-06-14 00:56:09,overlay,0.80,evidence/CAM-01_1941_1788366269324.jpg
1347,NOT_READABLE,,,motorcycle,orange,eastbound,CAM-01,Chiman bhai Bridge,23.0064,72.5698,APPROXIMATE,2026-06-14 00:56:09,overlay,0.67,evidence/CAM-01_1971_1788366269354.jpg
1348,NOT_READABLE,,,bus,grey,westbound,CAM-01,Chiman bhai Bridge,23.0064,72.5698,APPROXIMATE,2026-06-14 00:56:09,overlay,0.75,evidence/CAM-01_2022_1788366269375.jpg
1349,NOT_READABLE,,,bicycle,blue,northbound,CAM-01,Chiman bhai Bridge,23.0064,72.5698,APPROXIMATE,2026-06-14 00:56:09,overlay,0.47,evidence/CAM-01_2034_1788366269393.jpg
1350,NOT_READABLE,,,bicycle,grey,northbound,CAM-01,Chiman bhai Bridge,23.0064,72.5698,APPROXIMATE,2026-06-14 00:56:09,overlay,0.81,evidence/CAM-01_2107_1788366269415.jpg
1351,NOT_READABLE,,,bus,red,eastbound,CAM-01,Chiman bhai Bridge,23.0064,72.5698,APPROXIMATE,2026-06-14 00:56:09,overlay,0.69,evidence/CAM-01_2112_1788366269471.jpg
1352,NOT_READABLE,,,motorcycle,grey,southbound,CAM-01,Chiman bhai Bridge,23.0064,72.5698,APPROXIMATE,2026-06-14 00:56:09,overlay,0.71,evidence/CAM-01_2113_1788366269497.jpg
1353,NOT_READABLE,,,truck,grey,eastbound,CAM-01,Chiman bhai Bridge,23.0064,72.5698,APPROXIMATE,2026-06-14 00:56:09,overlay,0.99,evidence/CAM-01_2119_1788366269520.jpg
1354,NOT_READABLE,,,bus,grey,eastbound,CAM-01,Chiman bhai Bridge,23.0064,72.5698,APPROXIMATE,2026-06-14 00:56:09,overlay,0.48,evidence/CAM-01_2120_1788366269540.jpg
1355,NOT_READABLE,,,car,grey,westbound,CAM-01,Chiman bhai Bridge,23.0064,72.5698,APPROXIMATE,2026-06-14 00:56:09,overlay,0.82,evidence/CAM-01_2126_1788366269563.jpg
1356,NOT_READABLE,,,bus,grey,northbound,CAM-01,Chiman bhai Bridge,23.0064,72.5698,APPROXIMATE,2026-06-14 00:56:09,overlay,0.66,evidence/CAM-01_2132_1788366269583.jpg
1357,NOT_READABLE,,,bicycle,white,eastbound,CAM-01,Chiman bhai Bridge,23.0064,72.5698,APPROXIMATE,2026-06-14 00:56:09,overlay,0.79,evidence/CAM-01_2133_1788366269606.jpg
1358,NOT_READABLE,,,bus,grey,eastbound,CAM-01,Chiman bhai Bridge,23.0064,72.5698,APPROXIMATE,2026-06-14 00:56:09,overlay,0.77,evidence/CAM-01_2144_1788366269627.jpg
1359,NOT_READABLE,,,truck,grey,stationary,CAM-01,Chiman bhai Bridge,23.0064,72.5698,APPROXIMATE,2026-06-14 00:56:09,overlay,0.84,evidence/CAM-01_2156_1788366269650.jpg
1360,NOT_READABLE,,,truck,orange,southbound,CAM-01,Chiman bhai Bridge,23.0064,72.5698,APPROXIMATE,2026-06-14 00:56:09,overlay,0.72,evidence/CAM-01_2168_1788366269672.jpg
1361,NOT_READABLE,,,car,blue,southbound,CAM-01,Chiman bhai Bridge,23.0064,72.5698,APPROXIMATE,2026-06-14 00:56:09,overlay,0.70,evidence/CAM-01_2181_1788366269694.jpg
1362,NOT_READABLE,,,bicycle,blue,westbound,CAM-01,Chiman bhai Bridge,23.0064,72.5698,APPROXIMATE,2026-06-14 00:56:09,overlay,0.49,evidence/CAM-01_2190_1788366269718.jpg
1363,NOT_READABLE,,,bus,blue,southbound,CAM-01,Chiman bhai Bridge,23.0064,72.5698,APPROXIMATE,2026-06-14 00:56:09,overlay,0.90,evidence/CAM-01_2256_1788366269738.jpg
1364,NOT_READABLE,,,car,grey,southbound,CAM-01,Chiman bhai Bridge,23.0064,72.5698,APPROXIMATE,2026-06-14 00:56:09,overlay,0.99,evidence/CAM-01_2257_1788366269755.jpg
1365,NOT_READABLE,,,bus,blue,eastbound,CAM-01,Chiman bhai Bridge,23.0064,72.5698,APPROXIMATE,2026-06-14 00:56:09,overlay,0.94,evidence/CAM-01_2258_1788366269863.jpg
1368,NOT_READABLE,,,bicycle,blue,westbound,CAM-01,Chiman bhai Bridge,23.0064,72.5698,APPROXIMATE,2026-06-14 00:56:09,overlay,10.73,evidence/CAM-01_2259_1788366270005.jpg
1369,NOT_READABLE,,,bus,blue,eastbound,CAM-01,Chiman bhai Bridge,23.0064,72.5698,APPROXIMATE,2026-06-14 00:56:09,overlay,0.55,evidence/CAM-01_2260_1788366270135.jpg
1371,NOT_READABLE,,,truck,grey,eastbound,CAM-01,Chiman bhai Bridge,23.0064,72.5698,APPROXIMATE,2026-06-14 00:56:09,overlay,0.57,evidence/CAM-01_2261_1788366270252.jpg
1372,NOT_READABLE,,,truck,blue,southbound,CAM-01,Chiman bhai Bridge,23.0064,72.5698,APPROXIMATE,2026-06-14 00:56:09,overlay,0.87,evidence/CAM-01_2263_1788366270281.jpg
1374,NOT_READABLE,,,bus,blue,westbound,CAM-01,Chiman bhai Bridge,23.0064,72.5698,APPROXIMATE,2026-06-14 00:56:09,overlay,0.62,evidence/CAM-01_2264_1788366270303.jpg
1376,NOT_READABLE,,,motorcycle,blue,westbound,CAM-01,Chiman bhai Bridge,23.0064,72.5698,APPROXIMATE,2026-06-14 00:56:09,overlay,0.77,evidence/CAM-01_2265_1788366270324.jpg
1378,NOT_READABLE,,,motorcycle,red,westbound,CAM-01,Chiman bhai Bridge,23.0064,72.5698,APPROXIMATE,2026-06-14 00:56:09,overlay,0.88,evidence/CAM-01_2266_1788366270349.jpg
1380,NOT_READABLE,,,bus,blue,eastbound,CAM-01,Chiman bhai Bridge,23.0064,72.5698,APPROXIMATE,2026-06-14 00:56:09,overlay,0.85,evidence/CAM-01_2267_1788366270374.jpg
1382,NOT_READABLE,,,bus,grey,eastbound,CAM-01,Chiman bhai Bridge,23.0064,72.5698,APPROXIMATE,2026-06-14 00:56:09,overlay,1.95,evidence/CAM-01_2268_1788366270395.jpg
1384,NOT_READABLE,,,bus,grey,northbound,CAM-01,Chiman bhai Bridge,23.0064,72.5698,APPROXIMATE,2026-06-14 00:56:09,overlay,0.91,evidence/CAM-01_2269_1788366270424.jpg
1386,NOT_READABLE,,,bus,grey,southbound,CAM-01,Chiman bhai Bridge,23.0064,72.5698,APPROXIMATE,2026-06-14 00:56:09,overlay,0.94,evidence/CAM-01_2270_1788366270446.jpg
1387,NOT_READABLE,,,car,blue,westbound,CAM-01,Chiman bhai Bridge,23.0064,72.5698,APPROXIMATE,2026-06-14 00:56:09,overlay,0.65,evidence/CAM-01_2273_1788366270469.jpg
1390,NOT_READABLE,,,truck,red,northbound,CAM-01,Chiman bhai Bridge,23.0064,72.5698,APPROXIMATE,2026-06-14 00:56:09,overlay,0.61,evidence/CAM-01_2275_1788366270490.jpg
1393,NOT_READABLE,,,motorcycle,grey,southbound,CAM-01,Chiman bhai Bridge,23.0064,72.5698,APPROXIMATE,2026-06-14 00:56:09,overlay,0.93,evidence/CAM-01_2278_1788366270684.jpg
1395,NOT_READABLE,,,motorcycle,yellow,southbound,CAM-01,Chiman bhai Bridge,23.0064,72.5698,APPROXIMATE,2026-06-14 00:56:09,overlay,0.61,evidence/CAM-01_2279_1788366270834.jpg
1397,NOT_READABLE,,,bicycle,blue,westbound,CAM-01,Chiman bhai Bridge,23.0064,72.5698,APPROXIMATE,2026-06-14 00:56:09,overlay,0.63,evidence/CAM-01_2280_1788366271093.jpg
1399,NOT_READABLE,,,bus,blue,northbound,CAM-01,Chiman bhai Bridge,23.0064,72.5698,APPROXIMATE,2026-06-14 00:56:09,overlay,0.52,evidence/CAM-01_2281_1788366271122.jpg
1400,NOT_READABLE,,,bus,blue,southbound,CAM-01,Chiman bhai Bridge,23.0064,72.5698,APPROXIMATE,2026-06-14 00:56:09,overlay,0.62,evidence/CAM-01_2282_1788366271497.jpg
1402,NOT_READABLE,,,car,blue,westbound,CAM-01,Chiman bhai Bridge,23.0064,72.5698,APPROXIMATE,2026-06-14 00:56:09,overlay,0.51,evidence/CAM-01_2283_1788366271524.jpg
1404,NOT_READABLE,,,truck,blue,southbound,CAM-01,Chiman bhai Bridge,23.0064,72.5698,APPROXIMATE,2026-06-14 00:56:09,overlay,0.65,evidence/CAM-01_2288_1788366271546.jpg
1406,NOT_READABLE,,,bus,grey,northbound,CAM-01,Chiman bhai Bridge,23.0064,72.5698,APPROXIMATE,2026-06-14 00:56:09,overlay,0.74,evidence/CAM-01_2289_1788366271571.jpg
1408,NOT_READABLE,,,car,grey,southbound,CAM-01,Chiman bhai Bridge,23.0064,72.5698,APPROXIMATE,2026-06-14 00:56:09,overlay,0.87,evidence/CAM-01_2290_1788366271597.jpg
1409,NOT_READABLE,,,car,purple,westbound,CAM-01,Chiman bhai Bridge,23.0064,72.5698,APPROXIMATE,2026-06-14 00:56:09,overlay,0.59,evidence/CAM-01_2291_1788366271708.jpg
1410,NOT_READABLE,,,motorcycle,grey,eastbound,CAM-01,Chiman bhai Bridge,23.0064,72.5698,APPROXIMATE,2026-06-14 00:56:09,overlay,0.55,evidence/CAM-01_2292_1788366271738.jpg
1411,NOT_READABLE,,,motorcycle,red,eastbound,CAM-01,Chiman bhai Bridge,23.0064,72.5698,APPROXIMATE,2026-06-14 00:56:09,overlay,0.90,evidence/CAM-01_2293_1788366271800.jpg
1412,NOT_READABLE,,,bus,grey,eastbound,CAM-01,Chiman bhai Bridge,23.0064,72.5698,APPROXIMATE,2026-06-14 00:56:09,overlay,0.66,evidence/CAM-01_2295_1788366271915.jpg
1413,NOT_READABLE,,,bicycle,white,eastbound,CAM-01,Chiman bhai Bridge,23.0064,72.5698,APPROXIMATE,2026-06-14 00:56:09,overlay,0.75,evidence/CAM-01_2296_1788366271937.jpg
1414,NOT_READABLE,,,bus,yellow,eastbound,CAM-01,Chiman bhai Bridge,23.0064,72.5698,APPROXIMATE,2026-06-14 00:56:09,overlay,0.55,evidence/CAM-01_2298_1788366272062.jpg
1415,NOT_READABLE,,,bus,grey,eastbound,CAM-01,Chiman bhai Bridge,23.0064,72.5698,APPROXIMATE,2026-06-14 00:56:09,overlay,0.68,evidence/CAM-01_2300_1788366272090.jpg
1416,NOT_READABLE,,,bicycle,grey,northbound,CAM-01,Chiman bhai Bridge,23.0064,72.5698,APPROXIMATE,2026-06-14 00:56:09,overlay,0.48,evidence/CAM-01_2301_1788366272182.jpg
1418,NOT_READABLE,,,motorcycle,orange,stationary,CAM-01,Chiman bhai Bridge,23.0064,72.5698,APPROXIMATE,2026-06-14 00:56:09,overlay,0.77,evidence/CAM-01_2303_1788366272252.jpg
1420,NOT_READABLE,,,bicycle,yellow,northbound,CAM-01,Chiman bhai Bridge,23.0064,72.5698,APPROXIMATE,2026-06-14 00:56:09,overlay,0.67,evidence/CAM-01_2305_1788366272269.jpg
1422,NOT_READABLE,,,motorcycle,grey,northbound,CAM-01,Chiman bhai Bridge,23.0064,72.5698,APPROXIMATE,2026-06-14 00:56:09,overlay,0.57,evidence/CAM-01_2306_1788366272285.jpg
1424,NOT_READABLE,,,truck,blue,northbound,CAM-01,Chiman bhai Bridge,23.0064,72.5698,APPROXIMATE,2026-06-14 00:56:09,overlay,0.78,evidence/CAM-01_2308_1788366272299.jpg
1426,NOT_READABLE,,,bus,orange,eastbound,CAM-01,Chiman bhai Bridge,23.0064,72.5698,APPROXIMATE,2026-06-14 00:56:09,overlay,0.82,evidence/CAM-01_2312_1788366272314.jpg
1428,NOT_READABLE,,,bus,grey,eastbound,CAM-01,Chiman bhai Bridge,23.0064,72.5698,APPROXIMATE,2026-06-14 00:56:09,overlay,0.67,evidence/CAM-01_2313_1788366272330.jpg
1430,NOT_READABLE,,,truck,grey,westbound,CAM-01,Chiman bhai Bridge,23.0064,72.5698,APPROXIMATE,2026-06-14 00:56:09,overlay,0.94,evidence/CAM-01_2317_1788366272345.jpg
1432,NOT_READABLE,,,bus,grey,eastbound,CAM-01,Chiman bhai Bridge,23.0064,72.5698,APPROXIMATE,2026-06-14 00:56:09,overlay,0.74,evidence/CAM-01_2319_1788366272361.jpg
1434,NOT_READABLE,,,truck,grey,eastbound,CAM-01,Chiman bhai Bridge,23.0064,72.5698,APPROXIMATE,2026-06-14 00:56:09,overlay,0.65,evidence/CAM-01_2320_1788366272376.jpg
1436,NOT_READABLE,,,truck,grey,northbound,CAM-01,Chiman bhai Bridge,23.0064,72.5698,APPROXIMATE,2026-06-14 00:56:09,overlay,0.91,evidence/CAM-01_2324_1788366272401.jpg
1438,NOT_READABLE,,,bus,grey,westbound,CAM-01,Chiman bhai Bridge,23.0064,72.5698,APPROXIMATE,2026-06-14 00:56:09,overlay,0.47,evidence/CAM-01_2327_1788366272417.jpg
1439,NOT_READABLE,,,truck,grey,northbound,CAM-01,Chiman bhai Bridge,23.0064,72.5698,APPROXIMATE,2026-06-14 00:56:09,overlay,0.35,evidence/CAM-01_2331_1788366272437.jpg
1440,NOT_READABLE,,,car,grey,eastbound,CAM-01,Chiman bhai Bridge,23.0064,72.5698,APPROXIMATE,2026-06-14 00:56:09,overlay,0.98,evidence/CAM-01_2335_1788366272483.jpg
1441,NOT_READABLE,,,motorcycle,grey,northbound,CAM-01,Chiman bhai Bridge,23.0064,72.5698,APPROXIMATE,2026-06-14 00:56:09,overlay,0.53,evidence/CAM-01_2340_1788366272514.jpg
1442,NOT_READABLE,,,bus,blue,westbound,CAM-01,Chiman bhai Bridge,23.0064,72.5698,APPROXIMATE,2026-06-14 00:56:09,overlay,0.35,evidence/CAM-01_2351_1788366272539.jpg
1443,NOT_READABLE,,,bus,black,stationary,CAM-01,Chiman bhai Bridge,23.0064,72.5698,APPROXIMATE,2026-06-14 00:56:09,overlay,0.44,evidence/CAM-01_2365_1788366272562.jpg
1444,NOT_READABLE,,,truck,grey,stationary,CAM-01,Chiman bhai Bridge,23.0064,72.5698,APPROXIMATE,2026-06-14 00:56:09,overlay,0.75,evidence/CAM-01_2395_1788366272582.jpg
1445,NOT_READABLE,,,car,white,northbound,CAM-01,Chiman bhai Bridge,23.0064,72.5698,APPROXIMATE,2026-06-14 00:56:09,overlay,0.65,evidence/CAM-01_2406_1788366272924.jpg
1447,NOT_READABLE,,,car,yellow,stationary,CAM-01,Chiman bhai Bridge,23.0064,72.5698,APPROXIMATE,2026-06-14 00:56:10,overlay,0.38,evidence/CAM-01_2526_1788366273826.jpg
1448,NOT_READABLE,,,bicycle,orange,southbound,CAM-01,Chiman bhai Bridge,23.0064,72.5698,APPROXIMATE,2026-06-14 00:56:11,overlay,0.54,evidence/CAM-01_2315_1788366274598.jpg
1449,NOT_READABLE,,,car,purple,stationary,CAM-01,Chiman bhai Bridge,23.0064,72.5698,APPROXIMATE,2026-06-14 00:56:11,overlay,0.46,evidence/CAM-01_2527_1788366274613.jpg
1366,NOT_READABLE,,,truck,grey,eastbound,CAM-05,Visat teen Rasta,23.1192572,72.5656704,GEOCODED,2026-06-14 00:56:11,overlay,0.34,evidence/CAM-05_3267_1788366269982.jpg
1367,NOT_READABLE,,,car,grey,westbound,CAM-05,Visat teen Rasta,23.1192572,72.5656704,GEOCODED,2026-06-14 00:56:11,overlay,0.61,evidence/CAM-05_3282_1788366270007.jpg
1462,NOT_READABLE,,,motorcycle,blue,westbound,CAM-04,,23.0146,72.5679,APPROXIMATE,2026-06-14 00:56:11,overlay,2.27,evidence/CAM-04_497_1788366286139.jpg
1463,NOT_READABLE,,,truck,blue,northbound,CAM-04,,23.0146,72.5679,APPROXIMATE,2026-06-14 00:56:11,overlay,0.76,evidence/CAM-04_515_1788366286167.jpg
1391,NOT_READABLE,,,car,white,eastbound,CAM-05,Visat teen Rasta,23.1192572,72.5656704,GEOCODED,2026-06-14 00:56:12,overlay,0.88,evidence/CAM-05_3283_1788366270669.jpg
1451,NOT_READABLE,,,car,grey,westbound,CAM-01,Chiman bhai Bridge,23.0064,72.5698,APPROXIMATE,2026-06-14 00:56:14,overlay,5.02,evidence/CAM-01_2529_1788366278659.jpg
1452,NOT_READABLE,,,truck,yellow,stationary,CAM-01,Chiman bhai Bridge,23.0064,72.5698,APPROXIMATE,2026-06-14 00:56:14,overlay,0.39,evidence/CAM-01_2597_1788366279084.jpg
1453,NOT_READABLE,,,car,orange,stationary,CAM-01,Chiman bhai Bridge,23.0064,72.5698,APPROXIMATE,2026-06-14 00:56:14,overlay,0.49,evidence/CAM-01_2528_1788366279528.jpg
1461,NOT_READABLE,,,car,white,westbound,CAM-01,Chiman bhai Bridge,23.0064,72.5698,APPROXIMATE,2026-06-14 00:56:17,overlay,0.74,evidence/CAM-01_2620_1788366285485.jpg
1464,NOT_READABLE,,,car,white,northbound,CAM-01,Chiman bhai Bridge,23.0064,72.5698,APPROXIMATE,2026-06-14 00:56:19,overlay,0.51,evidence/CAM-01_2633_1788366287366.jpg
1465,NOT_READABLE,,,car,white,westbound,CAM-01,Chiman bhai Bridge,23.0064,72.5698,APPROXIMATE,2026-06-14 00:56:19,overlay,0.44,evidence/CAM-01_2635_1788366287414.jpg
1466,NOT_READABLE,,,car,white,southbound,CAM-01,Chiman bhai Bridge,23.0064,72.5698,APPROXIMATE,2026-06-14 00:56:19,overlay,0.95,evidence/CAM-01_2636_1788366287804.jpg
1469,NOT_READABLE,,,bicycle,blue,northbound,CAM-04,,23.0146,72.5679,APPROXIMATE,2026-06-14 00:56:22,overlay,7.08,evidence/CAM-04_277_1788366291397.jpg
1471,NOT_READABLE,,,bicycle,blue,westbound,CAM-04,,23.0146,72.5679,APPROXIMATE,2026-06-14 00:56:22,overlay,6.65,evidence/CAM-04_280_1788366291450.jpg
1473,NOT_READABLE,,,motorcycle,blue,southbound,CAM-04,,23.0146,72.5679,APPROXIMATE,2026-06-14 00:56:22,overlay,10.55,evidence/CAM-04_285_1788366291470.jpg
1475,NOT_READABLE,,,truck,yellow,eastbound,CAM-04,,23.0146,72.5679,APPROXIMATE,2026-06-14 00:56:22,overlay,9.98,evidence/CAM-04_308_1788366291489.jpg
1477,NOT_READABLE,,,motorcycle,blue,northbound,CAM-04,,23.0146,72.5679,APPROXIMATE,2026-06-14 00:56:22,overlay,4.09,evidence/CAM-04_326_1788366291506.jpg
1479,NOT_READABLE,,,car,,stationary,CAM-04,,23.0146,72.5679,APPROXIMATE,2026-06-14 00:56:22,overlay,7.44,evidence/CAM-04_509_1788366291526.jpg
1481,NOT_READABLE,,,bicycle,blue,westbound,CAM-04,,23.0146,72.5679,APPROXIMATE,2026-06-14 00:56:22,overlay,1.36,evidence/CAM-04_517_1788366291543.jpg
1483,NOT_READABLE,,,truck,yellow,eastbound,CAM-04,,23.0146,72.5679,APPROXIMATE,2026-06-14 00:56:22,overlay,0.93,evidence/CAM-04_519_1788366291562.jpg
1485,NOT_READABLE,,,bicycle,blue,westbound,CAM-04,,23.0146,72.5679,APPROXIMATE,2026-06-14 00:56:22,overlay,0.85,evidence/CAM-04_520_1788366291580.jpg
1486,NOT_READABLE,,,car,grey,northbound,CAM-04,,23.0146,72.5679,APPROXIMATE,2026-06-14 00:56:22,overlay,0.69,evidence/CAM-04_521_1788366291598.jpg
1489,NOT_READABLE,,,motorcycle,orange,westbound,CAM-04,,23.0146,72.5679,APPROXIMATE,2026-06-14 00:56:22,overlay,0.45,evidence/CAM-04_522_1788366291615.jpg
1491,NOT_READABLE,,,bicycle,yellow,eastbound,CAM-04,,23.0146,72.5679,APPROXIMATE,2026-06-14 00:56:22,overlay,0.78,evidence/CAM-04_523_1788366291652.jpg
1493,NOT_READABLE,,,bus,green,eastbound,CAM-04,,23.0146,72.5679,APPROXIMATE,2026-06-14 00:56:22,overlay,0.78,evidence/CAM-04_524_1788366291687.jpg
1495,NOT_READABLE,,,bus,blue,stationary,CAM-04,,23.0146,72.5679,APPROXIMATE,2026-06-14 00:56:22,overlay,0.74,evidence/CAM-04_527_1788366291723.jpg
1497,NOT_READABLE,,,truck,red,westbound,CAM-04,,23.0146,72.5679,APPROXIMATE,2026-06-14 00:56:22,overlay,0.79,evidence/CAM-04_528_1788366291759.jpg
1499,NOT_READABLE,,,motorcycle,blue,southbound,CAM-04,,23.0146,72.5679,APPROXIMATE,2026-06-14 00:56:22,overlay,0.85,evidence/CAM-04_531_1788366291793.jpg
1502,NOT_READABLE,,,bus,green,westbound,CAM-04,,23.0146,72.5679,APPROXIMATE,2026-06-14 00:56:22,overlay,0.55,evidence/CAM-04_534_1788366291823.jpg
1504,NOT_READABLE,,,bicycle,blue,northbound,CAM-04,,23.0146,72.5679,APPROXIMATE,2026-06-14 00:56:22,overlay,0.77,evidence/CAM-04_538_1788366291870.jpg
1506,NOT_READABLE,,,bicycle,blue,northbound,CAM-04,,23.0146,72.5679,APPROXIMATE,2026-06-14 00:56:22,overlay,8.85,evidence/CAM-04_539_1788366291905.jpg
1508,NOT_READABLE,,,motorcycle,blue,stationary,CAM-04,,23.0146,72.5679,APPROXIMATE,2026-06-14 00:56:22,overlay,0.67,evidence/CAM-04_544_1788366291940.jpg
1510,NOT_READABLE,,,motorcycle,green,northbound,CAM-04,,23.0146,72.5679,APPROXIMATE,2026-06-14 00:56:22,overlay,0.72,evidence/CAM-04_546_1788366291988.jpg
1513,NOT_READABLE,,,car,blue,westbound,CAM-04,,23.0146,72.5679,APPROXIMATE,2026-06-14 00:56:22,overlay,0.38,evidence/CAM-04_548_1788366292061.jpg
1515,NOT_READABLE,,,motorcycle,red,northbound,CAM-04,,23.0146,72.5679,APPROXIMATE,2026-06-14 00:56:22,overlay,0.73,evidence/CAM-04_551_1788366292106.jpg
1517,NOT_READABLE,,,car,blue,eastbound,CAM-04,,23.0146,72.5679,APPROXIMATE,2026-06-14 00:56:22,overlay,0.67,evidence/CAM-04_552_1788366292144.jpg
1519,NOT_READABLE,,,motorcycle,green,southbound,CAM-04,,23.0146,72.5679,APPROXIMATE,2026-06-14 00:56:22,overlay,0.72,evidence/CAM-04_553_1788366292172.jpg
1521,NOT_READABLE,,,bicycle,blue,southbound,CAM-04,,23.0146,72.5679,APPROXIMATE,2026-06-14 00:56:22,overlay,0.63,evidence/CAM-04_559_1788366292204.jpg
1523,NOT_READABLE,,,truck,blue,southbound,CAM-04,,23.0146,72.5679,APPROXIMATE,2026-06-14 00:56:22,overlay,0.49,evidence/CAM-04_565_1788366292239.jpg
1525,NOT_READABLE,,,truck,blue,stationary,CAM-04,,23.0146,72.5679,APPROXIMATE,2026-06-14 00:56:22,overlay,0.48,evidence/CAM-04_568_1788366292277.jpg
1527,NOT_READABLE,,,motorcycle,blue,westbound,CAM-04,,23.0146,72.5679,APPROXIMATE,2026-06-14 00:56:22,overlay,0.69,evidence/CAM-04_571_1788366292487.jpg
1528,NOT_READABLE,,,bus,red,eastbound,CAM-04,,23.0146,72.5679,APPROXIMATE,2026-06-14 00:56:22,overlay,0.87,evidence/CAM-04_573_1788366292658.jpg
1530,NOT_READABLE,,,car,orange,eastbound,CAM-04,,23.0146,72.5679,APPROXIMATE,2026-06-14 00:56:22,overlay,0.89,evidence/CAM-04_576_1788366292697.jpg
1531,NOT_READABLE,,,motorcycle,white,northbound,CAM-04,,23.0146,72.5679,APPROXIMATE,2026-06-14 00:56:22,overlay,0.48,evidence/CAM-04_582_1788366292879.jpg
1532,NOT_READABLE,,,bus,green,northbound,CAM-04,,23.0146,72.5679,APPROXIMATE,2026-06-14 00:56:22,overlay,0.98,evidence/CAM-04_588_1788366292982.jpg
1533,NOT_READABLE,,,truck,blue,westbound,CAM-04,,23.0146,72.5679,APPROXIMATE,2026-06-14 00:56:22,overlay,0.96,evidence/CAM-04_603_1788366293046.jpg
1534,NOT_READABLE,,,car,grey,eastbound,CAM-04,,23.0146,72.5679,APPROXIMATE,2026-06-14 00:56:22,overlay,0.47,evidence/CAM-04_605_1788366293098.jpg
1535,NOT_READABLE,,,motorcycle,red,northbound,CAM-04,,23.0146,72.5679,APPROXIMATE,2026-06-14 00:56:22,overlay,0.74,evidence/CAM-04_608_1788366293362.jpg
1536,NOT_READABLE,,,truck,green,eastbound,CAM-04,,23.0146,72.5679,APPROXIMATE,2026-06-14 00:56:22,overlay,0.44,evidence/CAM-04_609_1788366293476.jpg
1537,NOT_READABLE,,,car,yellow,westbound,CAM-04,,23.0146,72.5679,APPROXIMATE,2026-06-14 00:56:22,overlay,0.47,evidence/CAM-04_617_1788366293533.jpg
1538,NOT_READABLE,,,car,grey,southbound,CAM-04,,23.0146,72.5679,APPROXIMATE,2026-06-14 00:56:22,overlay,9.97,evidence/CAM-04_629_1788366293686.jpg
1539,NOT_READABLE,,,bicycle,red,eastbound,CAM-04,,23.0146,72.5679,APPROXIMATE,2026-06-14 00:56:22,overlay,0.72,evidence/CAM-04_637_1788366293805.jpg
1541,NOT_READABLE,,,bus,green,northbound,CAM-04,,23.0146,72.5679,APPROXIMATE,2026-06-14 00:56:22,overlay,0.72,evidence/CAM-04_640_1788366293828.jpg
1544,NOT_READABLE,,,truck,green,eastbound,CAM-04,,23.0146,72.5679,APPROXIMATE,2026-06-14 00:56:22,overlay,0.83,evidence/CAM-04_651_1788366293928.jpg
1546,NOT_READABLE,,,bicycle,blue,eastbound,CAM-04,,23.0146,72.5679,APPROXIMATE,2026-06-14 00:56:22,overlay,0.68,evidence/CAM-04_652_1788366293983.jpg
1547,NOT_READABLE,,,motorcycle,blue,southbound,CAM-04,,23.0146,72.5679,APPROXIMATE,2026-06-14 00:56:22,overlay,0.83,evidence/CAM-04_666_1788366294100.jpg
1549,NOT_READABLE,,,car,blue,westbound,CAM-04,,23.0146,72.5679,APPROXIMATE,2026-06-14 00:56:22,overlay,0.52,evidence/CAM-04_686_1788366294124.jpg
1552,NOT_READABLE,,,car,grey,southbound,CAM-04,,23.0146,72.5679,APPROXIMATE,2026-06-14 00:56:22,overlay,0.51,evidence/CAM-04_715_1788366294148.jpg
1467,NOT_READABLE,,,car,white,northbound,CAM-01,Chiman bhai Bridge,23.0064,72.5698,APPROXIMATE,2026-06-14 00:56:22,overlay,0.93,evidence/CAM-01_2637_1788366289742.jpg
1468,NOT_READABLE,,,car,purple,southbound,CAM-01,Chiman bhai Bridge,23.0064,72.5698,APPROXIMATE,2026-06-14 00:56:22,overlay,0.37,evidence/CAM-01_2663_1788366289758.jpg
1454,NOT_READABLE,,,bicycle,blue,westbound,CAM-05,Visat teen Rasta,23.1192572,72.5656704,GEOCODED,2026-06-14 00:56:25,overlay,0.71,evidence/CAM-05_3298_1788366282338.jpg
1455,NOT_READABLE,,,bicycle,blue,westbound,CAM-05,Visat teen Rasta,23.1192572,72.5656704,GEOCODED,2026-06-14 00:56:25,overlay,0.57,evidence/CAM-05_3301_1788366282551.jpg
1456,NOT_READABLE,,,bicycle,black,westbound,CAM-05,Visat teen Rasta,23.1192572,72.5656704,GEOCODED,2026-06-14 00:56:25,overlay,0.70,evidence/CAM-05_3303_1788366282693.jpg
1458,NOT_READABLE,,,bicycle,blue,northbound,CAM-05,Visat teen Rasta,23.1192572,72.5656704,GEOCODED,2026-06-14 00:56:25,overlay,0.47,evidence/CAM-05_3305_1788366283021.jpg
1705,NOT_READABLE,,,truck,red,westbound,CAM-01,Chiman bhai Bridge,23.0064,72.5698,APPROXIMATE,2026-06-14 00:56:25,overlay,0.48,evidence/CAM-01_2679_1788366301391.jpg
1708,NOT_READABLE,,,truck,grey,westbound,CAM-01,Chiman bhai Bridge,23.0064,72.5698,APPROXIMATE,2026-06-14 00:56:25,overlay,2.46,evidence/CAM-01_2680_1788366301405.jpg
1710,NOT_READABLE,,,car,grey,westbound,CAM-01,Chiman bhai Bridge,23.0064,72.5698,APPROXIMATE,2026-06-14 00:56:25,overlay,3.92,evidence/CAM-01_2681_1788366301422.jpg
1713,NOT_READABLE,,,truck,blue,eastbound,CAM-01,Chiman bhai Bridge,23.0064,72.5698,APPROXIMATE,2026-06-14 00:56:25,overlay,3.93,evidence/CAM-01_2682_1788366301437.jpg
1715,NOT_READABLE,,,car,blue,eastbound,CAM-01,Chiman bhai Bridge,23.0064,72.5698,APPROXIMATE,2026-06-14 00:56:25,overlay,4.43,evidence/CAM-01_2683_1788366301454.jpg
1718,NOT_READABLE,,,bus,blue,eastbound,CAM-01,Chiman bhai Bridge,23.0064,72.5698,APPROXIMATE,2026-06-14 00:56:25,overlay,5.04,evidence/CAM-01_2684_1788366301481.jpg
1720,NOT_READABLE,,,motorcycle,grey,northbound,CAM-01,Chiman bhai Bridge,23.0064,72.5698,APPROXIMATE,2026-06-14 00:56:25,overlay,4.64,evidence/CAM-01_2685_1788366301499.jpg
1723,NOT_READABLE,,,bicycle,grey,westbound,CAM-01,Chiman bhai Bridge,23.0064,72.5698,APPROXIMATE,2026-06-14 00:56:25,overlay,2.68,evidence/CAM-01_2686_1788366301518.jpg
1725,NOT_READABLE,,,bus,grey,westbound,CAM-01,Chiman bhai Bridge,23.0064,72.5698,APPROXIMATE,2026-06-14 00:56:25,overlay,4.13,evidence/CAM-01_2687_1788366301534.jpg
1728,NOT_READABLE,,,truck,yellow,westbound,CAM-01,Chiman bhai Bridge,23.0064,72.5698,APPROXIMATE,2026-06-14 00:56:25,overlay,6.63,evidence/CAM-01_2688_1788366301552.jpg
1731,NOT_READABLE,,,truck,,westbound,CAM-01,Chiman bhai Bridge,23.0064,72.5698,APPROXIMATE,2026-06-14 00:56:25,overlay,5.41,evidence/CAM-01_2691_1788366301590.jpg
1733,NOT_READABLE,,,bicycle,,eastbound,CAM-01,Chiman bhai Bridge,23.0064,72.5698,APPROXIMATE,2026-06-14 00:56:25,overlay,5.79,evidence/CAM-01_2694_1788366301608.jpg
1735,NOT_READABLE,,,car,,northbound,CAM-01,Chiman bhai Bridge,23.0064,72.5698,APPROXIMATE,2026-06-14 00:56:25,overlay,3.03,evidence/CAM-01_2695_1788366301626.jpg
1738,NOT_READABLE,,,truck,,stationary,CAM-01,Chiman bhai Bridge,23.0064,72.5698,APPROXIMATE,2026-06-14 00:56:25,overlay,6.03,evidence/CAM-01_2698_1788366301645.jpg
1741,NOT_READABLE,,,bicycle,,southbound,CAM-01,Chiman bhai Bridge,23.0064,72.5698,APPROXIMATE,2026-06-14 00:56:25,overlay,8.55,evidence/CAM-01_2702_1788366301662.jpg
1742,NOT_READABLE,,,car,blue,westbound,CAM-01,Chiman bhai Bridge,23.0064,72.5698,APPROXIMATE,2026-06-14 00:56:25,overlay,0.61,evidence/CAM-01_2704_1788366301678.jpg
1745,NOT_READABLE,,,car,grey,eastbound,CAM-01,Chiman bhai Bridge,23.0064,72.5698,APPROXIMATE,2026-06-14 00:56:25,overlay,0.58,evidence/CAM-01_2705_1788366301696.jpg
1748,NOT_READABLE,,,car,grey,westbound,CAM-01,Chiman bhai Bridge,23.0064,72.5698,APPROXIMATE,2026-06-14 00:56:25,overlay,0.85,evidence/CAM-01_2706_1788366301711.jpg
1749,NOT_READABLE,,,car,blue,westbound,CAM-01,Chiman bhai Bridge,23.0064,72.5698,APPROXIMATE,2026-06-14 00:56:25,overlay,0.39,evidence/CAM-01_2707_1788366301728.jpg
1752,NOT_READABLE,,,car,blue,westbound,CAM-01,Chiman bhai Bridge,23.0064,72.5698,APPROXIMATE,2026-06-14 00:56:25,overlay,0.36,evidence/CAM-01_2708_1788366301746.jpg
1755,NOT_READABLE,,,car,blue,eastbound,CAM-01,Chiman bhai Bridge,23.0064,72.5698,APPROXIMATE,2026-06-14 00:56:25,overlay,0.59,evidence/CAM-01_2709_1788366301763.jpg
1756,NOT_READABLE,,,car,blue,westbound,CAM-01,Chiman bhai Bridge,23.0064,72.5698,APPROXIMATE,2026-06-14 00:56:25,overlay,0.60,evidence/CAM-01_2710_1788366301791.jpg
1759,NOT_READABLE,,,car,grey,northbound,CAM-01,Chiman bhai Bridge,23.0064,72.5698,APPROXIMATE,2026-06-14 00:56:25,overlay,0.75,evidence/CAM-01_2711_1788366301818.jpg
1761,NOT_READABLE,,,car,red,southbound,CAM-01,Chiman bhai Bridge,23.0064,72.5698,APPROXIMATE,2026-06-14 00:56:25,overlay,0.60,evidence/CAM-01_2712_1788366301835.jpg
1764,NOT_READABLE,,,car,white,northbound,CAM-01,Chiman bhai Bridge,23.0064,72.5698,APPROXIMATE,2026-06-14 00:56:25,overlay,0.42,evidence/CAM-01_2713_1788366301862.jpg
1766,NOT_READABLE,,,car,grey,northbound,CAM-01,Chiman bhai Bridge,23.0064,72.5698,APPROXIMATE,2026-06-14 00:56:25,overlay,0.39,evidence/CAM-01_2718_1788366301877.jpg
1769,NOT_READABLE,,,car,grey,eastbound,CAM-01,Chiman bhai Bridge,23.0064,72.5698,APPROXIMATE,2026-06-14 00:56:25,overlay,0.42,evidence/CAM-01_2726_1788366301892.jpg
1772,NOT_READABLE,,,car,blue,eastbound,CAM-01,Chiman bhai Bridge,23.0064,72.5698,APPROXIMATE,2026-06-14 00:56:25,overlay,0.46,evidence/CAM-01_2729_1788366301917.jpg
1775,NOT_READABLE,,,car,red,westbound,CAM-01,Chiman bhai Bridge,23.0064,72.5698,APPROXIMATE,2026-06-14 00:56:25,overlay,0.42,evidence/CAM-01_2739_1788366301934.jpg
1776,NOT_READABLE,,,car,blue,eastbound,CAM-01,Chiman bhai Bridge,23.0064,72.5698,APPROXIMATE,2026-06-14 00:56:25,overlay,0.78,evidence/CAM-01_2744_1788366301948.jpg
1779,NOT_READABLE,,,car,blue,southbound,CAM-01,Chiman bhai Bridge,23.0064,72.5698,APPROXIMATE,2026-06-14 00:56:25,overlay,0.65,evidence/CAM-01_2782_1788366301964.jpg
1595,NOT_READABLE,,,truck,green,stationary,CAM-04,,23.0146,72.5679,APPROXIMATE,2026-06-14 00:56:26,overlay,9.29,evidence/CAM-04_279_1788366296317.jpg
1597,NOT_READABLE,,,bus,blue,southbound,CAM-04,,23.0146,72.5679,APPROXIMATE,2026-06-14 00:56:26,overlay,7.18,evidence/CAM-04_302_1788366296362.jpg
1599,NOT_READABLE,,,car,green,northbound,CAM-04,,23.0146,72.5679,APPROXIMATE,2026-06-14 00:56:26,overlay,9.09,evidence/CAM-04_306_1788366296390.jpg
1602,NOT_READABLE,,,car,yellow,westbound,CAM-04,,23.0146,72.5679,APPROXIMATE,2026-06-14 00:56:26,overlay,5.66,evidence/CAM-04_312_1788366296415.jpg
1605,NOT_READABLE,,,car,orange,westbound,CAM-04,,23.0146,72.5679,APPROXIMATE,2026-06-14 00:56:26,overlay,0.65,evidence/CAM-04_516_1788366296599.jpg
1607,NOT_READABLE,,,car,yellow,southbound,CAM-04,,23.0146,72.5679,APPROXIMATE,2026-06-14 00:56:26,overlay,0.92,evidence/CAM-04_525_1788366296639.jpg
1609,NOT_READABLE,,,bicycle,green,westbound,CAM-04,,23.0146,72.5679,APPROXIMATE,2026-06-14 00:56:26,overlay,0.96,evidence/CAM-04_526_1788366296668.jpg
1611,NOT_READABLE,,,bus,blue,westbound,CAM-04,,23.0146,72.5679,APPROXIMATE,2026-06-14 00:56:26,overlay,0.56,evidence/CAM-04_535_1788366296697.jpg
1612,NOT_READABLE,,,bus,red,southbound,CAM-04,,23.0146,72.5679,APPROXIMATE,2026-06-14 00:56:26,overlay,0.47,evidence/CAM-04_540_1788366296730.jpg
1613,NOT_READABLE,,,motorcycle,yellow,westbound,CAM-04,,23.0146,72.5679,APPROXIMATE,2026-06-14 00:56:26,overlay,0.63,evidence/CAM-04_541_1788366296787.jpg
1614,NOT_READABLE,,,truck,blue,southbound,CAM-04,,23.0146,72.5679,APPROXIMATE,2026-06-14 00:56:26,overlay,0.85,evidence/CAM-04_549_1788366296848.jpg
1615,NOT_READABLE,,,bus,yellow,northbound,CAM-04,,23.0146,72.5679,APPROXIMATE,2026-06-14 00:56:26,overlay,0.82,evidence/CAM-04_550_1788366296914.jpg
1616,NOT_READABLE,,,bus,yellow,northbound,CAM-04,,23.0146,72.5679,APPROXIMATE,2026-06-14 00:56:26,overlay,0.97,evidence/CAM-04_562_1788366296961.jpg
1617,NOT_READABLE,,,bus,grey,westbound,CAM-04,,23.0146,72.5679,APPROXIMATE,2026-06-14 00:56:26,overlay,0.57,evidence/CAM-04_569_1788366297013.jpg
1618,NOT_READABLE,,,bus,blue,westbound,CAM-04,,23.0146,72.5679,APPROXIMATE,2026-06-14 00:56:26,overlay,0.48,evidence/CAM-04_581_1788366297207.jpg
1619,NOT_READABLE,,,truck,yellow,eastbound,CAM-04,,23.0146,72.5679,APPROXIMATE,2026-06-14 00:56:26,overlay,0.98,evidence/CAM-04_723_1788366297246.jpg
1620,NOT_READABLE,,,bicycle,yellow,westbound,CAM-04,,23.0146,72.5679,APPROXIMATE,2026-06-14 00:56:26,overlay,9.01,evidence/CAM-04_725_1788366297293.jpg
1621,NOT_READABLE,,,car,blue,southbound,CAM-04,,23.0146,72.5679,APPROXIMATE,2026-06-14 00:56:26,overlay,1.00,evidence/CAM-04_727_1788366297339.jpg
1622,NOT_READABLE,,,bus,green,eastbound,CAM-04,,23.0146,72.5679,APPROXIMATE,2026-06-14 00:56:26,overlay,0.96,evidence/CAM-04_729_1788366297416.jpg
1623,NOT_READABLE,,,car,blue,northbound,CAM-04,,23.0146,72.5679,APPROXIMATE,2026-06-14 00:56:26,overlay,5.69,evidence/CAM-04_730_1788366297497.jpg
1624,NOT_READABLE,,,truck,blue,northbound,CAM-04,,23.0146,72.5679,APPROXIMATE,2026-06-14 00:56:26,overlay,0.99,evidence/CAM-04_733_1788366297565.jpg
1625,NOT_READABLE,,,car,yellow,eastbound,CAM-04,,23.0146,72.5679,APPROXIMATE,2026-06-14 00:56:26,overlay,1.00,evidence/CAM-04_735_1788366297631.jpg
1626,NOT_READABLE,,,truck,blue,stationary,CAM-04,,23.0146,72.5679,APPROXIMATE,2026-06-14 00:56:26,overlay,1.00,evidence/CAM-04_737_1788366297821.jpg
1627,NOT_READABLE,,,bicycle,yellow,westbound,CAM-04,,23.0146,72.5679,APPROXIMATE,2026-06-14 00:56:26,overlay,9.40,evidence/CAM-04_740_1788366297955.jpg
1629,NOT_READABLE,,,motorcycle,orange,westbound,CAM-04,,23.0146,72.5679,APPROXIMATE,2026-06-14 00:56:26,overlay,0.90,evidence/CAM-04_743_1788366298055.jpg
1630,NOT_READABLE,,,motorcycle,blue,eastbound,CAM-04,,23.0146,72.5679,APPROXIMATE,2026-06-14 00:56:26,overlay,0.96,evidence/CAM-04_745_1788366298084.jpg
1631,NOT_READABLE,,,truck,blue,eastbound,CAM-04,,23.0146,72.5679,APPROXIMATE,2026-06-14 00:56:26,overlay,0.95,evidence/CAM-04_750_1788366298117.jpg
1632,NOT_READABLE,,,truck,blue,stationary,CAM-04,,23.0146,72.5679,APPROXIMATE,2026-06-14 00:56:26,overlay,0.99,evidence/CAM-04_754_1788366298179.jpg
1633,NOT_READABLE,,,bicycle,green,eastbound,CAM-04,,23.0146,72.5679,APPROXIMATE,2026-06-14 00:56:26,overlay,0.98,evidence/CAM-04_758_1788366298486.jpg
1634,NOT_READABLE,,,bicycle,blue,northbound,CAM-04,,23.0146,72.5679,APPROXIMATE,2026-06-14 00:56:26,overlay,0.53,evidence/CAM-04_759_1788366298523.jpg
1635,NOT_READABLE,,,truck,yellow,eastbound,CAM-04,,23.0146,72.5679,APPROXIMATE,2026-06-14 00:56:26,overlay,0.75,evidence/CAM-04_760_1788366298581.jpg
1636,NOT_READABLE,,,bus,green,eastbound,CAM-04,,23.0146,72.5679,APPROXIMATE,2026-06-14 00:56:26,overlay,1.00,evidence/CAM-04_762_1788366298616.jpg
1637,NOT_READABLE,,,car,blue,westbound,CAM-04,,23.0146,72.5679,APPROXIMATE,2026-06-14 00:56:26,overlay,10.97,evidence/CAM-04_777_1788366298652.jpg
1638,NOT_READABLE,,,bicycle,white,westbound,CAM-04,,23.0146,72.5679,APPROXIMATE,2026-06-14 00:56:26,overlay,0.98,evidence/CAM-04_781_1788366298787.jpg
1639,NOT_READABLE,,,motorcycle,green,southbound,CAM-04,,23.0146,72.5679,APPROXIMATE,2026-06-14 00:56:26,overlay,0.62,evidence/CAM-04_783_1788366298866.jpg
1640,NOT_READABLE,,,motorcycle,grey,westbound,CAM-04,,23.0146,72.5679,APPROXIMATE,2026-06-14 00:56:26,overlay,1.00,evidence/CAM-04_825_1788366298978.jpg
1641,NOT_READABLE,,,motorcycle,,stationary,CAM-04,,23.0146,72.5679,APPROXIMATE,2026-06-14 00:56:26,overlay,12.66,evidence/CAM-04_830_1788366299003.jpg
1642,NOT_READABLE,,,car,,westbound,CAM-04,,23.0146,72.5679,APPROXIMATE,2026-06-14 00:56:26,overlay,15.83,evidence/CAM-04_837_1788366299111.jpg
1644,NOT_READABLE,,,bus,,eastbound,CAM-04,,23.0146,72.5679,APPROXIMATE,2026-06-14 00:56:26,overlay,8.06,evidence/CAM-04_839_1788366299138.jpg
1645,NOT_READABLE,,,bicycle,,stationary,CAM-04,,23.0146,72.5679,APPROXIMATE,2026-06-14 00:56:26,overlay,11.72,evidence/CAM-04_840_1788366299165.jpg
1646,NOT_READABLE,,,truck,,stationary,CAM-04,,23.0146,72.5679,APPROXIMATE,2026-06-14 00:56:26,overlay,3.68,evidence/CAM-04_843_1788366299186.jpg
1648,NOT_READABLE,,,bicycle,,westbound,CAM-04,,23.0146,72.5679,APPROXIMATE,2026-06-14 00:56:26,overlay,7.95,evidence/CAM-04_844_1788366299223.jpg
1651,NOT_READABLE,,,bicycle,,westbound,CAM-04,,23.0146,72.5679,APPROXIMATE,2026-06-14 00:56:26,overlay,9.54,evidence/CAM-04_845_1788366299259.jpg
1653,NOT_READABLE,,,bicycle,,stationary,CAM-04,,23.0146,72.5679,APPROXIMATE,2026-06-14 00:56:26,overlay,14.24,evidence/CAM-04_856_1788366299363.jpg
1806,NOT_READABLE,,,car,white,eastbound,CAM-01,Chiman bhai Bridge,23.0064,72.5698,APPROXIMATE,2026-06-14 00:56:26,overlay,0.83,evidence/CAM-01_2870_1788366302407.jpg
1540,NOT_READABLE,,,motorcycle,,westbound,CAM-05,Visat teen Rasta,23.1192572,72.5656704,GEOCODED,2026-06-14 00:56:26,overlay,5.10,evidence/CAM-05_3498_1788366293826.jpg
1542,NOT_READABLE,,,bicycle,,northbound,CAM-05,Visat teen Rasta,23.1192572,72.5656704,GEOCODED,2026-06-14 00:56:26,overlay,2.27,evidence/CAM-05_3504_1788366293902.jpg
1543,NOT_READABLE,,,car,,northbound,CAM-05,Visat teen Rasta,23.1192572,72.5656704,GEOCODED,2026-06-14 00:56:26,overlay,12.08,evidence/CAM-05_3505_1788366293929.jpg
1545,NOT_READABLE,,,car,,stationary,CAM-05,Visat teen Rasta,23.1192572,72.5656704,GEOCODED,2026-06-14 00:56:26,overlay,8.35,evidence/CAM-05_3506_1788366293980.jpg
1548,NOT_READABLE,,,bus,,northbound,CAM-05,Visat teen Rasta,23.1192572,72.5656704,GEOCODED,2026-06-14 00:56:26,overlay,15.33,evidence/CAM-05_3508_1788366294099.jpg
1550,NOT_READABLE,,,truck,,southbound,CAM-05,Visat teen Rasta,23.1192572,72.5656704,GEOCODED,2026-06-14 00:56:26,overlay,8.45,evidence/CAM-05_3509_1788366294143.jpg
1818,NOT_READABLE,,,car,red,eastbound,CAM-01,Chiman bhai Bridge,23.0064,72.5698,APPROXIMATE,2026-06-14 00:56:27,overlay,0.41,evidence/CAM-01_2950_1788366302581.jpg
1820,NOT_READABLE,,,car,white,eastbound,CAM-01,Chiman bhai Bridge,23.0064,72.5698,APPROXIMATE,2026-06-14 00:56:27,overlay,0.80,evidence/CAM-01_3025_1788366302597.jpg
1833,NOT_READABLE,,,car,grey,southbound,CAM-01,Chiman bhai Bridge,23.0064,72.5698,APPROXIMATE,2026-06-14 00:56:27,overlay,0.67,evidence/CAM-01_2991_1788366303109.jpg
1843,NOT_READABLE,,,car,white,northbound,CAM-01,Chiman bhai Bridge,23.0064,72.5698,APPROXIMATE,2026-06-14 00:56:28,overlay,0.61,evidence/CAM-01_3029_1788366303470.jpg
1855,NOT_READABLE,,,car,grey,stationary,CAM-01,Chiman bhai Bridge,23.0064,72.5698,APPROXIMATE,2026-06-14 00:56:28,overlay,0.41,evidence/CAM-01_3026_1788366303939.jpg
1866,NOT_READABLE,,,car,purple,stationary,CAM-01,Chiman bhai Bridge,23.0064,72.5698,APPROXIMATE,2026-06-14 00:56:28,overlay,0.38,evidence/CAM-01_3031_1788366305029.jpg
1886,NOT_READABLE,,,truck,red,westbound,CAM-01,Chiman bhai Bridge,23.0064,72.5698,APPROXIMATE,2026-06-14 00:56:30,overlay,0.84,evidence/CAM-01_2948_1788366307452.jpg
1888,NOT_READABLE,,,car,white,stationary,CAM-01,Chiman bhai Bridge,23.0064,72.5698,APPROXIMATE,2026-06-14 00:56:30,overlay,0.67,evidence/CAM-01_3056_1788366307469.jpg
1890,NOT_READABLE,,,car,white,stationary,CAM-01,Chiman bhai Bridge,23.0064,72.5698,APPROXIMATE,2026-06-14 00:56:30,overlay,0.71,evidence/CAM-01_3057_1788366307487.jpg
1657,NOT_READABLE,,,bicycle,green,westbound,CAM-04,,23.0146,72.5679,APPROXIMATE,2026-06-14 00:56:31,overlay,7.85,evidence/CAM-04_281_1788366299712.jpg
1659,NOT_READABLE,,,car,green,eastbound,CAM-04,,23.0146,72.5679,APPROXIMATE,2026-06-14 00:56:31,overlay,3.24,evidence/CAM-04_307_1788366299745.jpg
1662,NOT_READABLE,,,motorcycle,blue,eastbound,CAM-04,,23.0146,72.5679,APPROXIMATE,2026-06-14 00:56:31,overlay,8.38,evidence/CAM-04_518_1788366299815.jpg
1663,NOT_READABLE,,,car,green,westbound,CAM-04,,23.0146,72.5679,APPROXIMATE,2026-06-14 00:56:31,overlay,11.65,evidence/CAM-04_719_1788366300067.jpg
1666,NOT_READABLE,,,motorcycle,green,northbound,CAM-04,,23.0146,72.5679,APPROXIMATE,2026-06-14 00:56:31,overlay,7.95,evidence/CAM-04_720_1788366300128.jpg
1667,NOT_READABLE,,,truck,green,eastbound,CAM-04,,23.0146,72.5679,APPROXIMATE,2026-06-14 00:56:31,overlay,2.46,evidence/CAM-04_721_1788366300230.jpg
1669,NOT_READABLE,,,motorcycle,blue,westbound,CAM-04,,23.0146,72.5679,APPROXIMATE,2026-06-14 00:56:31,overlay,5.04,evidence/CAM-04_722_1788366300301.jpg
1671,NOT_READABLE,,,motorcycle,green,northbound,CAM-04,,23.0146,72.5679,APPROXIMATE,2026-06-14 00:56:31,overlay,4.64,evidence/CAM-04_728_1788366300356.jpg
1673,NOT_READABLE,,,truck,green,eastbound,CAM-04,,23.0146,72.5679,APPROXIMATE,2026-06-14 00:56:31,overlay,4.13,evidence/CAM-04_741_1788366300541.jpg
1676,NOT_READABLE,,,motorcycle,green,southbound,CAM-04,,23.0146,72.5679,APPROXIMATE,2026-06-14 00:56:31,overlay,5.84,evidence/CAM-04_769_1788366300619.jpg
1680,NOT_READABLE,,,bus,,westbound,CAM-04,,23.0146,72.5679,APPROXIMATE,2026-06-14 00:56:31,overlay,4.42,evidence/CAM-04_833_1788366300636.jpg
1682,NOT_READABLE,,,bicycle,,eastbound,CAM-04,,23.0146,72.5679,APPROXIMATE,2026-06-14 00:56:31,overlay,9.90,evidence/CAM-04_838_1788366300811.jpg
1685,NOT_READABLE,,,bicycle,,stationary,CAM-04,,23.0146,72.5679,APPROXIMATE,2026-06-14 00:56:31,overlay,7.78,evidence/CAM-04_841_1788366300864.jpg
1687,NOT_READABLE,,,car,,southbound,CAM-04,,23.0146,72.5679,APPROXIMATE,2026-06-14 00:56:31,overlay,11.89,evidence/CAM-04_848_1788366300936.jpg
1690,NOT_READABLE,,,bicycle,,northbound,CAM-04,,23.0146,72.5679,APPROXIMATE,2026-06-14 00:56:31,overlay,11.58,evidence/CAM-04_853_1788366301078.jpg
1693,NOT_READABLE,,,car,,northbound,CAM-04,,23.0146,72.5679,APPROXIMATE,2026-06-14 00:56:31,overlay,10.65,evidence/CAM-04_855_1788366301126.jpg
1696,NOT_READABLE,,,bus,,eastbound,CAM-04,,23.0146,72.5679,APPROXIMATE,2026-06-14 00:56:31,overlay,10.63,evidence/CAM-04_897_1788366301154.jpg
2016,NOT_READABLE,,,car,red,southbound,CAM-01,Chiman bhai Bridge,23.0064,72.5698,APPROXIMATE,2026-06-14 00:56:32,overlay,0.60,evidence/CAM-01_3058_1788366313917.jpg
2018,NOT_READABLE,,,car,red,southbound,CAM-01,Chiman bhai Bridge,23.0064,72.5698,APPROXIMATE,2026-06-14 00:56:32,overlay,0.75,evidence/CAM-01_3059_1788366313931.jpg
2020,NOT_READABLE,,,car,white,northbound,CAM-01,Chiman bhai Bridge,23.0064,72.5698,APPROXIMATE,2026-06-14 00:56:32,overlay,0.64,evidence/CAM-01_3060_1788366313948.jpg
2022,NOT_READABLE,,,bicycle,blue,stationary,CAM-01,Chiman bhai Bridge,23.0064,72.5698,APPROXIMATE,2026-06-14 00:56:32,overlay,4.21,evidence/CAM-01_3064_1788366313963.jpg
2023,NOT_READABLE,,,car,blue,stationary,CAM-01,Chiman bhai Bridge,23.0064,72.5698,APPROXIMATE,2026-06-14 00:56:32,overlay,1.00,evidence/CAM-01_3065_1788366313982.jpg
2024,NOT_READABLE,,,motorcycle,blue,stationary,CAM-01,Chiman bhai Bridge,23.0064,72.5698,APPROXIMATE,2026-06-14 00:56:32,overlay,5.14,evidence/CAM-01_3066_1788366313998.jpg
2026,NOT_READABLE,,,bus,blue,stationary,CAM-01,Chiman bhai Bridge,23.0064,72.5698,APPROXIMATE,2026-06-14 00:56:32,overlay,5.47,evidence/CAM-01_3067_1788366314015.jpg
2028,NOT_READABLE,,,truck,blue,stationary,CAM-01,Chiman bhai Bridge,23.0064,72.5698,APPROXIMATE,2026-06-14 00:56:32,overlay,1.00,evidence/CAM-01_3068_1788366314030.jpg
2030,NOT_READABLE,,,bus,grey,westbound,CAM-01,Chiman bhai Bridge,23.0064,72.5698,APPROXIMATE,2026-06-14 00:56:32,overlay,0.87,evidence/CAM-01_3069_1788366314048.jpg
2032,NOT_READABLE,,,motorcycle,red,westbound,CAM-01,Chiman bhai Bridge,23.0064,72.5698,APPROXIMATE,2026-06-14 00:56:32,overlay,9.89,evidence/CAM-01_3070_1788366314062.jpg
2034,NOT_READABLE,,,truck,grey,westbound,CAM-01,Chiman bhai Bridge,23.0064,72.5698,APPROXIMATE,2026-06-14 00:56:32,overlay,13.19,evidence/CAM-01_3071_1788366314077.jpg
2036,NOT_READABLE,,,car,grey,southbound,CAM-01,Chiman bhai Bridge,23.0064,72.5698,APPROXIMATE,2026-06-14 00:56:32,overlay,0.88,evidence/CAM-01_3072_1788366314091.jpg
2037,NOT_READABLE,,,bicycle,blue,eastbound,CAM-01,Chiman bhai Bridge,23.0064,72.5698,APPROXIMATE,2026-06-14 00:56:32,overlay,0.94,evidence/CAM-01_3073_1788366314111.jpg
2039,NOT_READABLE,,,car,red,westbound,CAM-01,Chiman bhai Bridge,23.0064,72.5698,APPROXIMATE,2026-06-14 00:56:32,overlay,6.01,evidence/CAM-01_3074_1788366314151.jpg
2041,NOT_READABLE,,,motorcycle,blue,northbound,CAM-01,Chiman bhai Bridge,23.0064,72.5698,APPROXIMATE,2026-06-14 00:56:32,overlay,0.91,evidence/CAM-01_3075_1788366314166.jpg
2043,NOT_READABLE,,,bus,blue,southbound,CAM-01,Chiman bhai Bridge,23.0064,72.5698,APPROXIMATE,2026-06-14 00:56:32,overlay,0.89,evidence/CAM-01_3076_1788366314186.jpg
2045,NOT_READABLE,,,motorcycle,orange,westbound,CAM-01,Chiman bhai Bridge,23.0064,72.5698,APPROXIMATE,2026-06-14 00:56:32,overlay,9.83,evidence/CAM-01_3077_1788366314213.jpg
2047,NOT_READABLE,,,bus,purple,northbound,CAM-01,Chiman bhai Bridge,23.0064,72.5698,APPROXIMATE,2026-06-14 00:56:32,overlay,0.70,evidence/CAM-01_3078_1788366314230.jpg
2049,NOT_READABLE,,,truck,purple,westbound,CAM-01,Chiman bhai Bridge,23.0064,72.5698,APPROXIMATE,2026-06-14 00:56:32,overlay,0.75,evidence/CAM-01_3079_1788366314248.jpg
2051,NOT_READABLE,,,motorcycle,white,westbound,CAM-01,Chiman bhai Bridge,23.0064,72.5698,APPROXIMATE,2026-06-14 00:56:32,overlay,0.98,evidence/CAM-01_3080_1788366314267.jpg
2053,NOT_READABLE,,,car,grey,westbound,CAM-01,Chiman bhai Bridge,23.0064,72.5698,APPROXIMATE,2026-06-14 00:56:32,overlay,0.85,evidence/CAM-01_3081_1788366314284.jpg
2054,NOT_READABLE,,,bus,grey,westbound,CAM-01,Chiman bhai Bridge,23.0064,72.5698,APPROXIMATE,2026-06-14 00:56:32,overlay,0.71,evidence/CAM-01_3082_1788366314300.jpg
2055,NOT_READABLE,,,car,white,northbound,CAM-01,Chiman bhai Bridge,23.0064,72.5698,APPROXIMATE,2026-06-14 00:56:32,overlay,0.62,evidence/CAM-01_3084_1788366314324.jpg
2056,NOT_READABLE,,,car,blue,southbound,CAM-01,Chiman bhai Bridge,23.0064,72.5698,APPROXIMATE,2026-06-14 00:56:32,overlay,0.66,evidence/CAM-01_3085_1788366314347.jpg
2057,NOT_READABLE,,,bus,grey,westbound,CAM-01,Chiman bhai Bridge,23.0064,72.5698,APPROXIMATE,2026-06-14 00:56:32,overlay,0.79,evidence/CAM-01_3086_1788366314379.jpg
2058,NOT_READABLE,,,truck,purple,eastbound,CAM-01,Chiman bhai Bridge,23.0064,72.5698,APPROXIMATE,2026-06-14 00:56:32,overlay,0.92,evidence/CAM-01_3087_1788366314405.jpg
2059,NOT_READABLE,,,bus,blue,eastbound,CAM-01,Chiman bhai Bridge,23.0064,72.5698,APPROXIMATE,2026-06-14 00:56:32,overlay,0.87,evidence/CAM-01_3088_1788366314425.jpg
2060,NOT_READABLE,,,motorcycle,grey,eastbound,CAM-01,Chiman bhai Bridge,23.0064,72.5698,APPROXIMATE,2026-06-14 00:56:32,overlay,0.62,evidence/CAM-01_3089_1788366314469.jpg
2062,NOT_READABLE,,,truck,grey,eastbound,CAM-01,Chiman bhai Bridge,23.0064,72.5698,APPROXIMATE,2026-06-14 00:56:32,overlay,0.81,evidence/CAM-01_3092_1788366314490.jpg
2063,NOT_READABLE,,,motorcycle,grey,southbound,CAM-01,Chiman bhai Bridge,23.0064,72.5698,APPROXIMATE,2026-06-14 00:56:32,overlay,0.91,evidence/CAM-01_3093_1788366314516.jpg
2064,NOT_READABLE,,,bicycle,grey,eastbound,CAM-01,Chiman bhai Bridge,23.0064,72.5698,APPROXIMATE,2026-06-14 00:56:32,overlay,0.57,evidence/CAM-01_3095_1788366314537.jpg
2065,NOT_READABLE,,,bicycle,blue,westbound,CAM-01,Chiman bhai Bridge,23.0064,72.5698,APPROXIMATE,2026-06-14 00:56:32,overlay,0.34,evidence/CAM-01_3097_1788366314559.jpg
2066,NOT_READABLE,,,car,orange,southbound,CAM-01,Chiman bhai Bridge,23.0064,72.5698,APPROXIMATE,2026-06-14 00:56:32,overlay,0.56,evidence/CAM-01_3098_1788366314577.jpg
2067,NOT_READABLE,,,car,blue,eastbound,CAM-01,Chiman bhai Bridge,23.0064,72.5698,APPROXIMATE,2026-06-14 00:56:32,overlay,0.60,evidence/CAM-01_3099_1788366314598.jpg
2068,NOT_READABLE,,,bus,grey,stationary,CAM-01,Chiman bhai Bridge,23.0064,72.5698,APPROXIMATE,2026-06-14 00:56:32,overlay,0.43,evidence/CAM-01_3103_1788366314624.jpg
2069,NOT_READABLE,,,bicycle,grey,northbound,CAM-01,Chiman bhai Bridge,23.0064,72.5698,APPROXIMATE,2026-06-14 00:56:32,overlay,0.44,evidence/CAM-01_3104_1788366314644.jpg
2071,NOT_READABLE,,,motorcycle,blue,southbound,CAM-01,Chiman bhai Bridge,23.0064,72.5698,APPROXIMATE,2026-06-14 00:56:32,overlay,0.46,evidence/CAM-01_3106_1788366314659.jpg
2072,NOT_READABLE,,,car,grey,southbound,CAM-01,Chiman bhai Bridge,23.0064,72.5698,APPROXIMATE,2026-06-14 00:56:32,overlay,0.74,evidence/CAM-01_3107_1788366314680.jpg
2073,NOT_READABLE,,,car,white,stationary,CAM-01,Chiman bhai Bridge,23.0064,72.5698,APPROXIMATE,2026-06-14 00:56:34,overlay,0.44,evidence/CAM-01_3320_1788366315208.jpg
2074,NOT_READABLE,,,car,red,northbound,CAM-01,Chiman bhai Bridge,23.0064,72.5698,APPROXIMATE,2026-06-14 00:56:34,overlay,0.60,evidence/CAM-01_3318_1788366315614.jpg
1584,NOT_READABLE,,,motorcycle,blue,westbound,CAM-05,Visat teen Rasta,23.1192572,72.5656704,GEOCODED,2026-06-14 00:56:34,overlay,2.70,evidence/CAM-05_3354_1788366296030.jpg
1586,NOT_READABLE,,,motorcycle,,westbound,CAM-05,Visat teen Rasta,23.1192572,72.5656704,GEOCODED,2026-06-14 00:56:34,overlay,4.40,evidence/CAM-05_3510_1788366296056.jpg
1588,NOT_READABLE,,,car,grey,westbound,CAM-05,Visat teen Rasta,23.1192572,72.5656704,GEOCODED,2026-06-14 00:56:34,overlay,2.74,evidence/CAM-05_3513_1788366296092.jpg
1590,NOT_READABLE,,,bus,green,southbound,CAM-05,Visat teen Rasta,23.1192572,72.5656704,GEOCODED,2026-06-14 00:56:34,overlay,2.30,evidence/CAM-05_3514_1788366296127.jpg
1675,NOT_READABLE,,,bicycle,black,southbound,CAM-05,Visat teen Rasta,23.1192572,72.5656704,GEOCODED,2026-06-14 00:56:35,overlay,2.38,evidence/CAM-05_3293_1788366300533.jpg
1677,NOT_READABLE,,,bus,grey,stationary,CAM-05,Visat teen Rasta,23.1192572,72.5656704,GEOCODED,2026-06-14 00:56:35,overlay,3.57,evidence/CAM-05_3315_1788366300635.jpg
1679,NOT_READABLE,,,car,grey,eastbound,CAM-05,Visat teen Rasta,23.1192572,72.5656704,GEOCODED,2026-06-14 00:56:35,overlay,3.57,evidence/CAM-05_3321_1788366300750.jpg
1681,NOT_READABLE,,,bicycle,grey,westbound,CAM-05,Visat teen Rasta,23.1192572,72.5656704,GEOCODED,2026-06-14 00:56:35,overlay,4.74,evidence/CAM-05_3337_1788366300781.jpg
1684,NOT_READABLE,,,car,grey,eastbound,CAM-05,Visat teen Rasta,23.1192572,72.5656704,GEOCODED,2026-06-14 00:56:35,overlay,1.27,evidence/CAM-05_3520_1788366300863.jpg
1688,NOT_READABLE,,,bicycle,grey,eastbound,CAM-05,Visat teen Rasta,23.1192572,72.5656704,GEOCODED,2026-06-14 00:56:35,overlay,0.95,evidence/CAM-05_3522_1788366300935.jpg
1692,NOT_READABLE,,,car,grey,eastbound,CAM-05,Visat teen Rasta,23.1192572,72.5656704,GEOCODED,2026-06-14 00:56:35,overlay,0.93,evidence/CAM-05_3523_1788366301118.jpg
1695,NOT_READABLE,,,truck,grey,southbound,CAM-05,Visat teen Rasta,23.1192572,72.5656704,GEOCODED,2026-06-14 00:56:35,overlay,0.88,evidence/CAM-05_3524_1788366301153.jpg
1698,NOT_READABLE,,,bus,red,eastbound,CAM-05,Visat teen Rasta,23.1192572,72.5656704,GEOCODED,2026-06-14 00:56:35,overlay,0.79,evidence/CAM-05_3525_1788366301176.jpg
1699,NOT_READABLE,,,bus,grey,eastbound,CAM-05,Visat teen Rasta,23.1192572,72.5656704,GEOCODED,2026-06-14 00:56:35,overlay,0.71,evidence/CAM-05_3526_1788366301209.jpg
1701,NOT_READABLE,,,bus,grey,southbound,CAM-05,Visat teen Rasta,23.1192572,72.5656704,GEOCODED,2026-06-14 00:56:35,overlay,0.98,evidence/CAM-05_3528_1788366301235.jpg
1702,NOT_READABLE,,,motorcycle,grey,westbound,CAM-05,Visat teen Rasta,23.1192572,72.5656704,GEOCODED,2026-06-14 00:56:35,overlay,0.63,evidence/CAM-05_3531_1788366301264.jpg
1704,NOT_READABLE,,,car,grey,southbound,CAM-05,Visat teen Rasta,23.1192572,72.5656704,GEOCODED,2026-06-14 00:56:35,overlay,0.81,evidence/CAM-05_3532_1788366301380.jpg
1707,NOT_READABLE,,,motorcycle,grey,westbound,CAM-05,Visat teen Rasta,23.1192572,72.5656704,GEOCODED,2026-06-14 00:56:35,overlay,0.91,evidence/CAM-05_3533_1788366301400.jpg
1711,NOT_READABLE,,,bicycle,red,northbound,CAM-05,Visat teen Rasta,23.1192572,72.5656704,GEOCODED,2026-06-14 00:56:35,overlay,3.26,evidence/CAM-05_3538_1788366301418.jpg
1714,NOT_READABLE,,,bus,grey,westbound,CAM-05,Visat teen Rasta,23.1192572,72.5656704,GEOCODED,2026-06-14 00:56:35,overlay,0.81,evidence/CAM-05_3539_1788366301450.jpg
1716,NOT_READABLE,,,bicycle,red,westbound,CAM-05,Visat teen Rasta,23.1192572,72.5656704,GEOCODED,2026-06-14 00:56:35,overlay,0.75,evidence/CAM-05_3541_1788366301472.jpg
1719,NOT_READABLE,,,bus,grey,eastbound,CAM-05,Visat teen Rasta,23.1192572,72.5656704,GEOCODED,2026-06-14 00:56:35,overlay,0.55,evidence/CAM-05_3542_1788366301489.jpg
1722,NOT_READABLE,,,bicycle,grey,northbound,CAM-05,Visat teen Rasta,23.1192572,72.5656704,GEOCODED,2026-06-14 00:56:35,overlay,2.84,evidence/CAM-05_3548_1788366301511.jpg
1724,NOT_READABLE,,,car,red,westbound,CAM-05,Visat teen Rasta,23.1192572,72.5656704,GEOCODED,2026-06-14 00:56:35,overlay,0.51,evidence/CAM-05_3549_1788366301529.jpg
1727,NOT_READABLE,,,car,grey,eastbound,CAM-05,Visat teen Rasta,23.1192572,72.5656704,GEOCODED,2026-06-14 00:56:35,overlay,0.46,evidence/CAM-05_3551_1788366301549.jpg
1730,NOT_READABLE,,,motorcycle,grey,westbound,CAM-05,Visat teen Rasta,23.1192572,72.5656704,GEOCODED,2026-06-14 00:56:35,overlay,0.67,evidence/CAM-05_3554_1788366301575.jpg
1732,NOT_READABLE,,,bicycle,grey,southbound,CAM-05,Visat teen Rasta,23.1192572,72.5656704,GEOCODED,2026-06-14 00:56:35,overlay,0.84,evidence/CAM-05_3559_1788366301606.jpg
1737,NOT_READABLE,,,car,grey,westbound,CAM-05,Visat teen Rasta,23.1192572,72.5656704,GEOCODED,2026-06-14 00:56:35,overlay,0.47,evidence/CAM-05_3561_1788366301624.jpg
1740,NOT_READABLE,,,motorcycle,grey,southbound,CAM-05,Visat teen Rasta,23.1192572,72.5656704,GEOCODED,2026-06-14 00:56:35,overlay,0.68,evidence/CAM-05_3562_1788366301652.jpg
1743,NOT_READABLE,,,bicycle,grey,southbound,CAM-05,Visat teen Rasta,23.1192572,72.5656704,GEOCODED,2026-06-14 00:56:35,overlay,0.71,evidence/CAM-05_3563_1788366301677.jpg
1746,NOT_READABLE,,,truck,grey,eastbound,CAM-05,Visat teen Rasta,23.1192572,72.5656704,GEOCODED,2026-06-14 00:56:35,overlay,0.44,evidence/CAM-05_3564_1788366301699.jpg
1751,NOT_READABLE,,,motorcycle,black,westbound,CAM-05,Visat teen Rasta,23.1192572,72.5656704,GEOCODED,2026-06-14 00:56:35,overlay,0.64,evidence/CAM-05_3565_1788366301718.jpg
1754,NOT_READABLE,,,truck,green,eastbound,CAM-05,Visat teen Rasta,23.1192572,72.5656704,GEOCODED,2026-06-14 00:56:35,overlay,0.75,evidence/CAM-05_3566_1788366301760.jpg
1757,NOT_READABLE,,,bicycle,white,stationary,CAM-05,Visat teen Rasta,23.1192572,72.5656704,GEOCODED,2026-06-14 00:56:35,overlay,0.42,evidence/CAM-05_3570_1788366301789.jpg
1760,NOT_READABLE,,,bus,grey,stationary,CAM-05,Visat teen Rasta,23.1192572,72.5656704,GEOCODED,2026-06-14 00:56:35,overlay,0.48,evidence/CAM-05_3571_1788366301823.jpg
1763,NOT_READABLE,,,truck,grey,northbound,CAM-05,Visat teen Rasta,23.1192572,72.5656704,GEOCODED,2026-06-14 00:56:35,overlay,0.76,evidence/CAM-05_3576_1788366301851.jpg
1765,NOT_READABLE,,,truck,grey,westbound,CAM-05,Visat teen Rasta,23.1192572,72.5656704,GEOCODED,2026-06-14 00:56:35,overlay,0.81,evidence/CAM-05_3581_1788366301870.jpg
1768,NOT_READABLE,,,car,grey,northbound,CAM-05,Visat teen Rasta,23.1192572,72.5656704,GEOCODED,2026-06-14 00:56:35,overlay,0.51,evidence/CAM-05_3583_1788366301887.jpg
1771,NOT_READABLE,,,truck,grey,westbound,CAM-05,Visat teen Rasta,23.1192572,72.5656704,GEOCODED,2026-06-14 00:56:35,overlay,0.51,evidence/CAM-05_3585_1788366301907.jpg
1774,NOT_READABLE,,,motorcycle,grey,eastbound,CAM-05,Visat teen Rasta,23.1192572,72.5656704,GEOCODED,2026-06-14 00:56:35,overlay,0.46,evidence/CAM-05_3586_1788366301928.jpg
1777,NOT_READABLE,,,car,grey,eastbound,CAM-05,Visat teen Rasta,23.1192572,72.5656704,GEOCODED,2026-06-14 00:56:35,overlay,0.42,evidence/CAM-05_3590_1788366301946.jpg
1780,NOT_READABLE,,,bus,grey,westbound,CAM-05,Visat teen Rasta,23.1192572,72.5656704,GEOCODED,2026-06-14 00:56:35,overlay,0.36,evidence/CAM-05_3591_1788366301966.jpg
1782,NOT_READABLE,,,truck,black,northbound,CAM-05,Visat teen Rasta,23.1192572,72.5656704,GEOCODED,2026-06-14 00:56:35,overlay,0.47,evidence/CAM-05_3593_1788366301995.jpg
1783,NOT_READABLE,,,motorcycle,grey,southbound,CAM-05,Visat teen Rasta,23.1192572,72.5656704,GEOCODED,2026-06-14 00:56:35,overlay,0.48,evidence/CAM-05_3594_1788366302023.jpg
1785,NOT_READABLE,,,car,orange,stationary,CAM-05,Visat teen Rasta,23.1192572,72.5656704,GEOCODED,2026-06-14 00:56:35,overlay,0.48,evidence/CAM-05_3595_1788366302049.jpg
1787,NOT_READABLE,,,motorcycle,grey,southbound,CAM-05,Visat teen Rasta,23.1192572,72.5656704,GEOCODED,2026-06-14 00:56:35,overlay,0.36,evidence/CAM-05_3597_1788366302075.jpg
1789,NOT_READABLE,,,bicycle,red,westbound,CAM-05,Visat teen Rasta,23.1192572,72.5656704,GEOCODED,2026-06-14 00:56:35,overlay,0.59,evidence/CAM-05_3600_1788366302099.jpg
1792,NOT_READABLE,,,bicycle,grey,eastbound,CAM-05,Visat teen Rasta,23.1192572,72.5656704,GEOCODED,2026-06-14 00:56:35,overlay,0.68,evidence/CAM-05_3603_1788366302140.jpg
1794,NOT_READABLE,,,truck,grey,southbound,CAM-05,Visat teen Rasta,23.1192572,72.5656704,GEOCODED,2026-06-14 00:56:35,overlay,0.53,evidence/CAM-05_3605_1788366302208.jpg
1796,NOT_READABLE,,,car,grey,northbound,CAM-05,Visat teen Rasta,23.1192572,72.5656704,GEOCODED,2026-06-14 00:56:35,overlay,0.44,evidence/CAM-05_3612_1788366302245.jpg
1798,NOT_READABLE,,,motorcycle,grey,southbound,CAM-05,Visat teen Rasta,23.1192572,72.5656704,GEOCODED,2026-06-14 00:56:35,overlay,0.45,evidence/CAM-05_3613_1788366302287.jpg
1800,NOT_READABLE,,,bicycle,blue,southbound,CAM-05,Visat teen Rasta,23.1192572,72.5656704,GEOCODED,2026-06-14 00:56:35,overlay,0.51,evidence/CAM-05_3626_1788366302316.jpg
1802,NOT_READABLE,,,bicycle,grey,southbound,CAM-05,Visat teen Rasta,23.1192572,72.5656704,GEOCODED,2026-06-14 00:56:35,overlay,0.43,evidence/CAM-05_3633_1788366302350.jpg
1804,NOT_READABLE,,,truck,grey,westbound,CAM-05,Visat teen Rasta,23.1192572,72.5656704,GEOCODED,2026-06-14 00:56:35,overlay,0.35,evidence/CAM-05_3635_1788366302406.jpg
1807,NOT_READABLE,,,car,grey,westbound,CAM-05,Visat teen Rasta,23.1192572,72.5656704,GEOCODED,2026-06-14 00:56:35,overlay,0.55,evidence/CAM-05_3638_1788366302422.jpg
1809,NOT_READABLE,,,bicycle,grey,southbound,CAM-05,Visat teen Rasta,23.1192572,72.5656704,GEOCODED,2026-06-14 00:56:35,overlay,0.40,evidence/CAM-05_3647_1788366302442.jpg
1811,NOT_READABLE,,,motorcycle,grey,westbound,CAM-05,Visat teen Rasta,23.1192572,72.5656704,GEOCODED,2026-06-14 00:56:35,overlay,0.62,evidence/CAM-05_3660_1788366302471.jpg
1813,NOT_READABLE,,,car,black,stationary,CAM-05,Visat teen Rasta,23.1192572,72.5656704,GEOCODED,2026-06-14 00:56:35,overlay,0.68,evidence/CAM-05_3661_1788366302502.jpg
1814,NOT_READABLE,,,car,grey,northbound,CAM-05,Visat teen Rasta,23.1192572,72.5656704,GEOCODED,2026-06-14 00:56:35,overlay,0.46,evidence/CAM-05_3667_1788366302524.jpg
1816,NOT_READABLE,,,bus,black,northbound,CAM-05,Visat teen Rasta,23.1192572,72.5656704,GEOCODED,2026-06-14 00:56:35,overlay,0.49,evidence/CAM-05_3687_1788366302546.jpg
1911,NOT_READABLE,,,motorcycle,grey,westbound,CAM-05,Visat teen Rasta,23.1192572,72.5656704,GEOCODED,2026-06-14 00:56:38,overlay,0.90,evidence/CAM-05_3529_1788366308836.jpg
1913,NOT_READABLE,,,motorcycle,grey,northbound,CAM-05,Visat teen Rasta,23.1192572,72.5656704,GEOCODED,2026-06-14 00:56:38,overlay,0.82,evidence/CAM-05_3536_1788366308851.jpg
1914,NOT_READABLE,,,car,grey,southbound,CAM-05,Visat teen Rasta,23.1192572,72.5656704,GEOCODED,2026-06-14 00:56:38,overlay,0.54,evidence/CAM-05_3537_1788366308866.jpg
1915,NOT_READABLE,,,car,grey,southbound,CAM-05,Visat teen Rasta,23.1192572,72.5656704,GEOCODED,2026-06-14 00:56:38,overlay,0.78,evidence/CAM-05_3540_1788366308890.jpg
1916,NOT_READABLE,,,motorcycle,grey,northbound,CAM-05,Visat teen Rasta,23.1192572,72.5656704,GEOCODED,2026-06-14 00:56:38,overlay,0.57,evidence/CAM-05_3552_1788366308913.jpg
1917,NOT_READABLE,,,car,grey,southbound,CAM-05,Visat teen Rasta,23.1192572,72.5656704,GEOCODED,2026-06-14 00:56:38,overlay,0.69,evidence/CAM-05_3568_1788366308934.jpg
1918,NOT_READABLE,,,motorcycle,grey,eastbound,CAM-05,Visat teen Rasta,23.1192572,72.5656704,GEOCODED,2026-06-14 00:56:38,overlay,0.71,evidence/CAM-05_3569_1788366308959.jpg
1919,NOT_READABLE,,,car,grey,stationary,CAM-05,Visat teen Rasta,23.1192572,72.5656704,GEOCODED,2026-06-14 00:56:38,overlay,0.57,evidence/CAM-05_3573_1788366309107.jpg
1920,NOT_READABLE,,,bicycle,grey,stationary,CAM-05,Visat teen Rasta,23.1192572,72.5656704,GEOCODED,2026-06-14 00:56:38,overlay,0.43,evidence/CAM-05_3574_1788366309128.jpg
1921,NOT_READABLE,,,bicycle,grey,southbound,CAM-05,Visat teen Rasta,23.1192572,72.5656704,GEOCODED,2026-06-14 00:56:38,overlay,0.67,evidence/CAM-05_3578_1788366309217.jpg
1922,NOT_READABLE,,,bus,white,southbound,CAM-05,Visat teen Rasta,23.1192572,72.5656704,GEOCODED,2026-06-14 00:56:38,overlay,0.61,evidence/CAM-05_3579_1788366309238.jpg
1923,NOT_READABLE,,,truck,grey,stationary,CAM-05,Visat teen Rasta,23.1192572,72.5656704,GEOCODED,2026-06-14 00:56:38,overlay,0.41,evidence/CAM-05_3580_1788366309335.jpg
1924,NOT_READABLE,,,truck,red,westbound,CAM-05,Visat teen Rasta,23.1192572,72.5656704,GEOCODED,2026-06-14 00:56:38,overlay,0.49,evidence/CAM-05_3584_1788366309465.jpg
1925,NOT_READABLE,,,bicycle,orange,westbound,CAM-05,Visat teen Rasta,23.1192572,72.5656704,GEOCODED,2026-06-14 00:56:38,overlay,0.40,evidence/CAM-05_3588_1788366309606.jpg
1926,NOT_READABLE,,,bicycle,grey,eastbound,CAM-05,Visat teen Rasta,23.1192572,72.5656704,GEOCODED,2026-06-14 00:56:38,overlay,0.48,evidence/CAM-05_3589_1788366309629.jpg
1927,NOT_READABLE,,,truck,black,westbound,CAM-05,Visat teen Rasta,23.1192572,72.5656704,GEOCODED,2026-06-14 00:56:38,overlay,0.43,evidence/CAM-05_3598_1788366309650.jpg
1928,NOT_READABLE,,,motorcycle,blue,eastbound,CAM-05,Visat teen Rasta,23.1192572,72.5656704,GEOCODED,2026-06-14 00:56:38,overlay,0.46,evidence/CAM-05_3619_1788366309676.jpg
1929,NOT_READABLE,,,bicycle,black,westbound,CAM-05,Visat teen Rasta,23.1192572,72.5656704,GEOCODED,2026-06-14 00:56:38,overlay,0.40,evidence/CAM-05_3623_1788366309695.jpg
1930,NOT_READABLE,,,bus,black,northbound,CAM-05,Visat teen Rasta,23.1192572,72.5656704,GEOCODED,2026-06-14 00:56:38,overlay,0.45,evidence/CAM-05_3631_1788366309717.jpg
1931,NOT_READABLE,,,truck,grey,southbound,CAM-05,Visat teen Rasta,23.1192572,72.5656704,GEOCODED,2026-06-14 00:56:38,overlay,0.87,evidence/CAM-05_3704_1788366309738.jpg
1933,NOT_READABLE,,,bus,black,northbound,CAM-05,Visat teen Rasta,23.1192572,72.5656704,GEOCODED,2026-06-14 00:56:38,overlay,0.79,evidence/CAM-05_3722_1788366309761.jpg
1934,NOT_READABLE,,,bicycle,green,eastbound,CAM-05,Visat teen Rasta,23.1192572,72.5656704,GEOCODED,2026-06-14 00:56:38,overlay,0.58,evidence/CAM-05_3737_1788366309777.jpg
1936,NOT_READABLE,,,motorcycle,black,eastbound,CAM-05,Visat teen Rasta,23.1192572,72.5656704,GEOCODED,2026-06-14 00:56:38,overlay,0.61,evidence/CAM-05_3738_1788366309793.jpg
1938,NOT_READABLE,,,car,grey,stationary,CAM-05,Visat teen Rasta,23.1192572,72.5656704,GEOCODED,2026-06-14 00:56:38,overlay,0.53,evidence/CAM-05_3745_1788366309809.jpg
1940,NOT_READABLE,,,motorcycle,grey,eastbound,CAM-05,Visat teen Rasta,23.1192572,72.5656704,GEOCODED,2026-06-14 00:56:38,overlay,0.47,evidence/CAM-05_3749_1788366309826.jpg
1942,NOT_READABLE,,,truck,grey,westbound,CAM-05,Visat teen Rasta,23.1192572,72.5656704,GEOCODED,2026-06-14 00:56:38,overlay,0.49,evidence/CAM-05_3751_1788366309841.jpg
1944,NOT_READABLE,,,bus,grey,southbound,CAM-05,Visat teen Rasta,23.1192572,72.5656704,GEOCODED,2026-06-14 00:56:38,overlay,0.43,evidence/CAM-05_3753_1788366309856.jpg
1946,NOT_READABLE,,,motorcycle,grey,eastbound,CAM-05,Visat teen Rasta,23.1192572,72.5656704,GEOCODED,2026-06-14 00:56:38,overlay,0.60,evidence/CAM-05_3754_1788366309874.jpg
1948,NOT_READABLE,,,bus,black,westbound,CAM-05,Visat teen Rasta,23.1192572,72.5656704,GEOCODED,2026-06-14 00:56:38,overlay,0.46,evidence/CAM-05_3756_1788366309891.jpg
1949,NOT_READABLE,,,motorcycle,blue,eastbound,CAM-05,Visat teen Rasta,23.1192572,72.5656704,GEOCODED,2026-06-14 00:56:38,overlay,0.78,evidence/CAM-05_3757_1788366309909.jpg
1950,NOT_READABLE,,,car,grey,westbound,CAM-05,Visat teen Rasta,23.1192572,72.5656704,GEOCODED,2026-06-14 00:56:38,overlay,0.41,evidence/CAM-05_3758_1788366309931.jpg
1951,NOT_READABLE,,,car,black,eastbound,CAM-05,Visat teen Rasta,23.1192572,72.5656704,GEOCODED,2026-06-14 00:56:38,overlay,0.62,evidence/CAM-05_3759_1788366309952.jpg
1952,NOT_READABLE,,,motorcycle,grey,eastbound,CAM-05,Visat teen Rasta,23.1192572,72.5656704,GEOCODED,2026-06-14 00:56:38,overlay,0.45,evidence/CAM-05_3760_1788366309997.jpg
1953,NOT_READABLE,,,truck,grey,westbound,CAM-05,Visat teen Rasta,23.1192572,72.5656704,GEOCODED,2026-06-14 00:56:38,overlay,0.61,evidence/CAM-05_3761_1788366310023.jpg
1954,NOT_READABLE,,,motorcycle,grey,westbound,CAM-05,Visat teen Rasta,23.1192572,72.5656704,GEOCODED,2026-06-14 00:56:38,overlay,0.53,evidence/CAM-05_3765_1788366310043.jpg
1955,NOT_READABLE,,,motorcycle,blue,westbound,CAM-05,Visat teen Rasta,23.1192572,72.5656704,GEOCODED,2026-06-14 00:56:38,overlay,0.43,evidence/CAM-05_3766_1788366310061.jpg
1956,NOT_READABLE,,,car,grey,westbound,CAM-05,Visat teen Rasta,23.1192572,72.5656704,GEOCODED,2026-06-14 00:56:38,overlay,0.63,evidence/CAM-05_3768_1788366310086.jpg
1957,NOT_READABLE,,,truck,grey,westbound,CAM-05,Visat teen Rasta,23.1192572,72.5656704,GEOCODED,2026-06-14 00:56:38,overlay,0.38,evidence/CAM-05_3771_1788366310108.jpg
1958,NOT_READABLE,,,truck,grey,westbound,CAM-05,Visat teen Rasta,23.1192572,72.5656704,GEOCODED,2026-06-14 00:56:38,overlay,0.36,evidence/CAM-05_3776_1788366310127.jpg
1959,NOT_READABLE,,,bus,white,stationary,CAM-05,Visat teen Rasta,23.1192572,72.5656704,GEOCODED,2026-06-14 00:56:38,overlay,0.40,evidence/CAM-05_3780_1788366310149.jpg
1960,NOT_READABLE,,,motorcycle,white,southbound,CAM-05,Visat teen Rasta,23.1192572,72.5656704,GEOCODED,2026-06-14 00:56:38,overlay,0.73,evidence/CAM-05_3787_1788366310167.jpg
1962,NOT_READABLE,,,motorcycle,blue,eastbound,CAM-05,Visat teen Rasta,23.1192572,72.5656704,GEOCODED,2026-06-14 00:56:38,overlay,0.39,evidence/CAM-05_3788_1788366310183.jpg
1963,NOT_READABLE,,,truck,grey,northbound,CAM-05,Visat teen Rasta,23.1192572,72.5656704,GEOCODED,2026-06-14 00:56:38,overlay,0.78,evidence/CAM-05_3789_1788366310200.jpg
1964,NOT_READABLE,,,bus,blue,northbound,CAM-05,Visat teen Rasta,23.1192572,72.5656704,GEOCODED,2026-06-14 00:56:38,overlay,0.57,evidence/CAM-05_3790_1788366310226.jpg
1965,NOT_READABLE,,,bus,grey,stationary,CAM-05,Visat teen Rasta,23.1192572,72.5656704,GEOCODED,2026-06-14 00:56:38,overlay,0.60,evidence/CAM-05_3793_1788366310248.jpg
1966,NOT_READABLE,,,motorcycle,red,stationary,CAM-05,Visat teen Rasta,23.1192572,72.5656704,GEOCODED,2026-06-14 00:56:38,overlay,0.61,evidence/CAM-05_3800_1788366310271.jpg
1967,NOT_READABLE,,,bus,grey,stationary,CAM-05,Visat teen Rasta,23.1192572,72.5656704,GEOCODED,2026-06-14 00:56:38,overlay,0.41,evidence/CAM-05_3802_1788366310296.jpg
1968,NOT_READABLE,,,bus,grey,northbound,CAM-05,Visat teen Rasta,23.1192572,72.5656704,GEOCODED,2026-06-14 00:56:38,overlay,0.85,evidence/CAM-05_3805_1788366310319.jpg
1970,NOT_READABLE,,,motorcycle,green,stationary,CAM-05,Visat teen Rasta,23.1192572,72.5656704,GEOCODED,2026-06-14 00:56:38,overlay,0.48,evidence/CAM-05_3806_1788366310335.jpg
1971,NOT_READABLE,,,bus,grey,eastbound,CAM-05,Visat teen Rasta,23.1192572,72.5656704,GEOCODED,2026-06-14 00:56:38,overlay,0.40,evidence/CAM-05_3808_1788366310351.jpg
1972,NOT_READABLE,,,bus,grey,stationary,CAM-05,Visat teen Rasta,23.1192572,72.5656704,GEOCODED,2026-06-14 00:56:38,overlay,0.46,evidence/CAM-05_3811_1788366310374.jpg
1973,NOT_READABLE,,,bicycle,blue,westbound,CAM-05,Visat teen Rasta,23.1192572,72.5656704,GEOCODED,2026-06-14 00:56:38,overlay,0.44,evidence/CAM-05_3816_1788366310398.jpg
1974,NOT_READABLE,,,motorcycle,grey,northbound,CAM-05,Visat teen Rasta,23.1192572,72.5656704,GEOCODED,2026-06-14 00:56:38,overlay,0.48,evidence/CAM-05_3823_1788366310419.jpg
1975,NOT_READABLE,,,motorcycle,grey,northbound,CAM-05,Visat teen Rasta,23.1192572,72.5656704,GEOCODED,2026-06-14 00:56:38,overlay,0.43,evidence/CAM-05_3837_1788366310437.jpg
1977,NOT_READABLE,,,car,grey,northbound,CAM-05,Visat teen Rasta,23.1192572,72.5656704,GEOCODED,2026-06-14 00:56:39,overlay,0.43,evidence/CAM-05_3606_1788366312530.jpg
1978,NOT_READABLE,,,motorcycle,grey,eastbound,CAM-05,Visat teen Rasta,23.1192572,72.5656704,GEOCODED,2026-06-14 00:56:41,overlay,4.48,evidence/CAM-05_3358_1788366312767.jpg
1979,NOT_READABLE,,,bicycle,grey,southbound,CAM-05,Visat teen Rasta,23.1192572,72.5656704,GEOCODED,2026-06-14 00:56:41,overlay,3.40,evidence/CAM-05_3388_1788366312797.jpg
1980,NOT_READABLE,,,car,grey,southbound,CAM-05,Visat teen Rasta,23.1192572,72.5656704,GEOCODED,2026-06-14 00:56:41,overlay,0.50,evidence/CAM-05_3512_1788366312847.jpg
1981,NOT_READABLE,,,bus,grey,southbound,CAM-05,Visat teen Rasta,23.1192572,72.5656704,GEOCODED,2026-06-14 00:56:41,overlay,2.01,evidence/CAM-05_3516_1788366312869.jpg
1982,NOT_READABLE,,,car,grey,eastbound,CAM-05,Visat teen Rasta,23.1192572,72.5656704,GEOCODED,2026-06-14 00:56:41,overlay,3.27,evidence/CAM-05_3517_1788366312887.jpg
1983,NOT_READABLE,,,bicycle,grey,northbound,CAM-05,Visat teen Rasta,23.1192572,72.5656704,GEOCODED,2026-06-14 00:56:41,overlay,1.00,evidence/CAM-05_3518_1788366312912.jpg
1984,NOT_READABLE,,,car,grey,westbound,CAM-05,Visat teen Rasta,23.1192572,72.5656704,GEOCODED,2026-06-14 00:56:41,overlay,4.12,evidence/CAM-05_3519_1788366312928.jpg
1985,NOT_READABLE,,,bus,grey,eastbound,CAM-05,Visat teen Rasta,23.1192572,72.5656704,GEOCODED,2026-06-14 00:56:41,overlay,3.61,evidence/CAM-05_3521_1788366312946.jpg
1986,NOT_READABLE,,,truck,grey,westbound,CAM-05,Visat teen Rasta,23.1192572,72.5656704,GEOCODED,2026-06-14 00:56:41,overlay,0.72,evidence/CAM-05_3527_1788366312976.jpg
1987,NOT_READABLE,,,truck,grey,eastbound,CAM-05,Visat teen Rasta,23.1192572,72.5656704,GEOCODED,2026-06-14 00:56:41,overlay,0.81,evidence/CAM-05_3530_1788366312998.jpg
1988,NOT_READABLE,,,motorcycle,grey,eastbound,CAM-05,Visat teen Rasta,23.1192572,72.5656704,GEOCODED,2026-06-14 00:56:41,overlay,0.92,evidence/CAM-05_3534_1788366313049.jpg
1989,NOT_READABLE,,,motorcycle,grey,westbound,CAM-05,Visat teen Rasta,23.1192572,72.5656704,GEOCODED,2026-06-14 00:56:41,overlay,0.63,evidence/CAM-05_3535_1788366313062.jpg
1990,NOT_READABLE,,,motorcycle,grey,westbound,CAM-05,Visat teen Rasta,23.1192572,72.5656704,GEOCODED,2026-06-14 00:56:41,overlay,0.52,evidence/CAM-05_3543_1788366313085.jpg
1991,NOT_READABLE,,,motorcycle,grey,westbound,CAM-05,Visat teen Rasta,23.1192572,72.5656704,GEOCODED,2026-06-14 00:56:41,overlay,0.69,evidence/CAM-05_3544_1788366313107.jpg
1992,NOT_READABLE,,,truck,grey,westbound,CAM-05,Visat teen Rasta,23.1192572,72.5656704,GEOCODED,2026-06-14 00:56:41,overlay,0.76,evidence/CAM-05_3545_1788366313196.jpg
1993,NOT_READABLE,,,motorcycle,green,northbound,CAM-05,Visat teen Rasta,23.1192572,72.5656704,GEOCODED,2026-06-14 00:56:41,overlay,1.39,evidence/CAM-05_3546_1788366313216.jpg
1994,NOT_READABLE,,,truck,grey,eastbound,CAM-05,Visat teen Rasta,23.1192572,72.5656704,GEOCODED,2026-06-14 00:56:41,overlay,0.49,evidence/CAM-05_3547_1788366313231.jpg
1995,NOT_READABLE,,,truck,grey,eastbound,CAM-05,Visat teen Rasta,23.1192572,72.5656704,GEOCODED,2026-06-14 00:56:41,overlay,0.57,evidence/CAM-05_3550_1788366313255.jpg
1996,NOT_READABLE,,,bicycle,white,eastbound,CAM-05,Visat teen Rasta,23.1192572,72.5656704,GEOCODED,2026-06-14 00:56:41,overlay,0.73,evidence/CAM-05_3575_1788366313276.jpg
1997,NOT_READABLE,,,bus,grey,eastbound,CAM-05,Visat teen Rasta,23.1192572,72.5656704,GEOCODED,2026-06-14 00:56:41,overlay,0.58,evidence/CAM-05_3577_1788366313294.jpg
1998,NOT_READABLE,,,bicycle,grey,eastbound,CAM-05,Visat teen Rasta,23.1192572,72.5656704,GEOCODED,2026-06-14 00:56:41,overlay,0.71,evidence/CAM-05_3587_1788366313314.jpg
1999,NOT_READABLE,,,bus,green,northbound,CAM-05,Visat teen Rasta,23.1192572,72.5656704,GEOCODED,2026-06-14 00:56:41,overlay,0.53,evidence/CAM-05_3614_1788366313345.jpg
2000,NOT_READABLE,,,bus,grey,eastbound,CAM-05,Visat teen Rasta,23.1192572,72.5656704,GEOCODED,2026-06-14 00:56:41,overlay,0.85,evidence/CAM-05_3705_1788366313360.jpg
2001,NOT_READABLE,,,bicycle,grey,southbound,CAM-05,Visat teen Rasta,23.1192572,72.5656704,GEOCODED,2026-06-14 00:56:41,overlay,0.89,evidence/CAM-05_3733_1788366313390.jpg
2002,NOT_READABLE,,,motorcycle,grey,westbound,CAM-05,Visat teen Rasta,23.1192572,72.5656704,GEOCODED,2026-06-14 00:56:41,overlay,0.84,evidence/CAM-05_3739_1788366313414.jpg
2003,NOT_READABLE,,,truck,grey,westbound,CAM-05,Visat teen Rasta,23.1192572,72.5656704,GEOCODED,2026-06-14 00:56:41,overlay,0.58,evidence/CAM-05_3740_1788366313523.jpg
2004,NOT_READABLE,,,bicycle,grey,northbound,CAM-05,Visat teen Rasta,23.1192572,72.5656704,GEOCODED,2026-06-14 00:56:41,overlay,0.77,evidence/CAM-05_3742_1788366313547.jpg
2005,NOT_READABLE,,,truck,grey,northbound,CAM-05,Visat teen Rasta,23.1192572,72.5656704,GEOCODED,2026-06-14 00:56:41,overlay,0.74,evidence/CAM-05_3744_1788366313563.jpg
2006,NOT_READABLE,,,truck,green,westbound,CAM-05,Visat teen Rasta,23.1192572,72.5656704,GEOCODED,2026-06-14 00:56:41,overlay,0.70,evidence/CAM-05_3769_1788366313643.jpg
2007,NOT_READABLE,,,bicycle,green,westbound,CAM-05,Visat teen Rasta,23.1192572,72.5656704,GEOCODED,2026-06-14 00:56:41,overlay,0.39,evidence/CAM-05_3770_1788366313675.jpg
2008,NOT_READABLE,,,truck,white,southbound,CAM-05,Visat teen Rasta,23.1192572,72.5656704,GEOCODED,2026-06-14 00:56:41,overlay,0.71,evidence/CAM-05_3775_1788366313706.jpg
2009,NOT_READABLE,,,bicycle,orange,westbound,CAM-05,Visat teen Rasta,23.1192572,72.5656704,GEOCODED,2026-06-14 00:56:41,overlay,0.56,evidence/CAM-05_3777_1788366313733.jpg
2010,NOT_READABLE,,,motorcycle,grey,westbound,CAM-05,Visat teen Rasta,23.1192572,72.5656704,GEOCODED,2026-06-14 00:56:41,overlay,0.68,evidence/CAM-05_3784_1788366313749.jpg
2011,NOT_READABLE,,,truck,grey,eastbound,CAM-05,Visat teen Rasta,23.1192572,72.5656704,GEOCODED,2026-06-14 00:56:41,overlay,0.65,evidence/CAM-05_3801_1788366313774.jpg
2012,NOT_READABLE,,,bicycle,grey,southbound,CAM-05,Visat teen Rasta,23.1192572,72.5656704,GEOCODED,2026-06-14 00:56:41,overlay,0.50,evidence/CAM-05_3803_1788366313794.jpg
2013,NOT_READABLE,,,motorcycle,grey,stationary,CAM-05,Visat teen Rasta,23.1192572,72.5656704,GEOCODED,2026-06-14 00:56:41,overlay,0.54,evidence/CAM-05_3812_1788366313815.jpg
2014,NOT_READABLE,,,motorcycle,grey,northbound,CAM-05,Visat teen Rasta,23.1192572,72.5656704,GEOCODED,2026-06-14 00:56:41,overlay,0.49,evidence/CAM-05_3828_1788366313838.jpg
2015,NOT_READABLE,,,truck,grey,westbound,CAM-05,Visat teen Rasta,23.1192572,72.5656704,GEOCODED,2026-06-14 00:56:41,overlay,0.84,evidence/CAM-05_3850_1788366313911.jpg
2017,NOT_READABLE,,,truck,grey,northbound,CAM-05,Visat teen Rasta,23.1192572,72.5656704,GEOCODED,2026-06-14 00:56:41,overlay,0.48,evidence/CAM-05_3851_1788366313926.jpg
2019,NOT_READABLE,,,car,grey,westbound,CAM-05,Visat teen Rasta,23.1192572,72.5656704,GEOCODED,2026-06-14 00:56:41,overlay,0.51,evidence/CAM-05_3852_1788366313944.jpg
2021,NOT_READABLE,,,car,grey,northbound,CAM-05,Visat teen Rasta,23.1192572,72.5656704,GEOCODED,2026-06-14 00:56:41,overlay,0.54,evidence/CAM-05_3855_1788366313961.jpg
2025,NOT_READABLE,,,bicycle,grey,westbound,CAM-05,Visat teen Rasta,23.1192572,72.5656704,GEOCODED,2026-06-14 00:56:41,overlay,0.64,evidence/CAM-05_3861_1788366313981.jpg
2027,NOT_READABLE,,,bus,grey,eastbound,CAM-05,Visat teen Rasta,23.1192572,72.5656704,GEOCODED,2026-06-14 00:56:41,overlay,0.77,evidence/CAM-05_3869_1788366314015.jpg
2029,NOT_READABLE,,,truck,grey,southbound,CAM-05,Visat teen Rasta,23.1192572,72.5656704,GEOCODED,2026-06-14 00:56:41,overlay,0.44,evidence/CAM-05_3872_1788366314032.jpg
2031,NOT_READABLE,,,car,grey,northbound,CAM-05,Visat teen Rasta,23.1192572,72.5656704,GEOCODED,2026-06-14 00:56:41,overlay,0.43,evidence/CAM-05_3876_1788366314049.jpg
2033,NOT_READABLE,,,car,grey,westbound,CAM-05,Visat teen Rasta,23.1192572,72.5656704,GEOCODED,2026-06-14 00:56:41,overlay,0.69,evidence/CAM-05_3888_1788366314065.jpg
2035,NOT_READABLE,,,bicycle,grey,westbound,CAM-05,Visat teen Rasta,23.1192572,72.5656704,GEOCODED,2026-06-14 00:56:41,overlay,0.37,evidence/CAM-05_3892_1788366314082.jpg
2038,NOT_READABLE,,,truck,grey,eastbound,CAM-05,Visat teen Rasta,23.1192572,72.5656704,GEOCODED,2026-06-14 00:56:41,overlay,0.77,evidence/CAM-05_3894_1788366314108.jpg
2040,NOT_READABLE,,,car,grey,eastbound,CAM-05,Visat teen Rasta,23.1192572,72.5656704,GEOCODED,2026-06-14 00:56:41,overlay,0.40,evidence/CAM-05_3896_1788366314155.jpg
2042,NOT_READABLE,,,motorcycle,grey,stationary,CAM-05,Visat teen Rasta,23.1192572,72.5656704,GEOCODED,2026-06-14 00:56:41,overlay,0.45,evidence/CAM-05_3899_1788366314175.jpg
2044,NOT_READABLE,,,car,grey,eastbound,CAM-05,Visat teen Rasta,23.1192572,72.5656704,GEOCODED,2026-06-14 00:56:41,overlay,0.69,evidence/CAM-05_3900_1788366314189.jpg
2046,NOT_READABLE,,,truck,grey,southbound,CAM-05,Visat teen Rasta,23.1192572,72.5656704,GEOCODED,2026-06-14 00:56:41,overlay,0.56,evidence/CAM-05_3901_1788366314220.jpg
2048,NOT_READABLE,,,bicycle,grey,southbound,CAM-05,Visat teen Rasta,23.1192572,72.5656704,GEOCODED,2026-06-14 00:56:41,overlay,0.39,evidence/CAM-05_3902_1788366314239.jpg
2050,NOT_READABLE,,,motorcycle,white,southbound,CAM-05,Visat teen Rasta,23.1192572,72.5656704,GEOCODED,2026-06-14 00:56:41,overlay,0.80,evidence/CAM-05_3916_1788366314257.jpg
2052,NOT_READABLE,,,bus,grey,eastbound,CAM-05,Visat teen Rasta,23.1192572,72.5656704,GEOCODED,2026-06-14 00:56:41,overlay,0.44,evidence/CAM-05_3922_1788366314275.jpg
2075,NOT_READABLE,,,car,purple,stationary,CAM-01,Chiman bhai Bridge,23.0064,72.5698,APPROXIMATE,2026-06-14 00:56:41,overlay,0.49,evidence/CAM-01_3062_1788366317365.jpg
2076,NOT_READABLE,,,car,white,northbound,CAM-01,Chiman bhai Bridge,23.0064,72.5698,APPROXIMATE,2026-06-14 00:56:41,overlay,0.62,evidence/CAM-01_3273_1788366317459.jpg
2077,NOT_READABLE,,,car,red,stationary,CAM-01,Chiman bhai Bridge,23.0064,72.5698,APPROXIMATE,2026-06-14 00:56:41,overlay,0.68,evidence/CAM-01_3298_1788366317638.jpg
2078,NOT_READABLE,,,truck,yellow,stationary,CAM-01,Chiman bhai Bridge,23.0064,72.5698,APPROXIMATE,2026-06-14 00:56:41,overlay,0.34,evidence/CAM-01_3322_1788366317660.jpg
2079,NOT_READABLE,,,car,white,stationary,CAM-01,Chiman bhai Bridge,23.0064,72.5698,APPROXIMATE,2026-06-14 00:56:41,overlay,0.34,evidence/CAM-01_3323_1788366317762.jpg
2061,NOT_READABLE,,,bicycle,white,northbound,CAM-05,Visat teen Rasta,23.1192572,72.5656704,GEOCODED,2026-06-14 00:56:41,overlay,0.61,evidence/CAM-05_3912_1788366314467.jpg
2070,NOT_READABLE,,,bicycle,,westbound,CAM-05,Visat teen Rasta,23.1192572,72.5656704,GEOCODED,2026-06-14 00:56:44,overlay,8.23,evidence/CAM-05_4053_1788366314648.jpg
2232,NOT_READABLE,,,bus,grey,eastbound,CAM-13,CN-VIDHYALAYA,23.0284,72.5541,APPROXIMATE,2026-06-14 00:56:48,overlay,61.73,evidence/CAM-13_2553_1788366343286.jpg
2234,NOT_READABLE,,,car,grey,southbound,CAM-13,CN-VIDHYALAYA,23.0284,72.5541,APPROXIMATE,2026-06-14 00:56:48,overlay,8.14,evidence/CAM-13_2555_1788366343317.jpg
2236,NOT_READABLE,,,bus,grey,stationary,CAM-13,CN-VIDHYALAYA,23.0284,72.5541,APPROXIMATE,2026-06-14 00:56:48,overlay,9.14,evidence/CAM-13_2556_1788366343342.jpg
2238,NOT_READABLE,,,truck,grey,stationary,CAM-13,CN-VIDHYALAYA,23.0284,72.5541,APPROXIMATE,2026-06-14 00:56:48,overlay,14.97,evidence/CAM-13_2557_1788366343354.jpg
2240,NOT_READABLE,,,truck,grey,northbound,CAM-13,CN-VIDHYALAYA,23.0284,72.5541,APPROXIMATE,2026-06-14 00:56:48,overlay,5.06,evidence/CAM-13_2559_1788366343369.jpg
2242,NOT_READABLE,,,bicycle,grey,northbound,CAM-13,CN-VIDHYALAYA,23.0284,72.5541,APPROXIMATE,2026-06-14 00:56:48,overlay,1.75,evidence/CAM-13_2563_1788366343387.jpg
2244,NOT_READABLE,,,car,grey,westbound,CAM-13,CN-VIDHYALAYA,23.0284,72.5541,APPROXIMATE,2026-06-14 00:56:48,overlay,1.28,evidence/CAM-13_2565_1788366343408.jpg
2246,NOT_READABLE,,,bicycle,grey,eastbound,CAM-13,CN-VIDHYALAYA,23.0284,72.5541,APPROXIMATE,2026-06-14 00:56:48,overlay,0.86,evidence/CAM-13_2577_1788366343429.jpg
2247,NOT_READABLE,,,bicycle,grey,eastbound,CAM-13,CN-VIDHYALAYA,23.0284,72.5541,APPROXIMATE,2026-06-14 00:56:48,overlay,87.14,evidence/CAM-13_2584_1788366343448.jpg
2249,NOT_READABLE,,,bus,grey,northbound,CAM-13,CN-VIDHYALAYA,23.0284,72.5541,APPROXIMATE,2026-06-14 00:56:48,overlay,3.65,evidence/CAM-13_2591_1788366343466.jpg
2251,NOT_READABLE,,,motorcycle,grey,southbound,CAM-13,CN-VIDHYALAYA,23.0284,72.5541,APPROXIMATE,2026-06-14 00:56:48,overlay,25.29,evidence/CAM-13_2595_1788366343483.jpg
2253,NOT_READABLE,,,motorcycle,grey,eastbound,CAM-13,CN-VIDHYALAYA,23.0284,72.5541,APPROXIMATE,2026-06-14 00:56:48,overlay,55.06,evidence/CAM-13_2596_1788366343499.jpg
2254,NOT_READABLE,,,truck,white,westbound,CAM-13,CN-VIDHYALAYA,23.0284,72.5541,APPROXIMATE,2026-06-14 00:56:48,overlay,8.43,evidence/CAM-13_2606_1788366343513.jpg
2257,NOT_READABLE,,,motorcycle,black,eastbound,CAM-13,CN-VIDHYALAYA,23.0284,72.5541,APPROXIMATE,2026-06-14 00:56:48,overlay,6.55,evidence/CAM-13_2609_1788366343565.jpg
2259,NOT_READABLE,,,motorcycle,grey,eastbound,CAM-13,CN-VIDHYALAYA,23.0284,72.5541,APPROXIMATE,2026-06-14 00:56:48,overlay,26.74,evidence/CAM-13_2611_1788366343710.jpg
2261,NOT_READABLE,,,car,black,northbound,CAM-13,CN-VIDHYALAYA,23.0284,72.5541,APPROXIMATE,2026-06-14 00:56:48,overlay,52.38,evidence/CAM-13_2623_1788366343724.jpg
2263,NOT_READABLE,,,motorcycle,grey,southbound,CAM-13,CN-VIDHYALAYA,23.0284,72.5541,APPROXIMATE,2026-06-14 00:56:48,overlay,10.62,evidence/CAM-13_2629_1788366343758.jpg
2265,NOT_READABLE,,,bus,grey,eastbound,CAM-13,CN-VIDHYALAYA,23.0284,72.5541,APPROXIMATE,2026-06-14 00:56:48,overlay,13.32,evidence/CAM-13_2633_1788366343781.jpg
2267,NOT_READABLE,,,truck,grey,westbound,CAM-13,CN-VIDHYALAYA,23.0284,72.5541,APPROXIMATE,2026-06-14 00:56:48,overlay,23.49,evidence/CAM-13_2634_1788366343834.jpg
2269,NOT_READABLE,,,bicycle,grey,stationary,CAM-13,CN-VIDHYALAYA,23.0284,72.5541,APPROXIMATE,2026-06-14 00:56:48,overlay,55.01,evidence/CAM-13_2635_1788366343850.jpg
2271,NOT_READABLE,,,truck,grey,eastbound,CAM-13,CN-VIDHYALAYA,23.0284,72.5541,APPROXIMATE,2026-06-14 00:56:48,overlay,79.78,evidence/CAM-13_2638_1788366343871.jpg
2273,NOT_READABLE,,,motorcycle,grey,stationary,CAM-13,CN-VIDHYALAYA,23.0284,72.5541,APPROXIMATE,2026-06-14 00:56:48,overlay,3.26,evidence/CAM-13_2639_1788366343890.jpg
2275,NOT_READABLE,,,motorcycle,white,southbound,CAM-13,CN-VIDHYALAYA,23.0284,72.5541,APPROXIMATE,2026-06-14 00:56:48,overlay,69.81,evidence/CAM-13_2641_1788366343908.jpg
2277,NOT_READABLE,,,bus,black,northbound,CAM-13,CN-VIDHYALAYA,23.0284,72.5541,APPROXIMATE,2026-06-14 00:56:48,overlay,136.67,evidence/CAM-13_2642_1788366343926.jpg
2278,NOT_READABLE,,,truck,grey,westbound,CAM-13,CN-VIDHYALAYA,23.0284,72.5541,APPROXIMATE,2026-06-14 00:56:48,overlay,2.21,evidence/CAM-13_2645_1788366343955.jpg
2279,NOT_READABLE,,,motorcycle,grey,eastbound,CAM-13,CN-VIDHYALAYA,23.0284,72.5541,APPROXIMATE,2026-06-14 00:56:48,overlay,68.07,evidence/CAM-13_2647_1788366344130.jpg
2281,NOT_READABLE,,,motorcycle,grey,stationary,CAM-13,CN-VIDHYALAYA,23.0284,72.5541,APPROXIMATE,2026-06-14 00:56:48,overlay,20.16,evidence/CAM-13_2648_1788366344146.jpg
2284,NOT_READABLE,,,bicycle,grey,eastbound,CAM-13,CN-VIDHYALAYA,23.0284,72.5541,APPROXIMATE,2026-06-14 00:56:48,overlay,25.81,evidence/CAM-13_2649_1788366344174.jpg
2285,NOT_READABLE,,,truck,grey,southbound,CAM-13,CN-VIDHYALAYA,23.0284,72.5541,APPROXIMATE,2026-06-14 00:56:48,overlay,74.67,evidence/CAM-13_2650_1788366344209.jpg
2287,NOT_READABLE,,,bus,grey,eastbound,CAM-13,CN-VIDHYALAYA,23.0284,72.5541,APPROXIMATE,2026-06-14 00:56:48,overlay,0.72,evidence/CAM-13_2651_1788366344456.jpg
2289,NOT_READABLE,,,bus,grey,southbound,CAM-13,CN-VIDHYALAYA,23.0284,72.5541,APPROXIMATE,2026-06-14 00:56:48,overlay,0.45,evidence/CAM-13_2667_1788366344536.jpg
2291,NOT_READABLE,,,motorcycle,grey,stationary,CAM-13,CN-VIDHYALAYA,23.0284,72.5541,APPROXIMATE,2026-06-14 00:56:48,overlay,9.38,evidence/CAM-13_2668_1788366344570.jpg
2293,NOT_READABLE,,,bicycle,white,eastbound,CAM-13,CN-VIDHYALAYA,23.0284,72.5541,APPROXIMATE,2026-06-14 00:56:48,overlay,7.14,evidence/CAM-13_2670_1788366344597.jpg
2295,NOT_READABLE,,,bus,grey,stationary,CAM-13,CN-VIDHYALAYA,23.0284,72.5541,APPROXIMATE,2026-06-14 00:56:48,overlay,43.37,evidence/CAM-13_2672_1788366344738.jpg
2297,NOT_READABLE,,,truck,black,southbound,CAM-13,CN-VIDHYALAYA,23.0284,72.5541,APPROXIMATE,2026-06-14 00:56:48,overlay,86.53,evidence/CAM-13_2674_1788366344794.jpg
2299,NOT_READABLE,,,car,grey,northbound,CAM-13,CN-VIDHYALAYA,23.0284,72.5541,APPROXIMATE,2026-06-14 00:56:48,overlay,30.77,evidence/CAM-13_2675_1788366344977.jpg
2302,NOT_READABLE,,,bus,grey,northbound,CAM-13,CN-VIDHYALAYA,23.0284,72.5541,APPROXIMATE,2026-06-14 00:56:48,overlay,56.65,evidence/CAM-13_2678_1788366345001.jpg
2305,NOT_READABLE,,,car,grey,northbound,CAM-13,CN-VIDHYALAYA,23.0284,72.5541,APPROXIMATE,2026-06-14 00:56:48,overlay,51.05,evidence/CAM-13_2681_1788366345026.jpg
2308,NOT_READABLE,,,bus,grey,stationary,CAM-13,CN-VIDHYALAYA,23.0284,72.5541,APPROXIMATE,2026-06-14 00:56:48,overlay,20.93,evidence/CAM-13_2683_1788366345053.jpg
2310,NOT_READABLE,,,bus,black,westbound,CAM-13,CN-VIDHYALAYA,23.0284,72.5541,APPROXIMATE,2026-06-14 00:56:48,overlay,22.05,evidence/CAM-13_2688_1788366345079.jpg
2313,NOT_READABLE,,,motorcycle,orange,northbound,CAM-13,CN-VIDHYALAYA,23.0284,72.5541,APPROXIMATE,2026-06-14 00:56:48,overlay,105.77,evidence/CAM-13_2689_1788366345104.jpg
2316,NOT_READABLE,,,truck,grey,eastbound,CAM-13,CN-VIDHYALAYA,23.0284,72.5541,APPROXIMATE,2026-06-14 00:56:48,overlay,65.07,evidence/CAM-13_2695_1788366345127.jpg
2319,NOT_READABLE,,,motorcycle,black,northbound,CAM-13,CN-VIDHYALAYA,23.0284,72.5541,APPROXIMATE,2026-06-14 00:56:48,overlay,92.91,evidence/CAM-13_2697_1788366345150.jpg
2322,NOT_READABLE,,,bicycle,grey,stationary,CAM-13,CN-VIDHYALAYA,23.0284,72.5541,APPROXIMATE,2026-06-14 00:56:48,overlay,21.08,evidence/CAM-13_2699_1788366345169.jpg
2324,NOT_READABLE,,,motorcycle,white,northbound,CAM-13,CN-VIDHYALAYA,23.0284,72.5541,APPROXIMATE,2026-06-14 00:56:48,overlay,0.44,evidence/CAM-13_2701_1788366345194.jpg
2325,NOT_READABLE,,,car,grey,stationary,CAM-13,CN-VIDHYALAYA,23.0284,72.5541,APPROXIMATE,2026-06-14 00:56:48,overlay,43.04,evidence/CAM-13_2707_1788366345218.jpg
2327,NOT_READABLE,,,car,grey,stationary,CAM-13,CN-VIDHYALAYA,23.0284,72.5541,APPROXIMATE,2026-06-14 00:56:48,overlay,194.47,evidence/CAM-13_2724_1788366345245.jpg
2328,NOT_READABLE,,,bicycle,,stationary,CAM-13,CN-VIDHYALAYA,23.0284,72.5541,APPROXIMATE,2026-06-14 00:56:48,overlay,9.62,evidence/CAM-13_2728_1788366345264.jpg
2330,NOT_READABLE,,,bus,,westbound,CAM-13,CN-VIDHYALAYA,23.0284,72.5541,APPROXIMATE,2026-06-14 00:56:48,overlay,4.96,evidence/CAM-13_2735_1788366345284.jpg
2332,NOT_READABLE,,,motorcycle,,westbound,CAM-13,CN-VIDHYALAYA,23.0284,72.5541,APPROXIMATE,2026-06-14 00:56:48,overlay,10.86,evidence/CAM-13_2739_1788366345304.jpg
2334,NOT_READABLE,,,bicycle,,northbound,CAM-13,CN-VIDHYALAYA,23.0284,72.5541,APPROXIMATE,2026-06-14 00:56:48,overlay,5.24,evidence/CAM-13_2740_1788366345328.jpg
2335,NOT_READABLE,,,motorcycle,,stationary,CAM-13,CN-VIDHYALAYA,23.0284,72.5541,APPROXIMATE,2026-06-14 00:56:48,overlay,6.74,evidence/CAM-13_2743_1788366345353.jpg
2337,NOT_READABLE,,,bus,,stationary,CAM-13,CN-VIDHYALAYA,23.0284,72.5541,APPROXIMATE,2026-06-14 00:56:48,overlay,12.80,evidence/CAM-13_2746_1788366345374.jpg
2339,NOT_READABLE,,,car,,stationary,CAM-13,CN-VIDHYALAYA,23.0284,72.5541,APPROXIMATE,2026-06-14 00:56:48,overlay,8.80,evidence/CAM-13_2750_1788366345396.jpg
2344,NOT_READABLE,,,motorcycle,grey,eastbound,CAM-13,CN-VIDHYALAYA,23.0284,72.5541,APPROXIMATE,2026-06-14 00:56:49,overlay,1.08,evidence/CAM-13_2618_1788366345751.jpg
2080,NOT_READABLE,,,car,red,stationary,CAM-01,Chiman bhai Bridge,23.0064,72.5698,APPROXIMATE,2026-06-14 00:56:51,overlay,0.46,evidence/CAM-01_3328_1788366329278.jpg
2089,NOT_READABLE,,,bicycle,white,southbound,CAM-05,Visat teen Rasta,23.1192572,72.5656704,GEOCODED,2026-06-14 00:57:00,overlay,0.33,evidence/CAM-05_4178_1788366331578.jpg
2103,NOT_READABLE,,,car,grey,southbound,CAM-05,Visat teen Rasta,23.1192572,72.5656704,GEOCODED,2026-06-14 00:57:01,overlay,4.75,evidence/CAM-05_4065_1788366337454.jpg
2104,NOT_READABLE,,,motorcycle,grey,stationary,CAM-05,Visat teen Rasta,23.1192572,72.5656704,GEOCODED,2026-06-14 00:57:01,overlay,1.00,evidence/CAM-05_4066_1788366337471.jpg
2105,NOT_READABLE,,,bicycle,grey,eastbound,CAM-05,Visat teen Rasta,23.1192572,72.5656704,GEOCODED,2026-06-14 00:57:01,overlay,0.95,evidence/CAM-05_4069_1788366337607.jpg
2106,NOT_READABLE,,,bus,grey,eastbound,CAM-05,Visat teen Rasta,23.1192572,72.5656704,GEOCODED,2026-06-14 00:57:01,overlay,0.69,evidence/CAM-05_4072_1788366337701.jpg
2107,NOT_READABLE,,,truck,grey,southbound,CAM-05,Visat teen Rasta,23.1192572,72.5656704,GEOCODED,2026-06-14 00:57:01,overlay,1.00,evidence/CAM-05_4073_1788366337723.jpg
2108,NOT_READABLE,,,bicycle,grey,southbound,CAM-05,Visat teen Rasta,23.1192572,72.5656704,GEOCODED,2026-06-14 00:57:01,overlay,4.28,evidence/CAM-05_4074_1788366337738.jpg
2109,NOT_READABLE,,,motorcycle,grey,westbound,CAM-05,Visat teen Rasta,23.1192572,72.5656704,GEOCODED,2026-06-14 00:57:01,overlay,0.85,evidence/CAM-05_4075_1788366337794.jpg
2110,NOT_READABLE,,,car,grey,westbound,CAM-05,Visat teen Rasta,23.1192572,72.5656704,GEOCODED,2026-06-14 00:57:01,overlay,0.97,evidence/CAM-05_4076_1788366337836.jpg
2111,NOT_READABLE,,,truck,grey,eastbound,CAM-05,Visat teen Rasta,23.1192572,72.5656704,GEOCODED,2026-06-14 00:57:01,overlay,0.97,evidence/CAM-05_4077_1788366337851.jpg
2112,NOT_READABLE,,,bus,green,southbound,CAM-05,Visat teen Rasta,23.1192572,72.5656704,GEOCODED,2026-06-14 00:57:01,overlay,3.67,evidence/CAM-05_4078_1788366337866.jpg
2113,NOT_READABLE,,,car,grey,southbound,CAM-05,Visat teen Rasta,23.1192572,72.5656704,GEOCODED,2026-06-14 00:57:01,overlay,4.45,evidence/CAM-05_4079_1788366337882.jpg
2114,NOT_READABLE,,,bicycle,grey,westbound,CAM-05,Visat teen Rasta,23.1192572,72.5656704,GEOCODED,2026-06-14 00:57:01,overlay,0.94,evidence/CAM-05_4080_1788366337898.jpg
2115,NOT_READABLE,,,motorcycle,grey,westbound,CAM-05,Visat teen Rasta,23.1192572,72.5656704,GEOCODED,2026-06-14 00:57:01,overlay,1.00,evidence/CAM-05_4081_1788366337911.jpg
2116,NOT_READABLE,,,bus,grey,eastbound,CAM-05,Visat teen Rasta,23.1192572,72.5656704,GEOCODED,2026-06-14 00:57:01,overlay,0.82,evidence/CAM-05_4082_1788366337928.jpg
2117,NOT_READABLE,,,bicycle,grey,eastbound,CAM-05,Visat teen Rasta,23.1192572,72.5656704,GEOCODED,2026-06-14 00:57:01,overlay,0.97,evidence/CAM-05_4083_1788366337952.jpg
2118,NOT_READABLE,,,car,grey,eastbound,CAM-05,Visat teen Rasta,23.1192572,72.5656704,GEOCODED,2026-06-14 00:57:01,overlay,2.51,evidence/CAM-05_4084_1788366337977.jpg
2119,NOT_READABLE,,,motorcycle,grey,westbound,CAM-05,Visat teen Rasta,23.1192572,72.5656704,GEOCODED,2026-06-14 00:57:01,overlay,0.86,evidence/CAM-05_4085_1788366337998.jpg
2120,NOT_READABLE,,,bicycle,green,southbound,CAM-05,Visat teen Rasta,23.1192572,72.5656704,GEOCODED,2026-06-14 00:57:01,overlay,0.86,evidence/CAM-05_4086_1788366338019.jpg
2121,NOT_READABLE,,,bus,grey,eastbound,CAM-05,Visat teen Rasta,23.1192572,72.5656704,GEOCODED,2026-06-14 00:57:01,overlay,0.83,evidence/CAM-05_4087_1788366338048.jpg
2122,NOT_READABLE,,,bicycle,grey,eastbound,CAM-05,Visat teen Rasta,23.1192572,72.5656704,GEOCODED,2026-06-14 00:57:01,overlay,0.93,evidence/CAM-05_4088_1788366338070.jpg
2123,NOT_READABLE,,,bicycle,grey,northbound,CAM-05,Visat teen Rasta,23.1192572,72.5656704,GEOCODED,2026-06-14 00:57:01,overlay,0.81,evidence/CAM-05_4089_1788366338103.jpg
2124,NOT_READABLE,,,bicycle,yellow,westbound,CAM-05,Visat teen Rasta,23.1192572,72.5656704,GEOCODED,2026-06-14 00:57:01,overlay,0.69,evidence/CAM-05_4090_1788366338123.jpg
2125,NOT_READABLE,,,bus,grey,westbound,CAM-05,Visat teen Rasta,23.1192572,72.5656704,GEOCODED,2026-06-14 00:57:01,overlay,0.89,evidence/CAM-05_4091_1788366338141.jpg
2126,NOT_READABLE,,,truck,grey,northbound,CAM-05,Visat teen Rasta,23.1192572,72.5656704,GEOCODED,2026-06-14 00:57:01,overlay,0.99,evidence/CAM-05_4092_1788366338158.jpg
2127,NOT_READABLE,,,car,grey,southbound,CAM-05,Visat teen Rasta,23.1192572,72.5656704,GEOCODED,2026-06-14 00:57:01,overlay,0.46,evidence/CAM-05_4093_1788366338175.jpg
2128,NOT_READABLE,,,bicycle,grey,eastbound,CAM-05,Visat teen Rasta,23.1192572,72.5656704,GEOCODED,2026-06-14 00:57:01,overlay,0.97,evidence/CAM-05_4094_1788366338277.jpg
2129,NOT_READABLE,,,truck,grey,eastbound,CAM-05,Visat teen Rasta,23.1192572,72.5656704,GEOCODED,2026-06-14 00:57:01,overlay,0.83,evidence/CAM-05_4095_1788366338301.jpg
2130,NOT_READABLE,,,motorcycle,grey,southbound,CAM-05,Visat teen Rasta,23.1192572,72.5656704,GEOCODED,2026-06-14 00:57:01,overlay,0.94,evidence/CAM-05_4096_1788366338341.jpg
2131,NOT_READABLE,,,car,grey,eastbound,CAM-05,Visat teen Rasta,23.1192572,72.5656704,GEOCODED,2026-06-14 00:57:01,overlay,0.91,evidence/CAM-05_4097_1788366338365.jpg
2132,NOT_READABLE,,,car,orange,eastbound,CAM-05,Visat teen Rasta,23.1192572,72.5656704,GEOCODED,2026-06-14 00:57:01,overlay,0.72,evidence/CAM-05_4098_1788366338471.jpg
2133,NOT_READABLE,,,car,grey,eastbound,CAM-05,Visat teen Rasta,23.1192572,72.5656704,GEOCODED,2026-06-14 00:57:01,overlay,0.93,evidence/CAM-05_4099_1788366338557.jpg
2134,NOT_READABLE,,,bicycle,white,northbound,CAM-05,Visat teen Rasta,23.1192572,72.5656704,GEOCODED,2026-06-14 00:57:01,overlay,6.91,evidence/CAM-05_4100_1788366338573.jpg
2135,NOT_READABLE,,,truck,green,southbound,CAM-05,Visat teen Rasta,23.1192572,72.5656704,GEOCODED,2026-06-14 00:57:01,overlay,0.95,evidence/CAM-05_4101_1788366338740.jpg
2136,NOT_READABLE,,,motorcycle,grey,southbound,CAM-05,Visat teen Rasta,23.1192572,72.5656704,GEOCODED,2026-06-14 00:57:01,overlay,0.94,evidence/CAM-05_4102_1788366338809.jpg
2137,NOT_READABLE,,,car,green,eastbound,CAM-05,Visat teen Rasta,23.1192572,72.5656704,GEOCODED,2026-06-14 00:57:01,overlay,0.76,evidence/CAM-05_4103_1788366338924.jpg
2138,NOT_READABLE,,,car,grey,southbound,CAM-05,Visat teen Rasta,23.1192572,72.5656704,GEOCODED,2026-06-14 00:57:01,overlay,0.98,evidence/CAM-05_4104_1788366338972.jpg
2139,NOT_READABLE,,,truck,grey,southbound,CAM-05,Visat teen Rasta,23.1192572,72.5656704,GEOCODED,2026-06-14 00:57:01,overlay,0.92,evidence/CAM-05_4105_1788366339135.jpg
2140,NOT_READABLE,,,bus,orange,westbound,CAM-05,Visat teen Rasta,23.1192572,72.5656704,GEOCODED,2026-06-14 00:57:01,overlay,0.99,evidence/CAM-05_4106_1788366339170.jpg
2141,NOT_READABLE,,,bus,grey,northbound,CAM-05,Visat teen Rasta,23.1192572,72.5656704,GEOCODED,2026-06-14 00:57:01,overlay,0.84,evidence/CAM-05_4107_1788366339196.jpg
2142,NOT_READABLE,,,bus,grey,eastbound,CAM-05,Visat teen Rasta,23.1192572,72.5656704,GEOCODED,2026-06-14 00:57:01,overlay,0.81,evidence/CAM-05_4109_1788366339406.jpg
2143,NOT_READABLE,,,motorcycle,grey,northbound,CAM-05,Visat teen Rasta,23.1192572,72.5656704,GEOCODED,2026-06-14 00:57:01,overlay,0.88,evidence/CAM-05_4110_1788366339437.jpg
2144,NOT_READABLE,,,motorcycle,white,westbound,CAM-05,Visat teen Rasta,23.1192572,72.5656704,GEOCODED,2026-06-14 00:57:01,overlay,0.92,evidence/CAM-05_4111_1788366339676.jpg
2145,NOT_READABLE,,,car,grey,westbound,CAM-05,Visat teen Rasta,23.1192572,72.5656704,GEOCODED,2026-06-14 00:57:01,overlay,0.62,evidence/CAM-05_4112_1788366339803.jpg
2146,NOT_READABLE,,,bus,orange,westbound,CAM-05,Visat teen Rasta,23.1192572,72.5656704,GEOCODED,2026-06-14 00:57:01,overlay,0.70,evidence/CAM-05_4113_1788366339911.jpg
2147,NOT_READABLE,,,car,black,southbound,CAM-05,Visat teen Rasta,23.1192572,72.5656704,GEOCODED,2026-06-14 00:57:01,overlay,0.96,evidence/CAM-05_4114_1788366339934.jpg
2148,NOT_READABLE,,,bus,grey,southbound,CAM-05,Visat teen Rasta,23.1192572,72.5656704,GEOCODED,2026-06-14 00:57:01,overlay,0.85,evidence/CAM-05_4115_1788366339952.jpg
2149,NOT_READABLE,,,bicycle,grey,westbound,CAM-05,Visat teen Rasta,23.1192572,72.5656704,GEOCODED,2026-06-14 00:57:01,overlay,0.79,evidence/CAM-05_4116_1788366340079.jpg
2150,NOT_READABLE,,,motorcycle,grey,westbound,CAM-05,Visat teen Rasta,23.1192572,72.5656704,GEOCODED,2026-06-14 00:57:01,overlay,1.00,evidence/CAM-05_4117_1788366340126.jpg
2151,NOT_READABLE,,,car,grey,eastbound,CAM-05,Visat teen Rasta,23.1192572,72.5656704,GEOCODED,2026-06-14 00:57:01,overlay,0.78,evidence/CAM-05_4118_1788366340190.jpg
2152,NOT_READABLE,,,bicycle,white,westbound,CAM-05,Visat teen Rasta,23.1192572,72.5656704,GEOCODED,2026-06-14 00:57:01,overlay,0.69,evidence/CAM-05_4120_1788366340233.jpg
2153,NOT_READABLE,,,motorcycle,grey,southbound,CAM-05,Visat teen Rasta,23.1192572,72.5656704,GEOCODED,2026-06-14 00:57:01,overlay,0.96,evidence/CAM-05_4122_1788366340272.jpg
2154,NOT_READABLE,,,car,grey,eastbound,CAM-05,Visat teen Rasta,23.1192572,72.5656704,GEOCODED,2026-06-14 00:57:01,overlay,0.91,evidence/CAM-05_4123_1788366340315.jpg
2155,NOT_READABLE,,,car,grey,northbound,CAM-05,Visat teen Rasta,23.1192572,72.5656704,GEOCODED,2026-06-14 00:57:01,overlay,0.71,evidence/CAM-05_4124_1788366340387.jpg
2156,NOT_READABLE,,,bicycle,grey,stationary,CAM-05,Visat teen Rasta,23.1192572,72.5656704,GEOCODED,2026-06-14 00:57:01,overlay,0.82,evidence/CAM-05_4126_1788366340411.jpg
2157,NOT_READABLE,,,bicycle,grey,northbound,CAM-05,Visat teen Rasta,23.1192572,72.5656704,GEOCODED,2026-06-14 00:57:01,overlay,0.77,evidence/CAM-05_4127_1788366340455.jpg
2158,NOT_READABLE,,,bus,grey,northbound,CAM-05,Visat teen Rasta,23.1192572,72.5656704,GEOCODED,2026-06-14 00:57:01,overlay,0.66,evidence/CAM-05_4128_1788366340478.jpg
2159,NOT_READABLE,,,bus,green,westbound,CAM-05,Visat teen Rasta,23.1192572,72.5656704,GEOCODED,2026-06-14 00:57:01,overlay,0.94,evidence/CAM-05_4130_1788366340506.jpg
2160,NOT_READABLE,,,car,grey,westbound,CAM-05,Visat teen Rasta,23.1192572,72.5656704,GEOCODED,2026-06-14 00:57:01,overlay,0.71,evidence/CAM-05_4131_1788366340531.jpg
2161,NOT_READABLE,,,bus,green,eastbound,CAM-05,Visat teen Rasta,23.1192572,72.5656704,GEOCODED,2026-06-14 00:57:01,overlay,0.89,evidence/CAM-05_4132_1788366340550.jpg
2162,NOT_READABLE,,,bus,grey,westbound,CAM-05,Visat teen Rasta,23.1192572,72.5656704,GEOCODED,2026-06-14 00:57:01,overlay,0.60,evidence/CAM-05_4133_1788366340569.jpg
2163,NOT_READABLE,,,truck,grey,eastbound,CAM-05,Visat teen Rasta,23.1192572,72.5656704,GEOCODED,2026-06-14 00:57:01,overlay,0.83,evidence/CAM-05_4134_1788366340592.jpg
2164,NOT_READABLE,,,motorcycle,red,stationary,CAM-05,Visat teen Rasta,23.1192572,72.5656704,GEOCODED,2026-06-14 00:57:01,overlay,0.71,evidence/CAM-05_4135_1788366340609.jpg
2165,NOT_READABLE,,,truck,grey,eastbound,CAM-05,Visat teen Rasta,23.1192572,72.5656704,GEOCODED,2026-06-14 00:57:01,overlay,0.84,evidence/CAM-05_4136_1788366340627.jpg
2166,NOT_READABLE,,,bicycle,grey,eastbound,CAM-05,Visat teen Rasta,23.1192572,72.5656704,GEOCODED,2026-06-14 00:57:01,overlay,0.64,evidence/CAM-05_4137_1788366340733.jpg
2167,NOT_READABLE,,,truck,grey,westbound,CAM-05,Visat teen Rasta,23.1192572,72.5656704,GEOCODED,2026-06-14 00:57:01,overlay,0.70,evidence/CAM-05_4138_1788366340760.jpg
2168,NOT_READABLE,,,car,white,eastbound,CAM-05,Visat teen Rasta,23.1192572,72.5656704,GEOCODED,2026-06-14 00:57:01,overlay,0.91,evidence/CAM-05_4142_1788366340845.jpg
2169,NOT_READABLE,,,motorcycle,grey,eastbound,CAM-05,Visat teen Rasta,23.1192572,72.5656704,GEOCODED,2026-06-14 00:57:01,overlay,0.51,evidence/CAM-05_4144_1788366340868.jpg
2170,NOT_READABLE,,,truck,grey,northbound,CAM-05,Visat teen Rasta,23.1192572,72.5656704,GEOCODED,2026-06-14 00:57:01,overlay,0.48,evidence/CAM-05_4148_1788366340971.jpg
2171,NOT_READABLE,,,bicycle,grey,eastbound,CAM-05,Visat teen Rasta,23.1192572,72.5656704,GEOCODED,2026-06-14 00:57:01,overlay,0.87,evidence/CAM-05_4149_1788366341061.jpg
2172,NOT_READABLE,,,motorcycle,grey,northbound,CAM-05,Visat teen Rasta,23.1192572,72.5656704,GEOCODED,2026-06-14 00:57:01,overlay,0.68,evidence/CAM-05_4150_1788366341081.jpg
2173,NOT_READABLE,,,bus,white,southbound,CAM-05,Visat teen Rasta,23.1192572,72.5656704,GEOCODED,2026-06-14 00:57:01,overlay,0.88,evidence/CAM-05_4151_1788366341119.jpg
2174,NOT_READABLE,,,car,grey,westbound,CAM-05,Visat teen Rasta,23.1192572,72.5656704,GEOCODED,2026-06-14 00:57:01,overlay,0.64,evidence/CAM-05_4152_1788366341134.jpg
2175,NOT_READABLE,,,car,grey,stationary,CAM-05,Visat teen Rasta,23.1192572,72.5656704,GEOCODED,2026-06-14 00:57:01,overlay,0.98,evidence/CAM-05_4154_1788366341148.jpg
2176,NOT_READABLE,,,bus,green,eastbound,CAM-05,Visat teen Rasta,23.1192572,72.5656704,GEOCODED,2026-06-14 00:57:01,overlay,0.82,evidence/CAM-05_4157_1788366341164.jpg
2177,NOT_READABLE,,,bicycle,grey,westbound,CAM-05,Visat teen Rasta,23.1192572,72.5656704,GEOCODED,2026-06-14 00:57:01,overlay,0.70,evidence/CAM-05_4158_1788366341192.jpg
2178,NOT_READABLE,,,motorcycle,green,eastbound,CAM-05,Visat teen Rasta,23.1192572,72.5656704,GEOCODED,2026-06-14 00:57:01,overlay,0.84,evidence/CAM-05_4160_1788366341214.jpg
2179,NOT_READABLE,,,bicycle,grey,eastbound,CAM-05,Visat teen Rasta,23.1192572,72.5656704,GEOCODED,2026-06-14 00:57:01,overlay,0.54,evidence/CAM-05_4162_1788366341239.jpg
2180,NOT_READABLE,,,truck,green,eastbound,CAM-05,Visat teen Rasta,23.1192572,72.5656704,GEOCODED,2026-06-14 00:57:01,overlay,0.88,evidence/CAM-05_4164_1788366341262.jpg
2181,NOT_READABLE,,,car,green,westbound,CAM-05,Visat teen Rasta,23.1192572,72.5656704,GEOCODED,2026-06-14 00:57:01,overlay,0.49,evidence/CAM-05_4165_1788366341286.jpg
2182,NOT_READABLE,,,car,grey,northbound,CAM-05,Visat teen Rasta,23.1192572,72.5656704,GEOCODED,2026-06-14 00:57:01,overlay,0.65,evidence/CAM-05_4166_1788366341350.jpg
2184,NOT_READABLE,,,car,grey,westbound,CAM-05,Visat teen Rasta,23.1192572,72.5656704,GEOCODED,2026-06-14 00:57:01,overlay,0.48,evidence/CAM-05_4167_1788366341366.jpg
2186,NOT_READABLE,,,bicycle,yellow,westbound,CAM-05,Visat teen Rasta,23.1192572,72.5656704,GEOCODED,2026-06-14 00:57:01,overlay,0.70,evidence/CAM-05_4173_1788366341384.jpg
2187,NOT_READABLE,,,car,grey,eastbound,CAM-05,Visat teen Rasta,23.1192572,72.5656704,GEOCODED,2026-06-14 00:57:01,overlay,0.47,evidence/CAM-05_4176_1788366341398.jpg
2189,NOT_READABLE,,,bicycle,orange,eastbound,CAM-05,Visat teen Rasta,23.1192572,72.5656704,GEOCODED,2026-06-14 00:57:01,overlay,0.45,evidence/CAM-05_4179_1788366341433.jpg
2191,NOT_READABLE,,,truck,grey,northbound,CAM-05,Visat teen Rasta,23.1192572,72.5656704,GEOCODED,2026-06-14 00:57:01,overlay,0.84,evidence/CAM-05_4182_1788366341457.jpg
2193,NOT_READABLE,,,bus,orange,southbound,CAM-05,Visat teen Rasta,23.1192572,72.5656704,GEOCODED,2026-06-14 00:57:01,overlay,0.48,evidence/CAM-05_4185_1788366341589.jpg
2196,NOT_READABLE,,,truck,grey,westbound,CAM-05,Visat teen Rasta,23.1192572,72.5656704,GEOCODED,2026-06-14 00:57:01,overlay,0.68,evidence/CAM-05_4186_1788366341606.jpg
2198,NOT_READABLE,,,bicycle,white,westbound,CAM-05,Visat teen Rasta,23.1192572,72.5656704,GEOCODED,2026-06-14 00:57:01,overlay,0.61,evidence/CAM-05_4191_1788366341663.jpg
2200,NOT_READABLE,,,bicycle,black,westbound,CAM-05,Visat teen Rasta,23.1192572,72.5656704,GEOCODED,2026-06-14 00:57:01,overlay,0.51,evidence/CAM-05_4192_1788366341692.jpg
2202,NOT_READABLE,,,truck,grey,westbound,CAM-05,Visat teen Rasta,23.1192572,72.5656704,GEOCODED,2026-06-14 00:57:01,overlay,0.78,evidence/CAM-05_4195_1788366341718.jpg
2204,NOT_READABLE,,,bus,red,stationary,CAM-05,Visat teen Rasta,23.1192572,72.5656704,GEOCODED,2026-06-14 00:57:01,overlay,0.45,evidence/CAM-05_4196_1788366341741.jpg
2205,NOT_READABLE,,,bus,blue,westbound,CAM-05,Visat teen Rasta,23.1192572,72.5656704,GEOCODED,2026-06-14 00:57:01,overlay,0.86,evidence/CAM-05_4240_1788366341770.jpg
2527,NOT_READABLE,,,car,grey,eastbound,CAM-13,CN-VIDHYALAYA,23.0284,72.5541,APPROXIMATE,2026-06-14 00:57:02,overlay,0.38,evidence/CAM-13_2855_1788366365398.jpg
2300,NOT_READABLE,,,bicycle,,westbound,CAM-05,Visat teen Rasta,23.1192572,72.5656704,GEOCODED,2026-06-14 00:57:04,overlay,7.59,evidence/CAM-05_4226_1788366344970.jpg
2303,NOT_READABLE,,,motorcycle,,eastbound,CAM-05,Visat teen Rasta,23.1192572,72.5656704,GEOCODED,2026-06-14 00:57:04,overlay,18.61,evidence/CAM-05_4228_1788366345006.jpg
2306,NOT_READABLE,,,car,,northbound,CAM-05,Visat teen Rasta,23.1192572,72.5656704,GEOCODED,2026-06-14 00:57:04,overlay,5.73,evidence/CAM-05_4232_1788366345032.jpg
2309,NOT_READABLE,,,car,,southbound,CAM-05,Visat teen Rasta,23.1192572,72.5656704,GEOCODED,2026-06-14 00:57:04,overlay,3.82,evidence/CAM-05_4233_1788366345064.jpg
2312,NOT_READABLE,,,bus,,southbound,CAM-05,Visat teen Rasta,23.1192572,72.5656704,GEOCODED,2026-06-14 00:57:04,overlay,4.12,evidence/CAM-05_4234_1788366345090.jpg
2315,NOT_READABLE,,,motorcycle,,stationary,CAM-05,Visat teen Rasta,23.1192572,72.5656704,GEOCODED,2026-06-14 00:57:04,overlay,10.17,evidence/CAM-05_4235_1788366345114.jpg
2318,NOT_READABLE,,,bus,,eastbound,CAM-05,Visat teen Rasta,23.1192572,72.5656704,GEOCODED,2026-06-14 00:57:04,overlay,5.57,evidence/CAM-05_4237_1788366345140.jpg
2321,NOT_READABLE,,,car,,northbound,CAM-05,Visat teen Rasta,23.1192572,72.5656704,GEOCODED,2026-06-14 00:57:04,overlay,9.40,evidence/CAM-05_4351_1788366345164.jpg
2373,NOT_READABLE,,,car,grey,southbound,CAM-05,Visat teen Rasta,23.1192572,72.5656704,GEOCODED,2026-06-14 00:57:06,overlay,0.56,evidence/CAM-05_4141_1788366349818.jpg
2374,NOT_READABLE,,,bus,grey,stationary,CAM-05,Visat teen Rasta,23.1192572,72.5656704,GEOCODED,2026-06-14 00:57:06,overlay,0.50,evidence/CAM-05_4537_1788366350229.jpg
2081,NOT_READABLE,,,truck,yellow,northbound,CAM-01,Chiman bhai Bridge,23.0064,72.5698,APPROXIMATE,2026-06-14 00:57:07,overlay,0.77,evidence/CAM-01_3414_1788366329757.jpg
2592,NOT_READABLE,,,car,grey,stationary,CAM-13,CN-VIDHYALAYA,23.0284,72.5541,APPROXIMATE,2026-06-14 00:57:07,overlay,0.68,evidence/CAM-13_2999_1788366371780.jpg
2083,NOT_READABLE,,,car,grey,eastbound,CAM-01,Chiman bhai Bridge,23.0064,72.5698,APPROXIMATE,2026-06-14 00:57:08,overlay,3.48,evidence/CAM-01_3331_1788366330916.jpg
2084,NOT_READABLE,,,motorcycle,grey,westbound,CAM-01,Chiman bhai Bridge,23.0064,72.5698,APPROXIMATE,2026-06-14 00:57:08,overlay,2.75,evidence/CAM-01_3332_1788366331123.jpg
2085,NOT_READABLE,,,truck,grey,stationary,CAM-01,Chiman bhai Bridge,23.0064,72.5698,APPROXIMATE,2026-06-14 00:57:08,overlay,3.62,evidence/CAM-01_3333_1788366331146.jpg
2086,NOT_READABLE,,,truck,grey,eastbound,CAM-01,Chiman bhai Bridge,23.0064,72.5698,APPROXIMATE,2026-06-14 00:57:08,overlay,3.09,evidence/CAM-01_3337_1788366331257.jpg
2087,NOT_READABLE,,,bus,white,northbound,CAM-01,Chiman bhai Bridge,23.0064,72.5698,APPROXIMATE,2026-06-14 00:57:08,overlay,1.15,evidence/CAM-01_3338_1788366331513.jpg
2088,NOT_READABLE,,,car,yellow,eastbound,CAM-01,Chiman bhai Bridge,23.0064,72.5698,APPROXIMATE,2026-06-14 00:57:08,overlay,2.15,evidence/CAM-01_3339_1788366331579.jpg
2090,NOT_READABLE,,,car,grey,eastbound,CAM-01,Chiman bhai Bridge,23.0064,72.5698,APPROXIMATE,2026-06-14 00:57:08,overlay,2.68,evidence/CAM-01_3347_1788366331605.jpg
2091,NOT_READABLE,,,bus,grey,eastbound,CAM-01,Chiman bhai Bridge,23.0064,72.5698,APPROXIMATE,2026-06-14 00:57:08,overlay,1.27,evidence/CAM-01_3352_1788366331620.jpg
2092,NOT_READABLE,,,motorcycle,grey,southbound,CAM-01,Chiman bhai Bridge,23.0064,72.5698,APPROXIMATE,2026-06-14 00:57:08,overlay,2.29,evidence/CAM-01_3355_1788366331642.jpg
2093,NOT_READABLE,,,bus,blue,eastbound,CAM-01,Chiman bhai Bridge,23.0064,72.5698,APPROXIMATE,2026-06-14 00:57:08,overlay,2.88,evidence/CAM-01_3358_1788366331663.jpg
2094,NOT_READABLE,,,motorcycle,grey,southbound,CAM-01,Chiman bhai Bridge,23.0064,72.5698,APPROXIMATE,2026-06-14 00:57:08,overlay,3.53,evidence/CAM-01_3364_1788366331683.jpg
2095,NOT_READABLE,,,bus,grey,southbound,CAM-01,Chiman bhai Bridge,23.0064,72.5698,APPROXIMATE,2026-06-14 00:57:08,overlay,1.90,evidence/CAM-01_3371_1788366331700.jpg
2183,NOT_READABLE,,,motorcycle,blue,southbound,CAM-04,,23.0146,72.5679,APPROXIMATE,2026-06-14 00:57:09,overlay,5.60,evidence/CAM-04_724_1788366341346.jpg
2185,NOT_READABLE,,,bicycle,cyan,stationary,CAM-04,,23.0146,72.5679,APPROXIMATE,2026-06-14 00:57:09,overlay,1.00,evidence/CAM-04_910_1788366341377.jpg
2188,NOT_READABLE,,,car,cyan,stationary,CAM-04,,23.0146,72.5679,APPROXIMATE,2026-06-14 00:57:09,overlay,1.00,evidence/CAM-04_911_1788366341394.jpg
2190,NOT_READABLE,,,motorcycle,cyan,stationary,CAM-04,,23.0146,72.5679,APPROXIMATE,2026-06-14 00:57:09,overlay,1.00,evidence/CAM-04_912_1788366341456.jpg
2192,NOT_READABLE,,,bus,cyan,stationary,CAM-04,,23.0146,72.5679,APPROXIMATE,2026-06-14 00:57:09,overlay,1.00,evidence/CAM-04_913_1788366341564.jpg
2194,NOT_READABLE,,,truck,cyan,stationary,CAM-04,,23.0146,72.5679,APPROXIMATE,2026-06-14 00:57:09,overlay,1.00,evidence/CAM-04_914_1788366341590.jpg
2195,NOT_READABLE,,,motorcycle,green,northbound,CAM-04,,23.0146,72.5679,APPROXIMATE,2026-06-14 00:57:09,overlay,0.81,evidence/CAM-04_915_1788366341607.jpg
2197,NOT_READABLE,,,truck,green,northbound,CAM-04,,23.0146,72.5679,APPROXIMATE,2026-06-14 00:57:09,overlay,0.93,evidence/CAM-04_916_1788366341637.jpg
2199,NOT_READABLE,,,bus,yellow,westbound,CAM-04,,23.0146,72.5679,APPROXIMATE,2026-06-14 00:57:09,overlay,0.94,evidence/CAM-04_917_1788366341663.jpg
2201,NOT_READABLE,,,car,green,eastbound,CAM-04,,23.0146,72.5679,APPROXIMATE,2026-06-14 00:57:09,overlay,0.92,evidence/CAM-04_918_1788366341718.jpg
2203,NOT_READABLE,,,car,yellow,westbound,CAM-04,,23.0146,72.5679,APPROXIMATE,2026-06-14 00:57:09,overlay,0.86,evidence/CAM-04_919_1788366341736.jpg
2206,NOT_READABLE,,,bus,yellow,eastbound,CAM-04,,23.0146,72.5679,APPROXIMATE,2026-06-14 00:57:09,overlay,0.75,evidence/CAM-04_920_1788366341772.jpg
2207,NOT_READABLE,,,car,blue,westbound,CAM-04,,23.0146,72.5679,APPROXIMATE,2026-06-14 00:57:09,overlay,1.00,evidence/CAM-04_921_1788366341917.jpg
2208,NOT_READABLE,,,bicycle,blue,eastbound,CAM-04,,23.0146,72.5679,APPROXIMATE,2026-06-14 00:57:09,overlay,0.96,evidence/CAM-04_922_1788366341940.jpg
2209,NOT_READABLE,,,car,blue,eastbound,CAM-04,,23.0146,72.5679,APPROXIMATE,2026-06-14 00:57:09,overlay,0.90,evidence/CAM-04_923_1788366342054.jpg
2210,NOT_READABLE,,,car,green,southbound,CAM-04,,23.0146,72.5679,APPROXIMATE,2026-06-14 00:57:09,overlay,0.78,evidence/CAM-04_924_1788366342077.jpg
2211,NOT_READABLE,,,truck,blue,westbound,CAM-04,,23.0146,72.5679,APPROXIMATE,2026-06-14 00:57:09,overlay,0.89,evidence/CAM-04_925_1788366342253.jpg
2212,NOT_READABLE,,,car,green,southbound,CAM-04,,23.0146,72.5679,APPROXIMATE,2026-06-14 00:57:09,overlay,0.81,evidence/CAM-04_926_1788366342281.jpg
2213,NOT_READABLE,,,bicycle,purple,westbound,CAM-04,,23.0146,72.5679,APPROXIMATE,2026-06-14 00:57:09,overlay,0.97,evidence/CAM-04_927_1788366342373.jpg
2214,NOT_READABLE,,,motorcycle,blue,northbound,CAM-04,,23.0146,72.5679,APPROXIMATE,2026-06-14 00:57:09,overlay,0.84,evidence/CAM-04_928_1788366342395.jpg
2215,NOT_READABLE,,,motorcycle,grey,eastbound,CAM-04,,23.0146,72.5679,APPROXIMATE,2026-06-14 00:57:09,overlay,0.88,evidence/CAM-04_929_1788366342503.jpg
2216,NOT_READABLE,,,car,green,westbound,CAM-04,,23.0146,72.5679,APPROXIMATE,2026-06-14 00:57:09,overlay,0.84,evidence/CAM-04_930_1788366342569.jpg
2218,NOT_READABLE,,,bus,blue,northbound,CAM-04,,23.0146,72.5679,APPROXIMATE,2026-06-14 00:57:09,overlay,0.75,evidence/CAM-04_931_1788366342751.jpg
2219,NOT_READABLE,,,truck,green,westbound,CAM-04,,23.0146,72.5679,APPROXIMATE,2026-06-14 00:57:09,overlay,0.74,evidence/CAM-04_932_1788366342830.jpg
2220,NOT_READABLE,,,truck,yellow,westbound,CAM-04,,23.0146,72.5679,APPROXIMATE,2026-06-14 00:57:09,overlay,0.80,evidence/CAM-04_933_1788366342879.jpg
2221,NOT_READABLE,,,motorcycle,green,westbound,CAM-04,,23.0146,72.5679,APPROXIMATE,2026-06-14 00:57:09,overlay,0.77,evidence/CAM-04_934_1788366342907.jpg
2222,NOT_READABLE,,,bus,blue,northbound,CAM-04,,23.0146,72.5679,APPROXIMATE,2026-06-14 00:57:09,overlay,0.86,evidence/CAM-04_935_1788366342930.jpg
2223,NOT_READABLE,,,bus,blue,westbound,CAM-04,,23.0146,72.5679,APPROXIMATE,2026-06-14 00:57:09,overlay,0.85,evidence/CAM-04_937_1788366342950.jpg
2224,NOT_READABLE,,,truck,blue,northbound,CAM-04,,23.0146,72.5679,APPROXIMATE,2026-06-14 00:57:09,overlay,0.96,evidence/CAM-04_938_1788366342995.jpg
2225,NOT_READABLE,,,truck,blue,eastbound,CAM-04,,23.0146,72.5679,APPROXIMATE,2026-06-14 00:57:09,overlay,0.56,evidence/CAM-04_939_1788366343013.jpg
2226,NOT_READABLE,,,motorcycle,green,westbound,CAM-04,,23.0146,72.5679,APPROXIMATE,2026-06-14 00:57:09,overlay,0.50,evidence/CAM-04_940_1788366343033.jpg
2227,NOT_READABLE,,,bicycle,purple,westbound,CAM-04,,23.0146,72.5679,APPROXIMATE,2026-06-14 00:57:09,overlay,0.82,evidence/CAM-04_941_1788366343059.jpg
2228,NOT_READABLE,,,car,blue,northbound,CAM-04,,23.0146,72.5679,APPROXIMATE,2026-06-14 00:57:09,overlay,0.90,evidence/CAM-04_942_1788366343083.jpg
2229,NOT_READABLE,,,motorcycle,green,southbound,CAM-04,,23.0146,72.5679,APPROXIMATE,2026-06-14 00:57:09,overlay,0.76,evidence/CAM-04_943_1788366343115.jpg
2230,NOT_READABLE,,,motorcycle,green,southbound,CAM-04,,23.0146,72.5679,APPROXIMATE,2026-06-14 00:57:09,overlay,0.82,evidence/CAM-04_944_1788366343138.jpg
2231,NOT_READABLE,,,motorcycle,grey,southbound,CAM-04,,23.0146,72.5679,APPROXIMATE,2026-06-14 00:57:09,overlay,0.70,evidence/CAM-04_945_1788366343168.jpg
2233,NOT_READABLE,,,motorcycle,green,southbound,CAM-04,,23.0146,72.5679,APPROXIMATE,2026-06-14 00:57:09,overlay,0.81,evidence/CAM-04_946_1788366343287.jpg
2237,NOT_READABLE,,,motorcycle,blue,stationary,CAM-04,,23.0146,72.5679,APPROXIMATE,2026-06-14 00:57:09,overlay,0.48,evidence/CAM-04_949_1788366343341.jpg
2239,NOT_READABLE,,,bus,cyan,eastbound,CAM-04,,23.0146,72.5679,APPROXIMATE,2026-06-14 00:57:09,overlay,0.67,evidence/CAM-04_950_1788366343355.jpg
2241,NOT_READABLE,,,bicycle,blue,eastbound,CAM-04,,23.0146,72.5679,APPROXIMATE,2026-06-14 00:57:09,overlay,0.88,evidence/CAM-04_951_1788366343373.jpg
2243,NOT_READABLE,,,bicycle,yellow,southbound,CAM-04,,23.0146,72.5679,APPROXIMATE,2026-06-14 00:57:09,overlay,0.81,evidence/CAM-04_952_1788366343399.jpg
2245,NOT_READABLE,,,bicycle,blue,eastbound,CAM-04,,23.0146,72.5679,APPROXIMATE,2026-06-14 00:57:09,overlay,0.80,evidence/CAM-04_953_1788366343420.jpg
2248,NOT_READABLE,,,bicycle,green,westbound,CAM-04,,23.0146,72.5679,APPROXIMATE,2026-06-14 00:57:09,overlay,0.68,evidence/CAM-04_955_1788366343444.jpg
2250,NOT_READABLE,,,motorcycle,blue,westbound,CAM-04,,23.0146,72.5679,APPROXIMATE,2026-06-14 00:57:09,overlay,0.47,evidence/CAM-04_957_1788366343471.jpg
2252,NOT_READABLE,,,car,blue,eastbound,CAM-04,,23.0146,72.5679,APPROXIMATE,2026-06-14 00:57:09,overlay,0.54,evidence/CAM-04_958_1788366343491.jpg
2255,NOT_READABLE,,,car,red,westbound,CAM-04,,23.0146,72.5679,APPROXIMATE,2026-06-14 00:57:09,overlay,0.88,evidence/CAM-04_960_1788366343509.jpg
2256,NOT_READABLE,,,motorcycle,blue,westbound,CAM-04,,23.0146,72.5679,APPROXIMATE,2026-06-14 00:57:09,overlay,0.69,evidence/CAM-04_961_1788366343566.jpg
2258,NOT_READABLE,,,car,blue,eastbound,CAM-04,,23.0146,72.5679,APPROXIMATE,2026-06-14 00:57:09,overlay,0.45,evidence/CAM-04_962_1788366343685.jpg
2260,NOT_READABLE,,,truck,cyan,northbound,CAM-04,,23.0146,72.5679,APPROXIMATE,2026-06-14 00:57:09,overlay,0.70,evidence/CAM-04_963_1788366343711.jpg
2262,NOT_READABLE,,,motorcycle,blue,northbound,CAM-04,,23.0146,72.5679,APPROXIMATE,2026-06-14 00:57:09,overlay,0.54,evidence/CAM-04_964_1788366343728.jpg
2264,NOT_READABLE,,,truck,green,westbound,CAM-04,,23.0146,72.5679,APPROXIMATE,2026-06-14 00:57:09,overlay,0.53,evidence/CAM-04_965_1788366343780.jpg
2266,NOT_READABLE,,,motorcycle,blue,westbound,CAM-04,,23.0146,72.5679,APPROXIMATE,2026-06-14 00:57:09,overlay,0.59,evidence/CAM-04_966_1788366343810.jpg
2268,NOT_READABLE,,,bus,blue,westbound,CAM-04,,23.0146,72.5679,APPROXIMATE,2026-06-14 00:57:09,overlay,0.47,evidence/CAM-04_967_1788366343835.jpg
2270,NOT_READABLE,,,truck,blue,westbound,CAM-04,,23.0146,72.5679,APPROXIMATE,2026-06-14 00:57:09,overlay,0.97,evidence/CAM-04_968_1788366343852.jpg
2272,NOT_READABLE,,,car,grey,northbound,CAM-04,,23.0146,72.5679,APPROXIMATE,2026-06-14 00:57:09,overlay,0.76,evidence/CAM-04_970_1788366343875.jpg
2274,NOT_READABLE,,,bus,blue,stationary,CAM-04,,23.0146,72.5679,APPROXIMATE,2026-06-14 00:57:09,overlay,0.74,evidence/CAM-04_971_1788366343902.jpg
2276,NOT_READABLE,,,car,blue,eastbound,CAM-04,,23.0146,72.5679,APPROXIMATE,2026-06-14 00:57:09,overlay,0.72,evidence/CAM-04_972_1788366343923.jpg
2280,NOT_READABLE,,,car,blue,southbound,CAM-04,,23.0146,72.5679,APPROXIMATE,2026-06-14 00:57:09,overlay,0.87,evidence/CAM-04_973_1788366343951.jpg
2283,NOT_READABLE,,,truck,blue,northbound,CAM-04,,23.0146,72.5679,APPROXIMATE,2026-06-14 00:57:09,overlay,0.74,evidence/CAM-04_974_1788366344161.jpg
2286,NOT_READABLE,,,bus,green,eastbound,CAM-04,,23.0146,72.5679,APPROXIMATE,2026-06-14 00:57:09,overlay,0.46,evidence/CAM-04_975_1788366344197.jpg
2288,NOT_READABLE,,,bicycle,green,eastbound,CAM-04,,23.0146,72.5679,APPROXIMATE,2026-06-14 00:57:09,overlay,0.37,evidence/CAM-04_979_1788366344488.jpg
2290,NOT_READABLE,,,bus,orange,westbound,CAM-04,,23.0146,72.5679,APPROXIMATE,2026-06-14 00:57:09,overlay,0.79,evidence/CAM-04_985_1788366344567.jpg
2292,NOT_READABLE,,,bicycle,blue,eastbound,CAM-04,,23.0146,72.5679,APPROXIMATE,2026-06-14 00:57:09,overlay,0.66,evidence/CAM-04_986_1788366344596.jpg
2294,NOT_READABLE,,,bus,blue,southbound,CAM-04,,23.0146,72.5679,APPROXIMATE,2026-06-14 00:57:09,overlay,0.39,evidence/CAM-04_987_1788366344737.jpg
2296,NOT_READABLE,,,truck,grey,southbound,CAM-04,,23.0146,72.5679,APPROXIMATE,2026-06-14 00:57:09,overlay,0.48,evidence/CAM-04_988_1788366344793.jpg
2298,NOT_READABLE,,,motorcycle,purple,eastbound,CAM-04,,23.0146,72.5679,APPROXIMATE,2026-06-14 00:57:09,overlay,0.72,evidence/CAM-04_989_1788366344843.jpg
2301,NOT_READABLE,,,truck,blue,northbound,CAM-04,,23.0146,72.5679,APPROXIMATE,2026-06-14 00:57:09,overlay,0.43,evidence/CAM-04_990_1788366344973.jpg
2304,NOT_READABLE,,,motorcycle,blue,eastbound,CAM-04,,23.0146,72.5679,APPROXIMATE,2026-06-14 00:57:09,overlay,0.54,evidence/CAM-04_991_1788366345014.jpg
2307,NOT_READABLE,,,truck,blue,northbound,CAM-04,,23.0146,72.5679,APPROXIMATE,2026-06-14 00:57:09,overlay,0.77,evidence/CAM-04_993_1788366345045.jpg
2311,NOT_READABLE,,,bicycle,green,northbound,CAM-04,,23.0146,72.5679,APPROXIMATE,2026-06-14 00:57:09,overlay,0.42,evidence/CAM-04_994_1788366345077.jpg
2314,NOT_READABLE,,,bus,orange,eastbound,CAM-04,,23.0146,72.5679,APPROXIMATE,2026-06-14 00:57:09,overlay,0.64,evidence/CAM-04_995_1788366345106.jpg
2317,NOT_READABLE,,,bicycle,white,stationary,CAM-04,,23.0146,72.5679,APPROXIMATE,2026-06-14 00:57:09,overlay,0.50,evidence/CAM-04_997_1788366345130.jpg
2320,NOT_READABLE,,,bus,blue,westbound,CAM-04,,23.0146,72.5679,APPROXIMATE,2026-06-14 00:57:09,overlay,0.38,evidence/CAM-04_998_1788366345158.jpg
2323,NOT_READABLE,,,motorcycle,white,stationary,CAM-04,,23.0146,72.5679,APPROXIMATE,2026-06-14 00:57:09,overlay,0.43,evidence/CAM-04_999_1788366345177.jpg
2326,NOT_READABLE,,,bicycle,blue,westbound,CAM-04,,23.0146,72.5679,APPROXIMATE,2026-06-14 00:57:09,overlay,0.80,evidence/CAM-04_1000_1788366345210.jpg
2329,NOT_READABLE,,,bus,green,northbound,CAM-04,,23.0146,72.5679,APPROXIMATE,2026-06-14 00:57:09,overlay,0.45,evidence/CAM-04_1001_1788366345264.jpg
2331,NOT_READABLE,,,motorcycle,green,southbound,CAM-04,,23.0146,72.5679,APPROXIMATE,2026-06-14 00:57:09,overlay,0.64,evidence/CAM-04_1002_1788366345289.jpg
2333,NOT_READABLE,,,motorcycle,green,northbound,CAM-04,,23.0146,72.5679,APPROXIMATE,2026-06-14 00:57:09,overlay,0.50,evidence/CAM-04_1004_1788366345316.jpg
2336,NOT_READABLE,,,bicycle,cyan,southbound,CAM-04,,23.0146,72.5679,APPROXIMATE,2026-06-14 00:57:09,overlay,0.48,evidence/CAM-04_1006_1788366345351.jpg
2338,NOT_READABLE,,,bus,white,eastbound,CAM-04,,23.0146,72.5679,APPROXIMATE,2026-06-14 00:57:09,overlay,0.74,evidence/CAM-04_1007_1788366345373.jpg
2340,NOT_READABLE,,,bicycle,white,northbound,CAM-04,,23.0146,72.5679,APPROXIMATE,2026-06-14 00:57:09,overlay,0.55,evidence/CAM-04_1008_1788366345407.jpg
2341,NOT_READABLE,,,motorcycle,red,westbound,CAM-04,,23.0146,72.5679,APPROXIMATE,2026-06-14 00:57:09,overlay,0.45,evidence/CAM-04_1009_1788366345515.jpg
2342,NOT_READABLE,,,motorcycle,yellow,southbound,CAM-04,,23.0146,72.5679,APPROXIMATE,2026-06-14 00:57:09,overlay,0.45,evidence/CAM-04_1010_1788366345561.jpg
2343,NOT_READABLE,,,motorcycle,blue,eastbound,CAM-04,,23.0146,72.5679,APPROXIMATE,2026-06-14 00:57:09,overlay,0.44,evidence/CAM-04_1011_1788366345728.jpg
2345,NOT_READABLE,,,truck,blue,stationary,CAM-04,,23.0146,72.5679,APPROXIMATE,2026-06-14 00:57:09,overlay,0.48,evidence/CAM-04_1012_1788366345756.jpg
2346,NOT_READABLE,,,truck,orange,westbound,CAM-04,,23.0146,72.5679,APPROXIMATE,2026-06-14 00:57:09,overlay,0.35,evidence/CAM-04_1015_1788366345900.jpg
2348,NOT_READABLE,,,motorcycle,grey,eastbound,CAM-04,,23.0146,72.5679,APPROXIMATE,2026-06-14 00:57:09,overlay,0.40,evidence/CAM-04_1016_1788366345929.jpg
2349,NOT_READABLE,,,truck,blue,southbound,CAM-04,,23.0146,72.5679,APPROXIMATE,2026-06-14 00:57:09,overlay,0.53,evidence/CAM-04_1019_1788366346156.jpg
2350,NOT_READABLE,,,motorcycle,green,stationary,CAM-04,,23.0146,72.5679,APPROXIMATE,2026-06-14 00:57:09,overlay,0.35,evidence/CAM-04_1020_1788366346198.jpg
2351,NOT_READABLE,,,car,blue,eastbound,CAM-04,,23.0146,72.5679,APPROXIMATE,2026-06-14 00:57:09,overlay,0.70,evidence/CAM-04_1022_1788366346328.jpg
2352,NOT_READABLE,,,truck,blue,westbound,CAM-04,,23.0146,72.5679,APPROXIMATE,2026-06-14 00:57:09,overlay,0.38,evidence/CAM-04_1023_1788366346464.jpg
2353,NOT_READABLE,,,car,red,westbound,CAM-04,,23.0146,72.5679,APPROXIMATE,2026-06-14 00:57:09,overlay,0.56,evidence/CAM-04_1025_1788366346497.jpg
2354,NOT_READABLE,,,motorcycle,grey,eastbound,CAM-04,,23.0146,72.5679,APPROXIMATE,2026-06-14 00:57:09,overlay,0.95,evidence/CAM-04_1027_1788366346647.jpg
2355,NOT_READABLE,,,bus,green,westbound,CAM-04,,23.0146,72.5679,APPROXIMATE,2026-06-14 00:57:09,overlay,0.43,evidence/CAM-04_1028_1788366346681.jpg
2356,NOT_READABLE,,,bicycle,white,eastbound,CAM-04,,23.0146,72.5679,APPROXIMATE,2026-06-14 00:57:09,overlay,0.94,evidence/CAM-04_1029_1788366346831.jpg
2357,NOT_READABLE,,,motorcycle,blue,northbound,CAM-04,,23.0146,72.5679,APPROXIMATE,2026-06-14 00:57:09,overlay,0.42,evidence/CAM-04_1030_1788366346971.jpg
2358,NOT_READABLE,,,car,green,eastbound,CAM-04,,23.0146,72.5679,APPROXIMATE,2026-06-14 00:57:09,overlay,0.41,evidence/CAM-04_1031_1788366347006.jpg
2359,NOT_READABLE,,,bicycle,blue,northbound,CAM-04,,23.0146,72.5679,APPROXIMATE,2026-06-14 00:57:09,overlay,0.43,evidence/CAM-04_1032_1788366347153.jpg
2360,NOT_READABLE,,,bicycle,green,southbound,CAM-04,,23.0146,72.5679,APPROXIMATE,2026-06-14 00:57:09,overlay,0.80,evidence/CAM-04_1034_1788366347185.jpg
2361,NOT_READABLE,,,motorcycle,blue,stationary,CAM-04,,23.0146,72.5679,APPROXIMATE,2026-06-14 00:57:09,overlay,0.42,evidence/CAM-04_1036_1788366347207.jpg
2362,NOT_READABLE,,,motorcycle,cyan,westbound,CAM-04,,23.0146,72.5679,APPROXIMATE,2026-06-14 00:57:09,overlay,0.75,evidence/CAM-04_1039_1788366347232.jpg
2363,NOT_READABLE,,,truck,cyan,northbound,CAM-04,,23.0146,72.5679,APPROXIMATE,2026-06-14 00:57:09,overlay,0.44,evidence/CAM-04_1046_1788366347257.jpg
2364,NOT_READABLE,,,truck,orange,stationary,CAM-04,,23.0146,72.5679,APPROXIMATE,2026-06-14 00:57:09,overlay,0.38,evidence/CAM-04_1056_1788366347283.jpg
2365,NOT_READABLE,,,bicycle,orange,eastbound,CAM-04,,23.0146,72.5679,APPROXIMATE,2026-06-14 00:57:09,overlay,0.71,evidence/CAM-04_1059_1788366347310.jpg
2366,NOT_READABLE,,,truck,blue,westbound,CAM-04,,23.0146,72.5679,APPROXIMATE,2026-06-14 00:57:09,overlay,0.44,evidence/CAM-04_1060_1788366347335.jpg
2367,NOT_READABLE,,,car,grey,stationary,CAM-04,,23.0146,72.5679,APPROXIMATE,2026-06-14 00:57:09,overlay,0.33,evidence/CAM-04_1064_1788366347365.jpg
2368,NOT_READABLE,,,bicycle,green,westbound,CAM-04,,23.0146,72.5679,APPROXIMATE,2026-06-14 00:57:09,overlay,0.44,evidence/CAM-04_1065_1788366347387.jpg
2369,NOT_READABLE,,,car,green,eastbound,CAM-04,,23.0146,72.5679,APPROXIMATE,2026-06-14 00:57:09,overlay,0.71,evidence/CAM-04_1067_1788366347410.jpg
2370,NOT_READABLE,,,bicycle,blue,eastbound,CAM-04,,23.0146,72.5679,APPROXIMATE,2026-06-14 00:57:09,overlay,0.77,evidence/CAM-04_1082_1788366347451.jpg
2371,NOT_READABLE,,,motorcycle,blue,westbound,CAM-04,,23.0146,72.5679,APPROXIMATE,2026-06-14 00:57:09,overlay,0.50,evidence/CAM-04_1085_1788366347484.jpg
2372,NOT_READABLE,,,motorcycle,blue,northbound,CAM-04,,23.0146,72.5679,APPROXIMATE,2026-06-14 00:57:09,overlay,0.87,evidence/CAM-04_1129_1788366347615.jpg
2375,NOT_READABLE,,,bus,grey,northbound,CAM-05,Visat teen Rasta,23.1192572,72.5656704,GEOCODED,2026-06-14 00:57:09,overlay,5.38,evidence/CAM-05_4067_1788366351330.jpg
2376,NOT_READABLE,,,truck,grey,northbound,CAM-05,Visat teen Rasta,23.1192572,72.5656704,GEOCODED,2026-06-14 00:57:09,overlay,3.49,evidence/CAM-05_4068_1788366351361.jpg
2377,NOT_READABLE,,,bicycle,grey,westbound,CAM-05,Visat teen Rasta,23.1192572,72.5656704,GEOCODED,2026-06-14 00:57:09,overlay,6.04,evidence/CAM-05_4070_1788366351379.jpg
2378,NOT_READABLE,,,motorcycle,grey,westbound,CAM-05,Visat teen Rasta,23.1192572,72.5656704,GEOCODED,2026-06-14 00:57:09,overlay,3.56,evidence/CAM-05_4071_1788366351400.jpg
2379,NOT_READABLE,,,bicycle,grey,southbound,CAM-05,Visat teen Rasta,23.1192572,72.5656704,GEOCODED,2026-06-14 00:57:09,overlay,0.52,evidence/CAM-05_4366_1788366351422.jpg
2380,NOT_READABLE,,,bicycle,grey,stationary,CAM-05,Visat teen Rasta,23.1192572,72.5656704,GEOCODED,2026-06-14 00:57:09,overlay,6.60,evidence/CAM-05_4386_1788366351440.jpg
2381,NOT_READABLE,,,motorcycle,grey,stationary,CAM-05,Visat teen Rasta,23.1192572,72.5656704,GEOCODED,2026-06-14 00:57:09,overlay,3.94,evidence/CAM-05_4387_1788366351458.jpg
2382,NOT_READABLE,,,truck,grey,southbound,CAM-05,Visat teen Rasta,23.1192572,72.5656704,GEOCODED,2026-06-14 00:57:09,overlay,6.65,evidence/CAM-05_4388_1788366351476.jpg
2383,NOT_READABLE,,,bus,blue,eastbound,CAM-05,Visat teen Rasta,23.1192572,72.5656704,GEOCODED,2026-06-14 00:57:09,overlay,0.78,evidence/CAM-05_4389_1788366351493.jpg
2384,NOT_READABLE,,,truck,green,southbound,CAM-05,Visat teen Rasta,23.1192572,72.5656704,GEOCODED,2026-06-14 00:57:09,overlay,5.67,evidence/CAM-05_4390_1788366351511.jpg
2385,NOT_READABLE,,,car,grey,westbound,CAM-05,Visat teen Rasta,23.1192572,72.5656704,GEOCODED,2026-06-14 00:57:09,overlay,0.94,evidence/CAM-05_4391_1788366351527.jpg
2386,NOT_READABLE,,,bus,grey,eastbound,CAM-05,Visat teen Rasta,23.1192572,72.5656704,GEOCODED,2026-06-14 00:57:09,overlay,0.89,evidence/CAM-05_4392_1788366351543.jpg
2387,NOT_READABLE,,,truck,grey,northbound,CAM-05,Visat teen Rasta,23.1192572,72.5656704,GEOCODED,2026-06-14 00:57:09,overlay,0.92,evidence/CAM-05_4393_1788366351558.jpg
2388,NOT_READABLE,,,car,grey,westbound,CAM-05,Visat teen Rasta,23.1192572,72.5656704,GEOCODED,2026-06-14 00:57:09,overlay,0.72,evidence/CAM-05_4394_1788366351575.jpg
2389,NOT_READABLE,,,motorcycle,grey,westbound,CAM-05,Visat teen Rasta,23.1192572,72.5656704,GEOCODED,2026-06-14 00:57:09,overlay,0.92,evidence/CAM-05_4395_1788366351591.jpg
2390,NOT_READABLE,,,motorcycle,grey,westbound,CAM-05,Visat teen Rasta,23.1192572,72.5656704,GEOCODED,2026-06-14 00:57:09,overlay,0.99,evidence/CAM-05_4396_1788366351608.jpg
2391,NOT_READABLE,,,bus,grey,eastbound,CAM-05,Visat teen Rasta,23.1192572,72.5656704,GEOCODED,2026-06-14 00:57:09,overlay,0.82,evidence/CAM-05_4397_1788366351623.jpg
2392,NOT_READABLE,,,bicycle,grey,eastbound,CAM-05,Visat teen Rasta,23.1192572,72.5656704,GEOCODED,2026-06-14 00:57:09,overlay,0.95,evidence/CAM-05_4398_1788366351641.jpg
2393,NOT_READABLE,,,car,grey,eastbound,CAM-05,Visat teen Rasta,23.1192572,72.5656704,GEOCODED,2026-06-14 00:57:09,overlay,0.73,evidence/CAM-05_4399_1788366351655.jpg
2394,NOT_READABLE,,,car,grey,westbound,CAM-05,Visat teen Rasta,23.1192572,72.5656704,GEOCODED,2026-06-14 00:57:09,overlay,0.93,evidence/CAM-05_4400_1788366351670.jpg
2395,NOT_READABLE,,,bicycle,grey,southbound,CAM-05,Visat teen Rasta,23.1192572,72.5656704,GEOCODED,2026-06-14 00:57:09,overlay,0.96,evidence/CAM-05_4401_1788366351685.jpg
2396,NOT_READABLE,,,motorcycle,blue,westbound,CAM-05,Visat teen Rasta,23.1192572,72.5656704,GEOCODED,2026-06-14 00:57:09,overlay,0.54,evidence/CAM-05_4402_1788366351701.jpg
2397,NOT_READABLE,,,bicycle,green,southbound,CAM-05,Visat teen Rasta,23.1192572,72.5656704,GEOCODED,2026-06-14 00:57:09,overlay,0.65,evidence/CAM-05_4403_1788366351715.jpg
2398,NOT_READABLE,,,bicycle,green,westbound,CAM-05,Visat teen Rasta,23.1192572,72.5656704,GEOCODED,2026-06-14 00:57:09,overlay,0.77,evidence/CAM-05_4404_1788366351731.jpg
2399,NOT_READABLE,,,car,blue,southbound,CAM-05,Visat teen Rasta,23.1192572,72.5656704,GEOCODED,2026-06-14 00:57:09,overlay,0.64,evidence/CAM-05_4405_1788366351746.jpg
2400,NOT_READABLE,,,bus,grey,westbound,CAM-05,Visat teen Rasta,23.1192572,72.5656704,GEOCODED,2026-06-14 00:57:09,overlay,0.73,evidence/CAM-05_4406_1788366351761.jpg
2401,NOT_READABLE,,,car,grey,eastbound,CAM-05,Visat teen Rasta,23.1192572,72.5656704,GEOCODED,2026-06-14 00:57:09,overlay,0.73,evidence/CAM-05_4407_1788366351778.jpg
2402,NOT_READABLE,,,bus,grey,westbound,CAM-05,Visat teen Rasta,23.1192572,72.5656704,GEOCODED,2026-06-14 00:57:09,overlay,4.97,evidence/CAM-05_4408_1788366351793.jpg
2403,NOT_READABLE,,,bicycle,grey,westbound,CAM-05,Visat teen Rasta,23.1192572,72.5656704,GEOCODED,2026-06-14 00:57:09,overlay,0.67,evidence/CAM-05_4409_1788366351812.jpg
2404,NOT_READABLE,,,truck,grey,stationary,CAM-05,Visat teen Rasta,23.1192572,72.5656704,GEOCODED,2026-06-14 00:57:09,overlay,0.64,evidence/CAM-05_4410_1788366351840.jpg
2405,NOT_READABLE,,,bicycle,grey,westbound,CAM-05,Visat teen Rasta,23.1192572,72.5656704,GEOCODED,2026-06-14 00:57:09,overlay,0.48,evidence/CAM-05_4411_1788366351871.jpg
2406,NOT_READABLE,,,motorcycle,grey,southbound,CAM-05,Visat teen Rasta,23.1192572,72.5656704,GEOCODED,2026-06-14 00:57:09,overlay,0.91,evidence/CAM-05_4412_1788366351894.jpg
2407,NOT_READABLE,,,motorcycle,grey,westbound,CAM-05,Visat teen Rasta,23.1192572,72.5656704,GEOCODED,2026-06-14 00:57:09,overlay,0.64,evidence/CAM-05_4413_1788366351916.jpg
2408,NOT_READABLE,,,car,white,southbound,CAM-05,Visat teen Rasta,23.1192572,72.5656704,GEOCODED,2026-06-14 00:57:09,overlay,0.87,evidence/CAM-05_4414_1788366351933.jpg
2409,NOT_READABLE,,,bicycle,green,westbound,CAM-05,Visat teen Rasta,23.1192572,72.5656704,GEOCODED,2026-06-14 00:57:09,overlay,0.83,evidence/CAM-05_4415_1788366351951.jpg
2410,NOT_READABLE,,,motorcycle,black,eastbound,CAM-05,Visat teen Rasta,23.1192572,72.5656704,GEOCODED,2026-06-14 00:57:09,overlay,0.87,evidence/CAM-05_4416_1788366351968.jpg
2411,NOT_READABLE,,,bus,grey,westbound,CAM-05,Visat teen Rasta,23.1192572,72.5656704,GEOCODED,2026-06-14 00:57:09,overlay,0.84,evidence/CAM-05_4417_1788366351984.jpg
2412,NOT_READABLE,,,bus,grey,westbound,CAM-05,Visat teen Rasta,23.1192572,72.5656704,GEOCODED,2026-06-14 00:57:09,overlay,0.95,evidence/CAM-05_4418_1788366351999.jpg
2413,NOT_READABLE,,,motorcycle,grey,northbound,CAM-05,Visat teen Rasta,23.1192572,72.5656704,GEOCODED,2026-06-14 00:57:09,overlay,0.72,evidence/CAM-05_4419_1788366352015.jpg
2414,NOT_READABLE,,,bus,white,southbound,CAM-05,Visat teen Rasta,23.1192572,72.5656704,GEOCODED,2026-06-14 00:57:09,overlay,0.80,evidence/CAM-05_4420_1788366352029.jpg
2415,NOT_READABLE,,,bicycle,grey,eastbound,CAM-05,Visat teen Rasta,23.1192572,72.5656704,GEOCODED,2026-06-14 00:57:09,overlay,0.46,evidence/CAM-05_4421_1788366352043.jpg
2416,NOT_READABLE,,,truck,grey,southbound,CAM-05,Visat teen Rasta,23.1192572,72.5656704,GEOCODED,2026-06-14 00:57:09,overlay,0.85,evidence/CAM-05_4422_1788366352058.jpg
2417,NOT_READABLE,,,bicycle,grey,westbound,CAM-05,Visat teen Rasta,23.1192572,72.5656704,GEOCODED,2026-06-14 00:57:09,overlay,0.58,evidence/CAM-05_4424_1788366352072.jpg
2418,NOT_READABLE,,,truck,blue,eastbound,CAM-05,Visat teen Rasta,23.1192572,72.5656704,GEOCODED,2026-06-14 00:57:09,overlay,0.54,evidence/CAM-05_4425_1788366352087.jpg
2419,NOT_READABLE,,,car,grey,westbound,CAM-05,Visat teen Rasta,23.1192572,72.5656704,GEOCODED,2026-06-14 00:57:09,overlay,0.66,evidence/CAM-05_4426_1788366352102.jpg
2420,NOT_READABLE,,,motorcycle,grey,eastbound,CAM-05,Visat teen Rasta,23.1192572,72.5656704,GEOCODED,2026-06-14 00:57:09,overlay,0.62,evidence/CAM-05_4427_1788366352115.jpg
2421,NOT_READABLE,,,bicycle,grey,southbound,CAM-05,Visat teen Rasta,23.1192572,72.5656704,GEOCODED,2026-06-14 00:57:09,overlay,0.83,evidence/CAM-05_4428_1788366352131.jpg
2422,NOT_READABLE,,,car,grey,westbound,CAM-05,Visat teen Rasta,23.1192572,72.5656704,GEOCODED,2026-06-14 00:57:09,overlay,0.41,evidence/CAM-05_4429_1788366352145.jpg
2423,NOT_READABLE,,,bus,grey,westbound,CAM-05,Visat teen Rasta,23.1192572,72.5656704,GEOCODED,2026-06-14 00:57:09,overlay,0.76,evidence/CAM-05_4430_1788366352159.jpg
2424,NOT_READABLE,,,car,grey,northbound,CAM-05,Visat teen Rasta,23.1192572,72.5656704,GEOCODED,2026-06-14 00:57:09,overlay,0.40,evidence/CAM-05_4431_1788366352176.jpg
2425,NOT_READABLE,,,car,grey,stationary,CAM-05,Visat teen Rasta,23.1192572,72.5656704,GEOCODED,2026-06-14 00:57:09,overlay,0.75,evidence/CAM-05_4432_1788366352191.jpg
2426,NOT_READABLE,,,motorcycle,grey,southbound,CAM-05,Visat teen Rasta,23.1192572,72.5656704,GEOCODED,2026-06-14 00:57:09,overlay,0.43,evidence/CAM-05_4433_1788366352207.jpg
2427,NOT_READABLE,,,motorcycle,grey,southbound,CAM-05,Visat teen Rasta,23.1192572,72.5656704,GEOCODED,2026-06-14 00:57:09,overlay,4.27,evidence/CAM-05_4434_1788366352222.jpg
2428,NOT_READABLE,,,motorcycle,grey,stationary,CAM-05,Visat teen Rasta,23.1192572,72.5656704,GEOCODED,2026-06-14 00:57:09,overlay,0.87,evidence/CAM-05_4435_1788366352236.jpg
2429,NOT_READABLE,,,bicycle,grey,southbound,CAM-05,Visat teen Rasta,23.1192572,72.5656704,GEOCODED,2026-06-14 00:57:09,overlay,0.53,evidence/CAM-05_4436_1788366352252.jpg
2430,NOT_READABLE,,,truck,grey,westbound,CAM-05,Visat teen Rasta,23.1192572,72.5656704,GEOCODED,2026-06-14 00:57:09,overlay,0.51,evidence/CAM-05_4437_1788366352266.jpg
2431,NOT_READABLE,,,truck,green,stationary,CAM-05,Visat teen Rasta,23.1192572,72.5656704,GEOCODED,2026-06-14 00:57:09,overlay,0.54,evidence/CAM-05_4438_1788366352281.jpg
2432,NOT_READABLE,,,bus,grey,eastbound,CAM-05,Visat teen Rasta,23.1192572,72.5656704,GEOCODED,2026-06-14 00:57:09,overlay,0.58,evidence/CAM-05_4439_1788366352296.jpg
2433,NOT_READABLE,,,bus,grey,stationary,CAM-05,Visat teen Rasta,23.1192572,72.5656704,GEOCODED,2026-06-14 00:57:09,overlay,0.50,evidence/CAM-05_4440_1788366352311.jpg
2434,NOT_READABLE,,,motorcycle,green,eastbound,CAM-05,Visat teen Rasta,23.1192572,72.5656704,GEOCODED,2026-06-14 00:57:09,overlay,0.95,evidence/CAM-05_4441_1788366352325.jpg
2435,NOT_READABLE,,,car,grey,northbound,CAM-05,Visat teen Rasta,23.1192572,72.5656704,GEOCODED,2026-06-14 00:57:09,overlay,0.47,evidence/CAM-05_4442_1788366352341.jpg
2436,NOT_READABLE,,,truck,grey,southbound,CAM-05,Visat teen Rasta,23.1192572,72.5656704,GEOCODED,2026-06-14 00:57:09,overlay,0.48,evidence/CAM-05_4443_1788366352357.jpg
2437,NOT_READABLE,,,bus,grey,northbound,CAM-05,Visat teen Rasta,23.1192572,72.5656704,GEOCODED,2026-06-14 00:57:09,overlay,0.84,evidence/CAM-05_4444_1788366352373.jpg
2438,NOT_READABLE,,,car,grey,northbound,CAM-05,Visat teen Rasta,23.1192572,72.5656704,GEOCODED,2026-06-14 00:57:09,overlay,0.43,evidence/CAM-05_4447_1788366352390.jpg
2439,NOT_READABLE,,,bicycle,grey,southbound,CAM-05,Visat teen Rasta,23.1192572,72.5656704,GEOCODED,2026-06-14 00:57:09,overlay,0.75,evidence/CAM-05_4449_1788366352404.jpg
2440,NOT_READABLE,,,truck,white,northbound,CAM-05,Visat teen Rasta,23.1192572,72.5656704,GEOCODED,2026-06-14 00:57:09,overlay,0.64,evidence/CAM-05_4451_1788366352421.jpg
2441,NOT_READABLE,,,motorcycle,yellow,westbound,CAM-05,Visat teen Rasta,23.1192572,72.5656704,GEOCODED,2026-06-14 00:57:09,overlay,0.57,evidence/CAM-05_4454_1788366352437.jpg
2442,NOT_READABLE,,,motorcycle,grey,southbound,CAM-05,Visat teen Rasta,23.1192572,72.5656704,GEOCODED,2026-06-14 00:57:09,overlay,0.58,evidence/CAM-05_4455_1788366352451.jpg
2443,NOT_READABLE,,,bus,grey,northbound,CAM-05,Visat teen Rasta,23.1192572,72.5656704,GEOCODED,2026-06-14 00:57:09,overlay,0.68,evidence/CAM-05_4457_1788366352466.jpg
2444,NOT_READABLE,,,truck,grey,westbound,CAM-05,Visat teen Rasta,23.1192572,72.5656704,GEOCODED,2026-06-14 00:57:09,overlay,0.67,evidence/CAM-05_4458_1788366352480.jpg
2445,NOT_READABLE,,,bus,grey,northbound,CAM-05,Visat teen Rasta,23.1192572,72.5656704,GEOCODED,2026-06-14 00:57:09,overlay,0.62,evidence/CAM-05_4459_1788366352495.jpg
2446,NOT_READABLE,,,motorcycle,grey,northbound,CAM-05,Visat teen Rasta,23.1192572,72.5656704,GEOCODED,2026-06-14 00:57:09,overlay,0.71,evidence/CAM-05_4460_1788366352510.jpg
2447,NOT_READABLE,,,bus,grey,westbound,CAM-05,Visat teen Rasta,23.1192572,72.5656704,GEOCODED,2026-06-14 00:57:09,overlay,0.38,evidence/CAM-05_4461_1788366352525.jpg
2448,NOT_READABLE,,,bus,blue,westbound,CAM-05,Visat teen Rasta,23.1192572,72.5656704,GEOCODED,2026-06-14 00:57:09,overlay,0.97,evidence/CAM-05_4462_1788366352540.jpg
2449,NOT_READABLE,,,bicycle,green,southbound,CAM-05,Visat teen Rasta,23.1192572,72.5656704,GEOCODED,2026-06-14 00:57:09,overlay,0.52,evidence/CAM-05_4464_1788366352555.jpg
2450,NOT_READABLE,,,bus,grey,northbound,CAM-05,Visat teen Rasta,23.1192572,72.5656704,GEOCODED,2026-06-14 00:57:09,overlay,0.52,evidence/CAM-05_4465_1788366352580.jpg
2451,NOT_READABLE,,,motorcycle,grey,westbound,CAM-05,Visat teen Rasta,23.1192572,72.5656704,GEOCODED,2026-06-14 00:57:09,overlay,0.47,evidence/CAM-05_4467_1788366352600.jpg
2452,NOT_READABLE,,,truck,grey,northbound,CAM-05,Visat teen Rasta,23.1192572,72.5656704,GEOCODED,2026-06-14 00:57:09,overlay,0.47,evidence/CAM-05_4468_1788366352619.jpg
2453,NOT_READABLE,,,motorcycle,black,southbound,CAM-05,Visat teen Rasta,23.1192572,72.5656704,GEOCODED,2026-06-14 00:57:09,overlay,0.48,evidence/CAM-05_4469_1788366352637.jpg
2454,NOT_READABLE,,,bus,grey,eastbound,CAM-05,Visat teen Rasta,23.1192572,72.5656704,GEOCODED,2026-06-14 00:57:09,overlay,0.59,evidence/CAM-05_4470_1788366352658.jpg
2456,NOT_READABLE,,,truck,white,northbound,CAM-05,Visat teen Rasta,23.1192572,72.5656704,GEOCODED,2026-06-14 00:57:09,overlay,0.91,evidence/CAM-05_4471_1788366352674.jpg
2457,NOT_READABLE,,,motorcycle,green,northbound,CAM-05,Visat teen Rasta,23.1192572,72.5656704,GEOCODED,2026-06-14 00:57:09,overlay,0.93,evidence/CAM-05_4472_1788366352690.jpg
2458,NOT_READABLE,,,motorcycle,orange,westbound,CAM-05,Visat teen Rasta,23.1192572,72.5656704,GEOCODED,2026-06-14 00:57:09,overlay,0.46,evidence/CAM-05_4473_1788366352714.jpg
2459,NOT_READABLE,,,truck,yellow,southbound,CAM-05,Visat teen Rasta,23.1192572,72.5656704,GEOCODED,2026-06-14 00:57:09,overlay,0.55,evidence/CAM-05_4478_1788366352736.jpg
2460,NOT_READABLE,,,truck,orange,southbound,CAM-05,Visat teen Rasta,23.1192572,72.5656704,GEOCODED,2026-06-14 00:57:09,overlay,0.46,evidence/CAM-05_4480_1788366352753.jpg
2461,NOT_READABLE,,,motorcycle,green,eastbound,CAM-05,Visat teen Rasta,23.1192572,72.5656704,GEOCODED,2026-06-14 00:57:09,overlay,0.48,evidence/CAM-05_4481_1788366352780.jpg
2462,NOT_READABLE,,,car,grey,southbound,CAM-05,Visat teen Rasta,23.1192572,72.5656704,GEOCODED,2026-06-14 00:57:09,overlay,0.43,evidence/CAM-05_4482_1788366352803.jpg
2464,NOT_READABLE,,,bicycle,grey,stationary,CAM-05,Visat teen Rasta,23.1192572,72.5656704,GEOCODED,2026-06-14 00:57:09,overlay,0.58,evidence/CAM-05_4483_1788366352867.jpg
2465,NOT_READABLE,,,motorcycle,white,northbound,CAM-05,Visat teen Rasta,23.1192572,72.5656704,GEOCODED,2026-06-14 00:57:09,overlay,0.82,evidence/CAM-05_4484_1788366352891.jpg
2466,NOT_READABLE,,,car,grey,southbound,CAM-05,Visat teen Rasta,23.1192572,72.5656704,GEOCODED,2026-06-14 00:57:09,overlay,0.48,evidence/CAM-05_4485_1788366352914.jpg
2467,NOT_READABLE,,,truck,grey,westbound,CAM-05,Visat teen Rasta,23.1192572,72.5656704,GEOCODED,2026-06-14 00:57:09,overlay,0.43,evidence/CAM-05_4486_1788366352938.jpg
2468,NOT_READABLE,,,car,grey,eastbound,CAM-05,Visat teen Rasta,23.1192572,72.5656704,GEOCODED,2026-06-14 00:57:09,overlay,0.42,evidence/CAM-05_4490_1788366352960.jpg
2469,NOT_READABLE,,,bicycle,white,westbound,CAM-05,Visat teen Rasta,23.1192572,72.5656704,GEOCODED,2026-06-14 00:57:09,overlay,0.86,evidence/CAM-05_4493_1788366352983.jpg
2470,NOT_READABLE,,,bicycle,grey,westbound,CAM-05,Visat teen Rasta,23.1192572,72.5656704,GEOCODED,2026-06-14 00:57:09,overlay,0.86,evidence/CAM-05_4494_1788366353007.jpg
2471,NOT_READABLE,,,motorcycle,grey,southbound,CAM-05,Visat teen Rasta,23.1192572,72.5656704,GEOCODED,2026-06-14 00:57:09,overlay,0.56,evidence/CAM-05_4495_1788366353026.jpg
2472,NOT_READABLE,,,bus,grey,eastbound,CAM-05,Visat teen Rasta,23.1192572,72.5656704,GEOCODED,2026-06-14 00:57:09,overlay,0.48,evidence/CAM-05_4496_1788366353050.jpg
2473,NOT_READABLE,,,car,black,southbound,CAM-05,Visat teen Rasta,23.1192572,72.5656704,GEOCODED,2026-06-14 00:57:09,overlay,0.47,evidence/CAM-05_4497_1788366353075.jpg
2474,NOT_READABLE,,,truck,green,eastbound,CAM-05,Visat teen Rasta,23.1192572,72.5656704,GEOCODED,2026-06-14 00:57:09,overlay,0.60,evidence/CAM-05_4499_1788366353094.jpg
2475,NOT_READABLE,,,bus,grey,eastbound,CAM-05,Visat teen Rasta,23.1192572,72.5656704,GEOCODED,2026-06-14 00:57:09,overlay,0.45,evidence/CAM-05_4500_1788366353121.jpg
2476,NOT_READABLE,,,truck,white,northbound,CAM-05,Visat teen Rasta,23.1192572,72.5656704,GEOCODED,2026-06-14 00:57:09,overlay,0.48,evidence/CAM-05_4501_1788366353144.jpg
2477,NOT_READABLE,,,bicycle,grey,westbound,CAM-05,Visat teen Rasta,23.1192572,72.5656704,GEOCODED,2026-06-14 00:57:09,overlay,0.48,evidence/CAM-05_4507_1788366353161.jpg
2478,NOT_READABLE,,,bicycle,grey,northbound,CAM-05,Visat teen Rasta,23.1192572,72.5656704,GEOCODED,2026-06-14 00:57:09,overlay,0.62,evidence/CAM-05_4508_1788366353180.jpg
2479,NOT_READABLE,,,truck,grey,stationary,CAM-05,Visat teen Rasta,23.1192572,72.5656704,GEOCODED,2026-06-14 00:57:09,overlay,0.43,evidence/CAM-05_4509_1788366353202.jpg
2480,NOT_READABLE,,,bus,grey,eastbound,CAM-05,Visat teen Rasta,23.1192572,72.5656704,GEOCODED,2026-06-14 00:57:09,overlay,0.41,evidence/CAM-05_4511_1788366353225.jpg
2481,NOT_READABLE,,,bus,grey,eastbound,CAM-05,Visat teen Rasta,23.1192572,72.5656704,GEOCODED,2026-06-14 00:57:09,overlay,0.69,evidence/CAM-05_4512_1788366353248.jpg
2482,NOT_READABLE,,,motorcycle,grey,westbound,CAM-05,Visat teen Rasta,23.1192572,72.5656704,GEOCODED,2026-06-14 00:57:09,overlay,0.77,evidence/CAM-05_4513_1788366353273.jpg
2483,NOT_READABLE,,,car,grey,stationary,CAM-05,Visat teen Rasta,23.1192572,72.5656704,GEOCODED,2026-06-14 00:57:09,overlay,0.63,evidence/CAM-05_4516_1788366353295.jpg
2484,NOT_READABLE,,,truck,green,southbound,CAM-05,Visat teen Rasta,23.1192572,72.5656704,GEOCODED,2026-06-14 00:57:09,overlay,0.61,evidence/CAM-05_4518_1788366353314.jpg
2485,NOT_READABLE,,,car,white,stationary,CAM-05,Visat teen Rasta,23.1192572,72.5656704,GEOCODED,2026-06-14 00:57:09,overlay,0.73,evidence/CAM-05_4519_1788366353337.jpg
2486,NOT_READABLE,,,bus,grey,eastbound,CAM-05,Visat teen Rasta,23.1192572,72.5656704,GEOCODED,2026-06-14 00:57:09,overlay,0.42,evidence/CAM-05_4522_1788366353356.jpg
2487,NOT_READABLE,,,car,grey,westbound,CAM-05,Visat teen Rasta,23.1192572,72.5656704,GEOCODED,2026-06-14 00:57:09,overlay,0.68,evidence/CAM-05_4527_1788366353378.jpg
2488,NOT_READABLE,,,bicycle,grey,stationary,CAM-05,Visat teen Rasta,23.1192572,72.5656704,GEOCODED,2026-06-14 00:57:09,overlay,0.51,evidence/CAM-05_4528_1788366353400.jpg
2489,NOT_READABLE,,,car,yellow,westbound,CAM-05,Visat teen Rasta,23.1192572,72.5656704,GEOCODED,2026-06-14 00:57:09,overlay,0.83,evidence/CAM-05_4529_1788366353423.jpg
2490,NOT_READABLE,,,bus,yellow,westbound,CAM-05,Visat teen Rasta,23.1192572,72.5656704,GEOCODED,2026-06-14 00:57:09,overlay,0.82,evidence/CAM-05_4530_1788366353446.jpg
2491,NOT_READABLE,,,bus,green,northbound,CAM-05,Visat teen Rasta,23.1192572,72.5656704,GEOCODED,2026-06-14 00:57:09,overlay,0.84,evidence/CAM-05_4533_1788366353462.jpg
2492,NOT_READABLE,,,bicycle,yellow,eastbound,CAM-05,Visat teen Rasta,23.1192572,72.5656704,GEOCODED,2026-06-14 00:57:09,overlay,0.64,evidence/CAM-05_4538_1788366353606.jpg
2493,NOT_READABLE,,,car,black,northbound,CAM-05,Visat teen Rasta,23.1192572,72.5656704,GEOCODED,2026-06-14 00:57:09,overlay,0.48,evidence/CAM-05_4546_1788366353850.jpg
2494,NOT_READABLE,,,truck,yellow,stationary,CAM-05,Visat teen Rasta,23.1192572,72.5656704,GEOCODED,2026-06-14 00:57:09,overlay,0.56,evidence/CAM-05_4563_1788366353879.jpg
2102,NOT_READABLE,,,car,grey,stationary,CAM-01,Chiman bhai Bridge,23.0064,72.5698,APPROXIMATE,2026-06-14 00:57:09,overlay,0.53,evidence/CAM-01_3560_1788366333438.jpg
2594,NOT_READABLE,,,motorcycle,purple,southbound,CAM-13,CN-VIDHYALAYA,23.0284,72.5541,APPROXIMATE,2026-06-14 00:57:11,overlay,0.51,evidence/CAM-13_3126_1788366375072.jpg
2595,NOT_READABLE,,,bicycle,red,northbound,CAM-13,CN-VIDHYALAYA,23.0284,72.5541,APPROXIMATE,2026-06-14 00:57:11,overlay,0.50,evidence/CAM-13_3127_1788366375092.jpg
2596,NOT_READABLE,,,car,grey,northbound,CAM-13,CN-VIDHYALAYA,23.0284,72.5541,APPROXIMATE,2026-06-14 00:57:11,overlay,0.69,evidence/CAM-13_3137_1788366375235.jpg
2597,NOT_READABLE,,,truck,grey,eastbound,CAM-13,CN-VIDHYALAYA,23.0284,72.5541,APPROXIMATE,2026-06-14 00:57:11,overlay,0.44,evidence/CAM-13_3167_1788366375489.jpg
2598,NOT_READABLE,,,bus,grey,northbound,CAM-13,CN-VIDHYALAYA,23.0284,72.5541,APPROXIMATE,2026-06-14 00:57:11,overlay,0.43,evidence/CAM-13_3170_1788366375580.jpg
2599,NOT_READABLE,,,motorcycle,grey,northbound,CAM-13,CN-VIDHYALAYA,23.0284,72.5541,APPROXIMATE,2026-06-14 00:57:11,overlay,0.85,evidence/CAM-13_3198_1788366375634.jpg
2600,NOT_READABLE,,,truck,grey,westbound,CAM-13,CN-VIDHYALAYA,23.0284,72.5541,APPROXIMATE,2026-06-14 00:57:11,overlay,0.61,evidence/CAM-13_3207_1788366375731.jpg
2601,NOT_READABLE,,,bicycle,grey,northbound,CAM-13,CN-VIDHYALAYA,23.0284,72.5541,APPROXIMATE,2026-06-14 00:57:11,overlay,0.59,evidence/CAM-13_3261_1788366375832.jpg
2602,NOT_READABLE,,,motorcycle,grey,stationary,CAM-13,CN-VIDHYALAYA,23.0284,72.5541,APPROXIMATE,2026-06-14 00:57:11,overlay,0.33,evidence/CAM-13_3262_1788366375945.jpg
2217,NOT_READABLE,,,car,white,westbound,CAM-01,Chiman bhai Bridge,23.0064,72.5698,APPROXIMATE,2026-06-14 00:57:13,overlay,0.81,evidence/CAM-01_3564_1788366342772.jpg
2235,NOT_READABLE,,,car,white,westbound,CAM-01,Chiman bhai Bridge,23.0064,72.5698,APPROXIMATE,2026-06-14 00:57:13,overlay,0.73,evidence/CAM-01_3570_1788366343339.jpg
2612,NOT_READABLE,,,bicycle,grey,stationary,CAM-13,CN-VIDHYALAYA,23.0284,72.5541,APPROXIMATE,2026-06-14 00:57:15,overlay,0.54,evidence/CAM-13_3129_1788366380130.jpg
2613,NOT_READABLE,,,motorcycle,grey,westbound,CAM-13,CN-VIDHYALAYA,23.0284,72.5541,APPROXIMATE,2026-06-14 00:57:15,overlay,0.70,evidence/CAM-13_3138_1788366380149.jpg
2614,NOT_READABLE,,,motorcycle,grey,southbound,CAM-13,CN-VIDHYALAYA,23.0284,72.5541,APPROXIMATE,2026-06-14 00:57:15,overlay,0.54,evidence/CAM-13_3140_1788366380168.jpg
2615,NOT_READABLE,,,motorcycle,red,northbound,CAM-13,CN-VIDHYALAYA,23.0284,72.5541,APPROXIMATE,2026-06-14 00:57:15,overlay,0.55,evidence/CAM-13_3146_1788366380186.jpg
2616,NOT_READABLE,,,motorcycle,grey,northbound,CAM-13,CN-VIDHYALAYA,23.0284,72.5541,APPROXIMATE,2026-06-14 00:57:15,overlay,0.70,evidence/CAM-13_3149_1788366380318.jpg
2617,NOT_READABLE,,,bus,grey,eastbound,CAM-13,CN-VIDHYALAYA,23.0284,72.5541,APPROXIMATE,2026-06-14 00:57:15,overlay,0.59,evidence/CAM-13_3156_1788366380336.jpg
2618,NOT_READABLE,,,truck,grey,southbound,CAM-13,CN-VIDHYALAYA,23.0284,72.5541,APPROXIMATE,2026-06-14 00:57:15,overlay,0.71,evidence/CAM-13_3164_1788366380354.jpg
2619,NOT_READABLE,,,bus,grey,westbound,CAM-13,CN-VIDHYALAYA,23.0284,72.5541,APPROXIMATE,2026-06-14 00:57:15,overlay,0.91,evidence/CAM-13_3227_1788366380373.jpg
2620,NOT_READABLE,,,bus,grey,eastbound,CAM-13,CN-VIDHYALAYA,23.0284,72.5541,APPROXIMATE,2026-06-14 00:57:15,overlay,0.63,evidence/CAM-13_3239_1788366380391.jpg
2621,NOT_READABLE,,,bicycle,orange,stationary,CAM-13,CN-VIDHYALAYA,23.0284,72.5541,APPROXIMATE,2026-06-14 00:57:15,overlay,0.63,evidence/CAM-13_3258_1788366380410.jpg
2622,NOT_READABLE,,,bicycle,grey,westbound,CAM-13,CN-VIDHYALAYA,23.0284,72.5541,APPROXIMATE,2026-06-14 00:57:15,overlay,0.82,evidence/CAM-13_3306_1788366380426.jpg
2623,NOT_READABLE,,,bicycle,grey,northbound,CAM-13,CN-VIDHYALAYA,23.0284,72.5541,APPROXIMATE,2026-06-14 00:57:15,overlay,0.85,evidence/CAM-13_3311_1788366380444.jpg
2624,NOT_READABLE,,,bicycle,grey,eastbound,CAM-13,CN-VIDHYALAYA,23.0284,72.5541,APPROXIMATE,2026-06-14 00:57:15,overlay,0.55,evidence/CAM-13_3312_1788366380507.jpg
2625,NOT_READABLE,,,bicycle,red,westbound,CAM-13,CN-VIDHYALAYA,23.0284,72.5541,APPROXIMATE,2026-06-14 00:57:15,overlay,0.85,evidence/CAM-13_3316_1788366380600.jpg
2626,NOT_READABLE,,,bicycle,red,eastbound,CAM-13,CN-VIDHYALAYA,23.0284,72.5541,APPROXIMATE,2026-06-14 00:57:15,overlay,0.82,evidence/CAM-13_3317_1788366380619.jpg
2627,NOT_READABLE,,,bicycle,red,eastbound,CAM-13,CN-VIDHYALAYA,23.0284,72.5541,APPROXIMATE,2026-06-14 00:57:15,overlay,0.63,evidence/CAM-13_3318_1788366380634.jpg
2628,NOT_READABLE,,,bicycle,grey,southbound,CAM-13,CN-VIDHYALAYA,23.0284,72.5541,APPROXIMATE,2026-06-14 00:57:15,overlay,0.64,evidence/CAM-13_3323_1788366380742.jpg
2629,NOT_READABLE,,,bicycle,grey,eastbound,CAM-13,CN-VIDHYALAYA,23.0284,72.5541,APPROXIMATE,2026-06-14 00:57:15,overlay,0.68,evidence/CAM-13_3327_1788366380766.jpg
2630,NOT_READABLE,,,bicycle,grey,northbound,CAM-13,CN-VIDHYALAYA,23.0284,72.5541,APPROXIMATE,2026-06-14 00:57:15,overlay,0.81,evidence/CAM-13_3329_1788366380787.jpg
2631,NOT_READABLE,,,bicycle,red,stationary,CAM-13,CN-VIDHYALAYA,23.0284,72.5541,APPROXIMATE,2026-06-14 00:57:15,overlay,0.80,evidence/CAM-13_3331_1788366380802.jpg
2282,NOT_READABLE,,,truck,orange,eastbound,CAM-01,Chiman bhai Bridge,23.0064,72.5698,APPROXIMATE,2026-06-14 00:57:15,overlay,0.37,evidence/CAM-01_3567_1788366344128.jpg
2675,NOT_READABLE,,,bicycle,grey,northbound,CAM-13,CN-VIDHYALAYA,23.0284,72.5541,APPROXIMATE,2026-06-14 00:57:17,overlay,12.22,evidence/CAM-13_3438_1788366388485.jpg
2676,NOT_READABLE,,,truck,grey,northbound,CAM-13,CN-VIDHYALAYA,23.0284,72.5541,APPROXIMATE,2026-06-14 00:57:17,overlay,0.76,evidence/CAM-13_3445_1788366388572.jpg
2677,NOT_READABLE,,,car,grey,stationary,CAM-13,CN-VIDHYALAYA,23.0284,72.5541,APPROXIMATE,2026-06-14 00:57:17,overlay,4.32,evidence/CAM-13_3461_1788366388590.jpg
2678,NOT_READABLE,,,car,grey,eastbound,CAM-13,CN-VIDHYALAYA,23.0284,72.5541,APPROXIMATE,2026-06-14 00:57:18,overlay,0.97,evidence/CAM-13_3203_1788366389099.jpg
2679,NOT_READABLE,,,bicycle,orange,northbound,CAM-13,CN-VIDHYALAYA,23.0284,72.5541,APPROXIMATE,2026-06-14 00:57:18,overlay,1.75,evidence/CAM-13_3216_1788366389262.jpg
2680,NOT_READABLE,,,bicycle,orange,northbound,CAM-13,CN-VIDHYALAYA,23.0284,72.5541,APPROXIMATE,2026-06-14 00:57:18,overlay,0.99,evidence/CAM-13_3308_1788366389288.jpg
2681,NOT_READABLE,,,bus,grey,stationary,CAM-13,CN-VIDHYALAYA,23.0284,72.5541,APPROXIMATE,2026-06-14 00:57:18,overlay,1.00,evidence/CAM-13_3351_1788366389453.jpg
2682,NOT_READABLE,,,truck,grey,stationary,CAM-13,CN-VIDHYALAYA,23.0284,72.5541,APPROXIMATE,2026-06-14 00:57:18,overlay,1.00,evidence/CAM-13_3352_1788366389570.jpg
2683,NOT_READABLE,,,car,grey,westbound,CAM-13,CN-VIDHYALAYA,23.0284,72.5541,APPROXIMATE,2026-06-14 00:57:18,overlay,0.95,evidence/CAM-13_3358_1788366389594.jpg
2684,NOT_READABLE,,,truck,grey,stationary,CAM-13,CN-VIDHYALAYA,23.0284,72.5541,APPROXIMATE,2026-06-14 00:57:18,overlay,9.22,evidence/CAM-13_3360_1788366389622.jpg
2685,NOT_READABLE,,,car,grey,stationary,CAM-13,CN-VIDHYALAYA,23.0284,72.5541,APPROXIMATE,2026-06-14 00:57:18,overlay,10.32,evidence/CAM-13_3363_1788366389641.jpg
2686,NOT_READABLE,,,bicycle,grey,southbound,CAM-13,CN-VIDHYALAYA,23.0284,72.5541,APPROXIMATE,2026-06-14 00:57:18,overlay,9.55,evidence/CAM-13_3366_1788366389660.jpg
2687,NOT_READABLE,,,bus,black,southbound,CAM-13,CN-VIDHYALAYA,23.0284,72.5541,APPROXIMATE,2026-06-14 00:57:18,overlay,8.69,evidence/CAM-13_3380_1788366389681.jpg
2688,NOT_READABLE,,,motorcycle,orange,northbound,CAM-13,CN-VIDHYALAYA,23.0284,72.5541,APPROXIMATE,2026-06-14 00:57:18,overlay,9.57,evidence/CAM-13_3389_1788366389700.jpg
2690,NOT_READABLE,,,bicycle,orange,westbound,CAM-13,CN-VIDHYALAYA,23.0284,72.5541,APPROXIMATE,2026-06-14 00:57:18,overlay,1.36,evidence/CAM-13_3403_1788366389774.jpg
2691,NOT_READABLE,,,bicycle,white,eastbound,CAM-13,CN-VIDHYALAYA,23.0284,72.5541,APPROXIMATE,2026-06-14 00:57:18,overlay,0.62,evidence/CAM-13_3406_1788366389804.jpg
2692,NOT_READABLE,,,bus,grey,eastbound,CAM-13,CN-VIDHYALAYA,23.0284,72.5541,APPROXIMATE,2026-06-14 00:57:18,overlay,2.54,evidence/CAM-13_3409_1788366389817.jpg
2693,NOT_READABLE,,,motorcycle,grey,eastbound,CAM-13,CN-VIDHYALAYA,23.0284,72.5541,APPROXIMATE,2026-06-14 00:57:18,overlay,0.77,evidence/CAM-13_3412_1788366389831.jpg
2694,NOT_READABLE,,,motorcycle,grey,eastbound,CAM-13,CN-VIDHYALAYA,23.0284,72.5541,APPROXIMATE,2026-06-14 00:57:18,overlay,1.47,evidence/CAM-13_3428_1788366389899.jpg
2695,NOT_READABLE,,,car,black,northbound,CAM-13,CN-VIDHYALAYA,23.0284,72.5541,APPROXIMATE,2026-06-14 00:57:18,overlay,8.39,evidence/CAM-13_3432_1788366389945.jpg
2696,NOT_READABLE,,,truck,black,eastbound,CAM-13,CN-VIDHYALAYA,23.0284,72.5541,APPROXIMATE,2026-06-14 00:57:18,overlay,9.20,evidence/CAM-13_3435_1788366389987.jpg
2697,NOT_READABLE,,,bus,grey,eastbound,CAM-13,CN-VIDHYALAYA,23.0284,72.5541,APPROXIMATE,2026-06-14 00:57:18,overlay,0.80,evidence/CAM-13_3471_1788366390006.jpg
2698,NOT_READABLE,,,motorcycle,grey,westbound,CAM-13,CN-VIDHYALAYA,23.0284,72.5541,APPROXIMATE,2026-06-14 00:57:18,overlay,16.36,evidence/CAM-13_3496_1788366390029.jpg
2699,NOT_READABLE,,,bicycle,,stationary,CAM-13,CN-VIDHYALAYA,23.0284,72.5541,APPROXIMATE,2026-06-14 00:57:18,overlay,7.19,evidence/CAM-13_3537_1788366390049.jpg
2700,NOT_READABLE,,,car,,northbound,CAM-13,CN-VIDHYALAYA,23.0284,72.5541,APPROXIMATE,2026-06-14 00:57:18,overlay,9.74,evidence/CAM-13_3548_1788366390074.jpg
2701,NOT_READABLE,,,car,grey,eastbound,CAM-13,CN-VIDHYALAYA,23.0284,72.5541,APPROXIMATE,2026-06-14 00:57:18,overlay,0.57,evidence/CAM-13_3552_1788366390095.jpg
2702,NOT_READABLE,,,bicycle,grey,westbound,CAM-13,CN-VIDHYALAYA,23.0284,72.5541,APPROXIMATE,2026-06-14 00:57:18,overlay,0.45,evidence/CAM-13_3553_1788366390120.jpg
2703,NOT_READABLE,,,truck,white,westbound,CAM-13,CN-VIDHYALAYA,23.0284,72.5541,APPROXIMATE,2026-06-14 00:57:18,overlay,1.98,evidence/CAM-13_3555_1788366390137.jpg
2704,NOT_READABLE,,,car,grey,southbound,CAM-13,CN-VIDHYALAYA,23.0284,72.5541,APPROXIMATE,2026-06-14 00:57:18,overlay,1.48,evidence/CAM-13_3558_1788366390161.jpg
2705,NOT_READABLE,,,car,grey,southbound,CAM-13,CN-VIDHYALAYA,23.0284,72.5541,APPROXIMATE,2026-06-14 00:57:18,overlay,0.48,evidence/CAM-13_3562_1788366390184.jpg
2706,NOT_READABLE,,,motorcycle,grey,stationary,CAM-13,CN-VIDHYALAYA,23.0284,72.5541,APPROXIMATE,2026-06-14 00:57:19,overlay,1.00,evidence/CAM-13_3566_1788366390581.jpg
2707,NOT_READABLE,,,bicycle,grey,northbound,CAM-13,CN-VIDHYALAYA,23.0284,72.5541,APPROXIMATE,2026-06-14 00:57:19,overlay,0.77,evidence/CAM-13_3732_1788366390763.jpg
2708,NOT_READABLE,,,car,grey,westbound,CAM-13,CN-VIDHYALAYA,23.0284,72.5541,APPROXIMATE,2026-06-14 00:57:19,overlay,0.69,evidence/CAM-13_3736_1788366390778.jpg
2709,NOT_READABLE,,,bicycle,grey,westbound,CAM-13,CN-VIDHYALAYA,23.0284,72.5541,APPROXIMATE,2026-06-14 00:57:19,overlay,0.48,evidence/CAM-13_3771_1788366390794.jpg
2607,NOT_READABLE,,,motorcycle,cyan,northbound,CAM-04,,23.0146,72.5679,APPROXIMATE,2026-06-14 00:57:21,overlay,0.89,evidence/CAM-04_1267_1788366379579.jpg
2608,NOT_READABLE,,,motorcycle,blue,northbound,CAM-04,,23.0146,72.5679,APPROXIMATE,2026-06-14 00:57:21,overlay,0.96,evidence/CAM-04_1306_1788366379637.jpg
2609,NOT_READABLE,,,bus,green,stationary,CAM-04,,23.0146,72.5679,APPROXIMATE,2026-06-14 00:57:21,overlay,0.92,evidence/CAM-04_1365_1788366379654.jpg
2610,NOT_READABLE,,,bus,grey,eastbound,CAM-04,,23.0146,72.5679,APPROXIMATE,2026-06-14 00:57:21,overlay,0.96,evidence/CAM-04_1382_1788366379753.jpg
2611,NOT_READABLE,,,bus,red,eastbound,CAM-04,,23.0146,72.5679,APPROXIMATE,2026-06-14 00:57:21,overlay,0.96,evidence/CAM-04_1422_1788366379771.jpg
2347,NOT_READABLE,,,car,red,stationary,CAM-01,Chiman bhai Bridge,23.0064,72.5698,APPROXIMATE,2026-06-14 00:57:21,overlay,0.77,evidence/CAM-01_3843_1788366345898.jpg
2633,NOT_READABLE,,,motorcycle,cyan,northbound,CAM-04,,23.0146,72.5679,APPROXIMATE,2026-06-14 00:57:22,overlay,0.47,evidence/CAM-04_1247_1788366383932.jpg
2634,NOT_READABLE,,,car,blue,eastbound,CAM-04,,23.0146,72.5679,APPROXIMATE,2026-06-14 00:57:22,overlay,0.98,evidence/CAM-04_1286_1788366384100.jpg
2635,NOT_READABLE,,,motorcycle,green,westbound,CAM-04,,23.0146,72.5679,APPROXIMATE,2026-06-14 00:57:22,overlay,0.96,evidence/CAM-04_1290_1788366384123.jpg
2636,NOT_READABLE,,,bus,cyan,westbound,CAM-04,,23.0146,72.5679,APPROXIMATE,2026-06-14 00:57:22,overlay,0.54,evidence/CAM-04_1292_1788366384147.jpg
2637,NOT_READABLE,,,truck,white,eastbound,CAM-04,,23.0146,72.5679,APPROXIMATE,2026-06-14 00:57:22,overlay,0.98,evidence/CAM-04_1328_1788366384316.jpg
2638,NOT_READABLE,,,car,grey,westbound,CAM-04,,23.0146,72.5679,APPROXIMATE,2026-06-14 00:57:22,overlay,0.93,evidence/CAM-04_1348_1788366384376.jpg
2639,NOT_READABLE,,,motorcycle,blue,northbound,CAM-04,,23.0146,72.5679,APPROXIMATE,2026-06-14 00:57:22,overlay,0.70,evidence/CAM-04_1349_1788366384421.jpg
2640,NOT_READABLE,,,truck,blue,eastbound,CAM-04,,23.0146,72.5679,APPROXIMATE,2026-06-14 00:57:22,overlay,0.98,evidence/CAM-04_1351_1788366384454.jpg
2641,NOT_READABLE,,,bus,blue,southbound,CAM-04,,23.0146,72.5679,APPROXIMATE,2026-06-14 00:57:22,overlay,0.95,evidence/CAM-04_1356_1788366384473.jpg
2642,NOT_READABLE,,,truck,white,eastbound,CAM-04,,23.0146,72.5679,APPROXIMATE,2026-06-14 00:57:22,overlay,0.71,evidence/CAM-04_1360_1788366384504.jpg
2643,NOT_READABLE,,,motorcycle,cyan,eastbound,CAM-04,,23.0146,72.5679,APPROXIMATE,2026-06-14 00:57:22,overlay,0.81,evidence/CAM-04_1371_1788366384527.jpg
2644,NOT_READABLE,,,bus,green,northbound,CAM-04,,23.0146,72.5679,APPROXIMATE,2026-06-14 00:57:22,overlay,0.46,evidence/CAM-04_1372_1788366384550.jpg
2645,NOT_READABLE,,,car,cyan,southbound,CAM-04,,23.0146,72.5679,APPROXIMATE,2026-06-14 00:57:22,overlay,0.96,evidence/CAM-04_1375_1788366384577.jpg
2646,NOT_READABLE,,,car,blue,westbound,CAM-04,,23.0146,72.5679,APPROXIMATE,2026-06-14 00:57:22,overlay,0.98,evidence/CAM-04_1389_1788366384599.jpg
2647,NOT_READABLE,,,bicycle,white,southbound,CAM-04,,23.0146,72.5679,APPROXIMATE,2026-06-14 00:57:22,overlay,1.00,evidence/CAM-04_1390_1788366384668.jpg
2648,NOT_READABLE,,,bus,blue,westbound,CAM-04,,23.0146,72.5679,APPROXIMATE,2026-06-14 00:57:22,overlay,1.00,evidence/CAM-04_1391_1788366384692.jpg
2649,NOT_READABLE,,,bus,blue,southbound,CAM-04,,23.0146,72.5679,APPROXIMATE,2026-06-14 00:57:22,overlay,0.87,evidence/CAM-04_1392_1788366384793.jpg
2650,NOT_READABLE,,,car,blue,northbound,CAM-04,,23.0146,72.5679,APPROXIMATE,2026-06-14 00:57:22,overlay,0.99,evidence/CAM-04_1399_1788366384819.jpg
2651,NOT_READABLE,,,motorcycle,white,northbound,CAM-04,,23.0146,72.5679,APPROXIMATE,2026-06-14 00:57:22,overlay,0.63,evidence/CAM-04_1408_1788366384907.jpg
2652,NOT_READABLE,,,motorcycle,green,westbound,CAM-04,,23.0146,72.5679,APPROXIMATE,2026-06-14 00:57:22,overlay,0.59,evidence/CAM-04_1409_1788366384931.jpg
2653,NOT_READABLE,,,motorcycle,blue,eastbound,CAM-04,,23.0146,72.5679,APPROXIMATE,2026-06-14 00:57:22,overlay,0.70,evidence/CAM-04_1412_1788366384957.jpg
2654,NOT_READABLE,,,bus,blue,southbound,CAM-04,,23.0146,72.5679,APPROXIMATE,2026-06-14 00:57:22,overlay,0.72,evidence/CAM-04_1413_1788366384984.jpg
2655,NOT_READABLE,,,car,blue,westbound,CAM-04,,23.0146,72.5679,APPROXIMATE,2026-06-14 00:57:22,overlay,0.61,evidence/CAM-04_1419_1788366385010.jpg
2656,NOT_READABLE,,,motorcycle,blue,eastbound,CAM-04,,23.0146,72.5679,APPROXIMATE,2026-06-14 00:57:22,overlay,0.48,evidence/CAM-04_1429_1788366385039.jpg
2658,NOT_READABLE,,,motorcycle,blue,southbound,CAM-04,,23.0146,72.5679,APPROXIMATE,2026-06-14 00:57:22,overlay,0.81,evidence/CAM-04_1437_1788366385173.jpg
2660,NOT_READABLE,,,bicycle,cyan,stationary,CAM-04,,23.0146,72.5679,APPROXIMATE,2026-06-14 00:57:22,overlay,0.87,evidence/CAM-04_1440_1788366385205.jpg
2662,NOT_READABLE,,,car,blue,southbound,CAM-04,,23.0146,72.5679,APPROXIMATE,2026-06-14 00:57:22,overlay,0.95,evidence/CAM-04_1441_1788366385228.jpg
2664,NOT_READABLE,,,bicycle,grey,southbound,CAM-04,,23.0146,72.5679,APPROXIMATE,2026-06-14 00:57:22,overlay,0.38,evidence/CAM-04_1450_1788366385249.jpg
2666,NOT_READABLE,,,bus,orange,stationary,CAM-04,,23.0146,72.5679,APPROXIMATE,2026-06-14 00:57:22,overlay,1.00,evidence/CAM-04_1459_1788366385274.jpg
2667,NOT_READABLE,,,bus,white,northbound,CAM-04,,23.0146,72.5679,APPROXIMATE,2026-06-14 00:57:22,overlay,0.47,evidence/CAM-04_1461_1788366385314.jpg
2668,NOT_READABLE,,,truck,cyan,northbound,CAM-04,,23.0146,72.5679,APPROXIMATE,2026-06-14 00:57:22,overlay,1.00,evidence/CAM-04_1464_1788366385355.jpg
2670,NOT_READABLE,,,car,cyan,stationary,CAM-04,,23.0146,72.5679,APPROXIMATE,2026-06-14 00:57:22,overlay,1.00,evidence/CAM-04_1465_1788366385451.jpg
2671,NOT_READABLE,,,truck,blue,stationary,CAM-04,,23.0146,72.5679,APPROXIMATE,2026-06-14 00:57:22,overlay,0.44,evidence/CAM-04_1477_1788366385508.jpg
2455,NOT_READABLE,,,car,orange,stationary,CAM-01,Chiman bhai Bridge,23.0064,72.5698,APPROXIMATE,2026-06-14 00:57:22,overlay,0.38,evidence/CAM-01_3845_1788366352664.jpg
2463,NOT_READABLE,,,car,blue,stationary,CAM-01,Chiman bhai Bridge,23.0064,72.5698,APPROXIMATE,2026-06-14 00:57:22,overlay,0.35,evidence/CAM-01_3847_1788366352867.jpg
2674,NOT_READABLE,,,bus,blue,northbound,CAM-04,,23.0146,72.5679,APPROXIMATE,2026-06-14 00:57:28,overlay,0.72,evidence/CAM-04_1431_1788366388397.jpg
2710,NOT_READABLE,,,car,cyan,northbound,CAM-04,,23.0146,72.5679,APPROXIMATE,2026-06-14 00:57:28,overlay,0.73,evidence/CAM-04_1308_1788366395726.jpg
2711,NOT_READABLE,,,bus,blue,eastbound,CAM-04,,23.0146,72.5679,APPROXIMATE,2026-06-14 00:57:28,overlay,1.65,evidence/CAM-04_1316_1788366395969.jpg
2712,NOT_READABLE,,,car,white,southbound,CAM-04,,23.0146,72.5679,APPROXIMATE,2026-06-14 00:57:28,overlay,0.88,evidence/CAM-04_1335_1788366395997.jpg
2713,NOT_READABLE,,,motorcycle,yellow,southbound,CAM-04,,23.0146,72.5679,APPROXIMATE,2026-06-14 00:57:28,overlay,0.78,evidence/CAM-04_1338_1788366396031.jpg
2714,NOT_READABLE,,,car,blue,westbound,CAM-04,,23.0146,72.5679,APPROXIMATE,2026-06-14 00:57:28,overlay,0.84,evidence/CAM-04_1344_1788366396093.jpg
2715,NOT_READABLE,,,motorcycle,cyan,westbound,CAM-04,,23.0146,72.5679,APPROXIMATE,2026-06-14 00:57:28,overlay,0.81,evidence/CAM-04_1357_1788366396304.jpg
2716,NOT_READABLE,,,car,green,southbound,CAM-04,,23.0146,72.5679,APPROXIMATE,2026-06-14 00:57:28,overlay,0.65,evidence/CAM-04_1385_1788366396372.jpg
2717,NOT_READABLE,,,bicycle,grey,eastbound,CAM-04,,23.0146,72.5679,APPROXIMATE,2026-06-14 00:57:28,overlay,1.00,evidence/CAM-04_1388_1788366396537.jpg
2718,NOT_READABLE,,,motorcycle,red,southbound,CAM-04,,23.0146,72.5679,APPROXIMATE,2026-06-14 00:57:28,overlay,0.84,evidence/CAM-04_1432_1788366396685.jpg
2719,NOT_READABLE,,,car,green,westbound,CAM-04,,23.0146,72.5679,APPROXIMATE,2026-06-14 00:57:28,overlay,0.76,evidence/CAM-04_1487_1788366396742.jpg
2720,NOT_READABLE,,,motorcycle,green,westbound,CAM-04,,23.0146,72.5679,APPROXIMATE,2026-06-14 00:57:28,overlay,0.52,evidence/CAM-04_1490_1788366396770.jpg
2721,NOT_READABLE,,,bicycle,green,eastbound,CAM-04,,23.0146,72.5679,APPROXIMATE,2026-06-14 00:57:28,overlay,0.82,evidence/CAM-04_1491_1788366397062.jpg
2722,NOT_READABLE,,,car,white,southbound,CAM-04,,23.0146,72.5679,APPROXIMATE,2026-06-14 00:57:28,overlay,0.73,evidence/CAM-04_1498_1788366397234.jpg
2723,NOT_READABLE,,,truck,white,stationary,CAM-04,,23.0146,72.5679,APPROXIMATE,2026-06-14 00:57:28,overlay,0.63,evidence/CAM-04_1500_1788366397369.jpg
2724,NOT_READABLE,,,truck,cyan,stationary,CAM-04,,23.0146,72.5679,APPROXIMATE,2026-06-14 00:57:28,overlay,0.44,evidence/CAM-04_1504_1788366397412.jpg
2725,NOT_READABLE,,,motorcycle,green,northbound,CAM-04,,23.0146,72.5679,APPROXIMATE,2026-06-14 00:57:28,overlay,0.54,evidence/CAM-04_1507_1788366397561.jpg
2726,NOT_READABLE,,,truck,purple,stationary,CAM-04,,23.0146,72.5679,APPROXIMATE,2026-06-14 00:57:28,overlay,0.40,evidence/CAM-04_1508_1788366397748.jpg
2727,NOT_READABLE,,,truck,yellow,westbound,CAM-04,,23.0146,72.5679,APPROXIMATE,2026-06-14 00:57:28,overlay,0.65,evidence/CAM-04_1510_1788366397841.jpg
2728,NOT_READABLE,,,truck,blue,westbound,CAM-04,,23.0146,72.5679,APPROXIMATE,2026-06-14 00:57:28,overlay,0.59,evidence/CAM-04_1511_1788366398019.jpg
2729,NOT_READABLE,,,bicycle,cyan,westbound,CAM-04,,23.0146,72.5679,APPROXIMATE,2026-06-14 00:57:28,overlay,0.70,evidence/CAM-04_1512_1788366398060.jpg
2730,NOT_READABLE,,,bicycle,blue,southbound,CAM-04,,23.0146,72.5679,APPROXIMATE,2026-06-14 00:57:28,overlay,0.44,evidence/CAM-04_1513_1788366398142.jpg
2731,NOT_READABLE,,,truck,red,eastbound,CAM-04,,23.0146,72.5679,APPROXIMATE,2026-06-14 00:57:28,overlay,0.40,evidence/CAM-04_1514_1788366398326.jpg
2732,NOT_READABLE,,,bicycle,green,eastbound,CAM-04,,23.0146,72.5679,APPROXIMATE,2026-06-14 00:57:28,overlay,0.59,evidence/CAM-04_1517_1788366398550.jpg
2733,NOT_READABLE,,,motorcycle,blue,eastbound,CAM-04,,23.0146,72.5679,APPROXIMATE,2026-06-14 00:57:28,overlay,0.45,evidence/CAM-04_1518_1788366398723.jpg
2734,NOT_READABLE,,,bicycle,blue,stationary,CAM-04,,23.0146,72.5679,APPROXIMATE,2026-06-14 00:57:28,overlay,0.38,evidence/CAM-04_1522_1788366398993.jpg
2735,NOT_READABLE,,,bicycle,yellow,northbound,CAM-04,,23.0146,72.5679,APPROXIMATE,2026-06-14 00:57:28,overlay,0.56,evidence/CAM-04_1530_1788366399089.jpg
2736,NOT_READABLE,,,truck,white,northbound,CAM-04,,23.0146,72.5679,APPROXIMATE,2026-06-14 00:57:28,overlay,0.87,evidence/CAM-04_1544_1788366399420.jpg
2738,NOT_READABLE,,,motorcycle,white,stationary,CAM-04,,23.0146,72.5679,APPROXIMATE,2026-06-14 00:57:28,overlay,0.34,evidence/CAM-04_1547_1788366399515.jpg
2740,NOT_READABLE,,,motorcycle,grey,southbound,CAM-04,,23.0146,72.5679,APPROXIMATE,2026-06-14 00:57:28,overlay,0.46,evidence/CAM-04_1551_1788366399590.jpg
2741,NOT_READABLE,,,car,blue,stationary,CAM-04,,23.0146,72.5679,APPROXIMATE,2026-06-14 00:57:28,overlay,0.51,evidence/CAM-04_1554_1788366399719.jpg
2742,NOT_READABLE,,,truck,blue,stationary,CAM-04,,23.0146,72.5679,APPROXIMATE,2026-06-14 00:57:28,overlay,0.41,evidence/CAM-04_1559_1788366399879.jpg
2744,NOT_READABLE,,,bicycle,purple,northbound,CAM-04,,23.0146,72.5679,APPROXIMATE,2026-06-14 00:57:28,overlay,0.62,evidence/CAM-04_1573_1788366399933.jpg
2746,NOT_READABLE,,,car,blue,stationary,CAM-04,,23.0146,72.5679,APPROXIMATE,2026-06-14 00:57:28,overlay,0.40,evidence/CAM-04_1602_1788366400001.jpg
2828,NOT_READABLE,,,motorcycle,blue,northbound,CAM-04,,23.0146,72.5679,APPROXIMATE,2026-06-14 00:57:32,overlay,235.65,evidence/CAM-04_1261_1788366406473.jpg
2829,NOT_READABLE,,,bicycle,blue,stationary,CAM-04,,23.0146,72.5679,APPROXIMATE,2026-06-14 00:57:32,overlay,6147.52,evidence/CAM-04_1262_1788366406522.jpg
2830,NOT_READABLE,,,car,blue,stationary,CAM-04,,23.0146,72.5679,APPROXIMATE,2026-06-14 00:57:32,overlay,1770.04,evidence/CAM-04_1263_1788366406718.jpg
2831,NOT_READABLE,,,motorcycle,cyan,southbound,CAM-04,,23.0146,72.5679,APPROXIMATE,2026-06-14 00:57:32,overlay,3.05,evidence/CAM-04_1268_1788366406833.jpg
2833,NOT_READABLE,,,car,blue,eastbound,CAM-04,,23.0146,72.5679,APPROXIMATE,2026-06-14 00:57:32,overlay,2.34,evidence/CAM-04_1272_1788366406873.jpg
2834,NOT_READABLE,,,motorcycle,white,northbound,CAM-04,,23.0146,72.5679,APPROXIMATE,2026-06-14 00:57:32,overlay,2.50,evidence/CAM-04_1282_1788366407013.jpg
2835,NOT_READABLE,,,motorcycle,green,westbound,CAM-04,,23.0146,72.5679,APPROXIMATE,2026-06-14 00:57:32,overlay,0.96,evidence/CAM-04_1302_1788366407066.jpg
2836,NOT_READABLE,,,bicycle,cyan,northbound,CAM-04,,23.0146,72.5679,APPROXIMATE,2026-06-14 00:57:32,overlay,0.87,evidence/CAM-04_1312_1788366407100.jpg
2838,NOT_READABLE,,,truck,blue,westbound,CAM-04,,23.0146,72.5679,APPROXIMATE,2026-06-14 00:57:32,overlay,0.99,evidence/CAM-04_1318_1788366407276.jpg
2840,NOT_READABLE,,,bus,cyan,westbound,CAM-04,,23.0146,72.5679,APPROXIMATE,2026-06-14 00:57:32,overlay,0.96,evidence/CAM-04_1319_1788366407368.jpg
2841,NOT_READABLE,,,motorcycle,blue,eastbound,CAM-04,,23.0146,72.5679,APPROXIMATE,2026-06-14 00:57:32,overlay,0.96,evidence/CAM-04_1327_1788366407428.jpg
2842,NOT_READABLE,,,bus,cyan,eastbound,CAM-04,,23.0146,72.5679,APPROXIMATE,2026-06-14 00:57:32,overlay,1121.02,evidence/CAM-04_1329_1788366407469.jpg
2843,NOT_READABLE,,,car,green,southbound,CAM-04,,23.0146,72.5679,APPROXIMATE,2026-06-14 00:57:32,overlay,0.82,evidence/CAM-04_1340_1788366407578.jpg
2844,NOT_READABLE,,,car,yellow,westbound,CAM-04,,23.0146,72.5679,APPROXIMATE,2026-06-14 00:57:32,overlay,0.97,evidence/CAM-04_1342_1788366407634.jpg
2845,NOT_READABLE,,,bicycle,blue,westbound,CAM-04,,23.0146,72.5679,APPROXIMATE,2026-06-14 00:57:32,overlay,0.72,evidence/CAM-04_1361_1788366407678.jpg
2846,NOT_READABLE,,,motorcycle,blue,westbound,CAM-04,,23.0146,72.5679,APPROXIMATE,2026-06-14 00:57:32,overlay,0.75,evidence/CAM-04_1367_1788366407714.jpg
2847,NOT_READABLE,,,car,green,eastbound,CAM-04,,23.0146,72.5679,APPROXIMATE,2026-06-14 00:57:32,overlay,0.96,evidence/CAM-04_1377_1788366407848.jpg
2848,NOT_READABLE,,,truck,cyan,eastbound,CAM-04,,23.0146,72.5679,APPROXIMATE,2026-06-14 00:57:32,overlay,0.77,evidence/CAM-04_1378_1788366407885.jpg
2849,NOT_READABLE,,,motorcycle,blue,northbound,CAM-04,,23.0146,72.5679,APPROXIMATE,2026-06-14 00:57:32,overlay,0.94,evidence/CAM-04_1383_1788366407919.jpg
2850,NOT_READABLE,,,motorcycle,blue,eastbound,CAM-04,,23.0146,72.5679,APPROXIMATE,2026-06-14 00:57:32,overlay,0.75,evidence/CAM-04_1406_1788366407976.jpg
2853,NOT_READABLE,,,bus,blue,northbound,CAM-04,,23.0146,72.5679,APPROXIMATE,2026-06-14 00:57:32,overlay,0.81,evidence/CAM-04_1407_1788366408023.jpg
2857,NOT_READABLE,,,motorcycle,blue,westbound,CAM-04,,23.0146,72.5679,APPROXIMATE,2026-06-14 00:57:32,overlay,0.87,evidence/CAM-04_1420_1788366408052.jpg
2861,NOT_READABLE,,,car,green,eastbound,CAM-04,,23.0146,72.5679,APPROXIMATE,2026-06-14 00:57:32,overlay,0.63,evidence/CAM-04_1449_1788366408087.jpg
2862,NOT_READABLE,,,motorcycle,blue,eastbound,CAM-04,,23.0146,72.5679,APPROXIMATE,2026-06-14 00:57:32,overlay,0.85,evidence/CAM-04_1483_1788366408132.jpg
2865,NOT_READABLE,,,bicycle,green,eastbound,CAM-04,,23.0146,72.5679,APPROXIMATE,2026-06-14 00:57:32,overlay,0.69,evidence/CAM-04_1494_1788366408162.jpg
2867,NOT_READABLE,,,bicycle,purple,westbound,CAM-04,,23.0146,72.5679,APPROXIMATE,2026-06-14 00:57:32,overlay,0.88,evidence/CAM-04_1495_1788366408199.jpg
2869,NOT_READABLE,,,car,blue,eastbound,CAM-04,,23.0146,72.5679,APPROXIMATE,2026-06-14 00:57:32,overlay,0.44,evidence/CAM-04_1503_1788366408231.jpg
2871,NOT_READABLE,,,bus,white,southbound,CAM-04,,23.0146,72.5679,APPROXIMATE,2026-06-14 00:57:32,overlay,0.91,evidence/CAM-04_1506_1788366408263.jpg
2874,NOT_READABLE,,,truck,green,southbound,CAM-04,,23.0146,72.5679,APPROXIMATE,2026-06-14 00:57:32,overlay,0.48,evidence/CAM-04_1521_1788366408294.jpg
2876,NOT_READABLE,,,motorcycle,white,eastbound,CAM-04,,23.0146,72.5679,APPROXIMATE,2026-06-14 00:57:32,overlay,0.48,evidence/CAM-04_1525_1788366408347.jpg
2879,NOT_READABLE,,,truck,white,eastbound,CAM-04,,23.0146,72.5679,APPROXIMATE,2026-06-14 00:57:32,overlay,0.61,evidence/CAM-04_1540_1788366408397.jpg
2882,NOT_READABLE,,,car,blue,westbound,CAM-04,,23.0146,72.5679,APPROXIMATE,2026-06-14 00:57:32,overlay,0.47,evidence/CAM-04_1549_1788366408447.jpg
2884,NOT_READABLE,,,car,red,westbound,CAM-04,,23.0146,72.5679,APPROXIMATE,2026-06-14 00:57:32,overlay,0.60,evidence/CAM-04_1558_1788366408501.jpg
2886,NOT_READABLE,,,truck,green,southbound,CAM-04,,23.0146,72.5679,APPROXIMATE,2026-06-14 00:57:32,overlay,0.49,evidence/CAM-04_1577_1788366408533.jpg
2888,NOT_READABLE,,,bicycle,,eastbound,CAM-04,,23.0146,72.5679,APPROXIMATE,2026-06-14 00:57:32,overlay,5.05,evidence/CAM-04_1590_1788366408560.jpg
2891,NOT_READABLE,,,truck,,stationary,CAM-04,,23.0146,72.5679,APPROXIMATE,2026-06-14 00:57:32,overlay,3.76,evidence/CAM-04_1608_1788366408697.jpg
2893,NOT_READABLE,,,bus,blue,northbound,CAM-04,,23.0146,72.5679,APPROXIMATE,2026-06-14 00:57:32,overlay,0.49,evidence/CAM-04_1622_1788366408748.jpg
2896,NOT_READABLE,,,motorcycle,blue,westbound,CAM-04,,23.0146,72.5679,APPROXIMATE,2026-06-14 00:57:32,overlay,0.56,evidence/CAM-04_1623_1788366408782.jpg
2899,NOT_READABLE,,,car,blue,westbound,CAM-04,,23.0146,72.5679,APPROXIMATE,2026-06-14 00:57:32,overlay,0.72,evidence/CAM-04_1628_1788366408827.jpg
2900,NOT_READABLE,,,motorcycle,blue,eastbound,CAM-04,,23.0146,72.5679,APPROXIMATE,2026-06-14 00:57:32,overlay,0.66,evidence/CAM-04_1629_1788366408863.jpg
2902,NOT_READABLE,,,bus,purple,southbound,CAM-04,,23.0146,72.5679,APPROXIMATE,2026-06-14 00:57:32,overlay,0.90,evidence/CAM-04_1631_1788366408980.jpg
2904,NOT_READABLE,,,bicycle,blue,westbound,CAM-04,,23.0146,72.5679,APPROXIMATE,2026-06-14 00:57:32,overlay,0.64,evidence/CAM-04_1633_1788366409065.jpg
2906,NOT_READABLE,,,bicycle,blue,westbound,CAM-04,,23.0146,72.5679,APPROXIMATE,2026-06-14 00:57:32,overlay,0.51,evidence/CAM-04_1636_1788366409144.jpg
2907,NOT_READABLE,,,bus,red,eastbound,CAM-04,,23.0146,72.5679,APPROXIMATE,2026-06-14 00:57:32,overlay,0.74,evidence/CAM-04_1639_1788366409171.jpg
2909,NOT_READABLE,,,truck,blue,northbound,CAM-04,,23.0146,72.5679,APPROXIMATE,2026-06-14 00:57:32,overlay,0.59,evidence/CAM-04_1641_1788366409237.jpg
2911,NOT_READABLE,,,car,green,eastbound,CAM-04,,23.0146,72.5679,APPROXIMATE,2026-06-14 00:57:32,overlay,0.81,evidence/CAM-04_1645_1788366409386.jpg
2913,NOT_READABLE,,,motorcycle,white,southbound,CAM-04,,23.0146,72.5679,APPROXIMATE,2026-06-14 00:57:32,overlay,0.42,evidence/CAM-04_1648_1788366409405.jpg
2915,NOT_READABLE,,,truck,blue,eastbound,CAM-04,,23.0146,72.5679,APPROXIMATE,2026-06-14 00:57:32,overlay,0.55,evidence/CAM-04_1650_1788366409613.jpg
2917,NOT_READABLE,,,motorcycle,white,eastbound,CAM-04,,23.0146,72.5679,APPROXIMATE,2026-06-14 00:57:32,overlay,0.53,evidence/CAM-04_1652_1788366409715.jpg
2919,NOT_READABLE,,,truck,blue,northbound,CAM-04,,23.0146,72.5679,APPROXIMATE,2026-06-14 00:57:32,overlay,0.56,evidence/CAM-04_1653_1788366409791.jpg
2921,NOT_READABLE,,,motorcycle,blue,stationary,CAM-04,,23.0146,72.5679,APPROXIMATE,2026-06-14 00:57:32,overlay,0.49,evidence/CAM-04_1656_1788366409843.jpg
2923,NOT_READABLE,,,truck,blue,westbound,CAM-04,,23.0146,72.5679,APPROXIMATE,2026-06-14 00:57:32,overlay,0.80,evidence/CAM-04_1657_1788366409907.jpg
2926,NOT_READABLE,,,bus,blue,eastbound,CAM-04,,23.0146,72.5679,APPROXIMATE,2026-06-14 00:57:32,overlay,0.84,evidence/CAM-04_1667_1788366409978.jpg
2929,NOT_READABLE,,,bus,grey,westbound,CAM-04,,23.0146,72.5679,APPROXIMATE,2026-06-14 00:57:32,overlay,0.81,evidence/CAM-04_1671_1788366410044.jpg
2930,NOT_READABLE,,,motorcycle,blue,eastbound,CAM-04,,23.0146,72.5679,APPROXIMATE,2026-06-14 00:57:32,overlay,0.88,evidence/CAM-04_1674_1788366410103.jpg
2932,NOT_READABLE,,,bicycle,blue,southbound,CAM-04,,23.0146,72.5679,APPROXIMATE,2026-06-14 00:57:32,overlay,0.48,evidence/CAM-04_1679_1788366410129.jpg
2934,NOT_READABLE,,,truck,blue,stationary,CAM-04,,23.0146,72.5679,APPROXIMATE,2026-06-14 00:57:32,overlay,0.48,evidence/CAM-04_1684_1788366410164.jpg
2937,NOT_READABLE,,,bus,white,northbound,CAM-04,,23.0146,72.5679,APPROXIMATE,2026-06-14 00:57:32,overlay,0.45,evidence/CAM-04_1687_1788366410193.jpg
2939,NOT_READABLE,,,bicycle,white,stationary,CAM-04,,23.0146,72.5679,APPROXIMATE,2026-06-14 00:57:32,overlay,0.41,evidence/CAM-04_1688_1788366410233.jpg
2941,NOT_READABLE,,,truck,cyan,eastbound,CAM-04,,23.0146,72.5679,APPROXIMATE,2026-06-14 00:57:32,overlay,0.43,evidence/CAM-04_1689_1788366410289.jpg
2943,NOT_READABLE,,,motorcycle,red,southbound,CAM-04,,23.0146,72.5679,APPROXIMATE,2026-06-14 00:57:32,overlay,0.46,evidence/CAM-04_1702_1788366410310.jpg
2945,NOT_READABLE,,,bicycle,blue,stationary,CAM-04,,23.0146,72.5679,APPROXIMATE,2026-06-14 00:57:32,overlay,0.37,evidence/CAM-04_1727_1788366410356.jpg
2947,NOT_READABLE,,,truck,,stationary,CAM-04,,23.0146,72.5679,APPROXIMATE,2026-06-14 00:57:32,overlay,1.99,evidence/CAM-04_1742_1788366410419.jpg
2948,NOT_READABLE,,,bicycle,,northbound,CAM-04,,23.0146,72.5679,APPROXIMATE,2026-06-14 00:57:32,overlay,4.68,evidence/CAM-04_1744_1788366410447.jpg
2950,NOT_READABLE,,,motorcycle,,northbound,CAM-04,,23.0146,72.5679,APPROXIMATE,2026-06-14 00:57:32,overlay,5.67,evidence/CAM-04_1745_1788366410478.jpg
2952,NOT_READABLE,,,car,,westbound,CAM-04,,23.0146,72.5679,APPROXIMATE,2026-06-14 00:57:32,overlay,4.04,evidence/CAM-04_1747_1788366410505.jpg
2954,NOT_READABLE,,,bus,,eastbound,CAM-04,,23.0146,72.5679,APPROXIMATE,2026-06-14 00:57:32,overlay,5.12,evidence/CAM-04_1750_1788366410557.jpg
2495,NOT_READABLE,,,truck,yellow,stationary,CAM-01,Chiman bhai Bridge,23.0064,72.5698,APPROXIMATE,2026-06-14 00:57:33,overlay,0.62,evidence/CAM-01_3850_1788366354401.jpg
2518,NOT_READABLE,,,motorcycle,,eastbound,CAM-05,Visat teen Rasta,23.1192572,72.5656704,GEOCODED,2026-06-14 00:57:33,overlay,18.77,evidence/CAM-05_4766_1788366364785.jpg
2519,NOT_READABLE,,,car,,stationary,CAM-05,Visat teen Rasta,23.1192572,72.5656704,GEOCODED,2026-06-14 00:57:33,overlay,12.65,evidence/CAM-05_4769_1788366364928.jpg
2520,NOT_READABLE,,,motorcycle,,stationary,CAM-05,Visat teen Rasta,23.1192572,72.5656704,GEOCODED,2026-06-14 00:57:33,overlay,16.55,evidence/CAM-05_4770_1788366364975.jpg
2522,NOT_READABLE,,,truck,,westbound,CAM-05,Visat teen Rasta,23.1192572,72.5656704,GEOCODED,2026-06-14 00:57:33,overlay,17.77,evidence/CAM-05_4773_1788366365077.jpg
2523,NOT_READABLE,,,bicycle,grey,westbound,CAM-05,Visat teen Rasta,23.1192572,72.5656704,GEOCODED,2026-06-14 00:57:33,overlay,106.84,evidence/CAM-05_4798_1788366365121.jpg
2524,NOT_READABLE,,,truck,grey,eastbound,CAM-05,Visat teen Rasta,23.1192572,72.5656704,GEOCODED,2026-06-14 00:57:33,overlay,146.88,evidence/CAM-05_4814_1788366365149.jpg
2525,NOT_READABLE,,,truck,blue,westbound,CAM-05,Visat teen Rasta,23.1192572,72.5656704,GEOCODED,2026-06-14 00:57:33,overlay,168.35,evidence/CAM-05_4848_1788366365171.jpg
2496,NOT_READABLE,,,car,white,northbound,CAM-01,Chiman bhai Bridge,23.0064,72.5698,APPROXIMATE,2026-06-14 00:57:34,overlay,0.77,evidence/CAM-01_3851_1788366356999.jpg
2497,NOT_READABLE,,,car,white,southbound,CAM-01,Chiman bhai Bridge,23.0064,72.5698,APPROXIMATE,2026-06-14 00:57:34,overlay,0.38,evidence/CAM-01_3852_1788366357021.jpg
2498,NOT_READABLE,,,car,red,northbound,CAM-01,Chiman bhai Bridge,23.0064,72.5698,APPROXIMATE,2026-06-14 00:57:34,overlay,0.70,evidence/CAM-01_3854_1788366357037.jpg
2528,NOT_READABLE,,,truck,grey,westbound,CAM-05,Visat teen Rasta,23.1192572,72.5656704,GEOCODED,2026-06-14 00:57:34,overlay,15.09,evidence/CAM-05_4754_1788366366536.jpg
2529,NOT_READABLE,,,car,grey,eastbound,CAM-05,Visat teen Rasta,23.1192572,72.5656704,GEOCODED,2026-06-14 00:57:34,overlay,16.23,evidence/CAM-05_4755_1788366366560.jpg
2530,NOT_READABLE,,,bicycle,grey,eastbound,CAM-05,Visat teen Rasta,23.1192572,72.5656704,GEOCODED,2026-06-14 00:57:34,overlay,3.06,evidence/CAM-05_4756_1788366366586.jpg
2533,NOT_READABLE,,,car,grey,northbound,CAM-05,Visat teen Rasta,23.1192572,72.5656704,GEOCODED,2026-06-14 00:57:34,overlay,26.39,evidence/CAM-05_4758_1788366366675.jpg
2534,NOT_READABLE,,,truck,,southbound,CAM-05,Visat teen Rasta,23.1192572,72.5656704,GEOCODED,2026-06-14 00:57:34,overlay,37.57,evidence/CAM-05_4778_1788366366747.jpg
2535,NOT_READABLE,,,car,white,westbound,CAM-05,Visat teen Rasta,23.1192572,72.5656704,GEOCODED,2026-06-14 00:57:34,overlay,0.86,evidence/CAM-05_4779_1788366366768.jpg
2536,NOT_READABLE,,,motorcycle,grey,southbound,CAM-05,Visat teen Rasta,23.1192572,72.5656704,GEOCODED,2026-06-14 00:57:34,overlay,6.60,evidence/CAM-05_4780_1788366366788.jpg
2537,NOT_READABLE,,,truck,grey,westbound,CAM-05,Visat teen Rasta,23.1192572,72.5656704,GEOCODED,2026-06-14 00:57:34,overlay,573.87,evidence/CAM-05_4781_1788366366807.jpg
2538,NOT_READABLE,,,motorcycle,white,northbound,CAM-05,Visat teen Rasta,23.1192572,72.5656704,GEOCODED,2026-06-14 00:57:34,overlay,1.44,evidence/CAM-05_4782_1788366366828.jpg
2539,NOT_READABLE,,,bus,white,northbound,CAM-05,Visat teen Rasta,23.1192572,72.5656704,GEOCODED,2026-06-14 00:57:34,overlay,1408.43,evidence/CAM-05_4784_1788366366848.jpg
2540,NOT_READABLE,,,bus,grey,eastbound,CAM-05,Visat teen Rasta,23.1192572,72.5656704,GEOCODED,2026-06-14 00:57:34,overlay,472.47,evidence/CAM-05_4785_1788366366866.jpg
2541,NOT_READABLE,,,bus,grey,eastbound,CAM-05,Visat teen Rasta,23.1192572,72.5656704,GEOCODED,2026-06-14 00:57:34,overlay,2.55,evidence/CAM-05_4786_1788366366887.jpg
2542,NOT_READABLE,,,car,grey,westbound,CAM-05,Visat teen Rasta,23.1192572,72.5656704,GEOCODED,2026-06-14 00:57:34,overlay,693.03,evidence/CAM-05_4787_1788366366908.jpg
2543,NOT_READABLE,,,truck,white,northbound,CAM-05,Visat teen Rasta,23.1192572,72.5656704,GEOCODED,2026-06-14 00:57:34,overlay,822.64,evidence/CAM-05_4788_1788366366926.jpg
2544,NOT_READABLE,,,car,blue,westbound,CAM-05,Visat teen Rasta,23.1192572,72.5656704,GEOCODED,2026-06-14 00:57:34,overlay,3.52,evidence/CAM-05_4793_1788366366957.jpg
2545,NOT_READABLE,,,bicycle,black,southbound,CAM-05,Visat teen Rasta,23.1192572,72.5656704,GEOCODED,2026-06-14 00:57:34,overlay,444.06,evidence/CAM-05_4795_1788366366983.jpg
2546,NOT_READABLE,,,car,grey,southbound,CAM-05,Visat teen Rasta,23.1192572,72.5656704,GEOCODED,2026-06-14 00:57:34,overlay,1003.50,evidence/CAM-05_4796_1788366367003.jpg
2547,NOT_READABLE,,,bus,green,eastbound,CAM-05,Visat teen Rasta,23.1192572,72.5656704,GEOCODED,2026-06-14 00:57:34,overlay,2441.85,evidence/CAM-05_4797_1788366367027.jpg
2548,NOT_READABLE,,,car,grey,eastbound,CAM-05,Visat teen Rasta,23.1192572,72.5656704,GEOCODED,2026-06-14 00:57:34,overlay,1.09,evidence/CAM-05_4799_1788366367054.jpg
2549,NOT_READABLE,,,car,grey,northbound,CAM-05,Visat teen Rasta,23.1192572,72.5656704,GEOCODED,2026-06-14 00:57:34,overlay,346.76,evidence/CAM-05_4801_1788366367078.jpg
2550,NOT_READABLE,,,bus,grey,westbound,CAM-05,Visat teen Rasta,23.1192572,72.5656704,GEOCODED,2026-06-14 00:57:34,overlay,166.28,evidence/CAM-05_4803_1788366367108.jpg
2551,NOT_READABLE,,,bicycle,black,southbound,CAM-05,Visat teen Rasta,23.1192572,72.5656704,GEOCODED,2026-06-14 00:57:34,overlay,428.28,evidence/CAM-05_4804_1788366367172.jpg
2552,NOT_READABLE,,,bus,grey,southbound,CAM-05,Visat teen Rasta,23.1192572,72.5656704,GEOCODED,2026-06-14 00:57:34,overlay,295.83,evidence/CAM-05_4805_1788366367192.jpg
2553,NOT_READABLE,,,bus,green,eastbound,CAM-05,Visat teen Rasta,23.1192572,72.5656704,GEOCODED,2026-06-14 00:57:34,overlay,1.34,evidence/CAM-05_4806_1788366367214.jpg
2554,NOT_READABLE,,,truck,white,stationary,CAM-05,Visat teen Rasta,23.1192572,72.5656704,GEOCODED,2026-06-14 00:57:34,overlay,124.05,evidence/CAM-05_4807_1788366367241.jpg
2555,NOT_READABLE,,,car,black,westbound,CAM-05,Visat teen Rasta,23.1192572,72.5656704,GEOCODED,2026-06-14 00:57:34,overlay,203.91,evidence/CAM-05_4810_1788366367266.jpg
2556,NOT_READABLE,,,bicycle,grey,southbound,CAM-05,Visat teen Rasta,23.1192572,72.5656704,GEOCODED,2026-06-14 00:57:34,overlay,698.60,evidence/CAM-05_4811_1788366367354.jpg
2557,NOT_READABLE,,,truck,grey,eastbound,CAM-05,Visat teen Rasta,23.1192572,72.5656704,GEOCODED,2026-06-14 00:57:34,overlay,533.34,evidence/CAM-05_4813_1788366367401.jpg
2558,NOT_READABLE,,,car,grey,eastbound,CAM-05,Visat teen Rasta,23.1192572,72.5656704,GEOCODED,2026-06-14 00:57:34,overlay,44.29,evidence/CAM-05_4815_1788366367420.jpg
2559,NOT_READABLE,,,car,white,northbound,CAM-05,Visat teen Rasta,23.1192572,72.5656704,GEOCODED,2026-06-14 00:57:34,overlay,1460.75,evidence/CAM-05_4818_1788366367447.jpg
2560,NOT_READABLE,,,motorcycle,orange,southbound,CAM-05,Visat teen Rasta,23.1192572,72.5656704,GEOCODED,2026-06-14 00:57:34,overlay,672.38,evidence/CAM-05_4819_1788366367470.jpg
2561,NOT_READABLE,,,truck,white,northbound,CAM-05,Visat teen Rasta,23.1192572,72.5656704,GEOCODED,2026-06-14 00:57:34,overlay,703.93,evidence/CAM-05_4820_1788366367492.jpg
2562,NOT_READABLE,,,truck,grey,westbound,CAM-05,Visat teen Rasta,23.1192572,72.5656704,GEOCODED,2026-06-14 00:57:34,overlay,857.36,evidence/CAM-05_4821_1788366367515.jpg
2563,NOT_READABLE,,,car,white,westbound,CAM-05,Visat teen Rasta,23.1192572,72.5656704,GEOCODED,2026-06-14 00:57:34,overlay,1235.84,evidence/CAM-05_4824_1788366367622.jpg
2564,NOT_READABLE,,,car,grey,stationary,CAM-05,Visat teen Rasta,23.1192572,72.5656704,GEOCODED,2026-06-14 00:57:34,overlay,906.66,evidence/CAM-05_4830_1788366367643.jpg
2565,NOT_READABLE,,,bicycle,black,westbound,CAM-05,Visat teen Rasta,23.1192572,72.5656704,GEOCODED,2026-06-14 00:57:34,overlay,530.33,evidence/CAM-05_4831_1788366367684.jpg
2566,NOT_READABLE,,,bicycle,grey,northbound,CAM-05,Visat teen Rasta,23.1192572,72.5656704,GEOCODED,2026-06-14 00:57:34,overlay,304.87,evidence/CAM-05_4833_1788366367722.jpg
2567,NOT_READABLE,,,truck,grey,northbound,CAM-05,Visat teen Rasta,23.1192572,72.5656704,GEOCODED,2026-06-14 00:57:34,overlay,961.56,evidence/CAM-05_4838_1788366367782.jpg
2568,NOT_READABLE,,,car,yellow,westbound,CAM-05,Visat teen Rasta,23.1192572,72.5656704,GEOCODED,2026-06-14 00:57:34,overlay,798.80,evidence/CAM-05_4842_1788366367908.jpg
2569,NOT_READABLE,,,car,grey,northbound,CAM-05,Visat teen Rasta,23.1192572,72.5656704,GEOCODED,2026-06-14 00:57:34,overlay,817.30,evidence/CAM-05_4843_1788366367927.jpg
2570,NOT_READABLE,,,car,white,northbound,CAM-05,Visat teen Rasta,23.1192572,72.5656704,GEOCODED,2026-06-14 00:57:34,overlay,1023.36,evidence/CAM-05_4852_1788366367953.jpg
2571,NOT_READABLE,,,bus,grey,stationary,CAM-05,Visat teen Rasta,23.1192572,72.5656704,GEOCODED,2026-06-14 00:57:34,overlay,949.67,evidence/CAM-05_4853_1788366367973.jpg
2572,NOT_READABLE,,,bicycle,grey,southbound,CAM-05,Visat teen Rasta,23.1192572,72.5656704,GEOCODED,2026-06-14 00:57:34,overlay,660.52,evidence/CAM-05_4855_1788366367995.jpg
2573,NOT_READABLE,,,bicycle,white,westbound,CAM-05,Visat teen Rasta,23.1192572,72.5656704,GEOCODED,2026-06-14 00:57:34,overlay,451.61,evidence/CAM-05_4864_1788366368017.jpg
2574,NOT_READABLE,,,bicycle,grey,stationary,CAM-05,Visat teen Rasta,23.1192572,72.5656704,GEOCODED,2026-06-14 00:57:34,overlay,1.00,evidence/CAM-05_4891_1788366368044.jpg
2577,NOT_READABLE,,,car,grey,stationary,CAM-05,Visat teen Rasta,23.1192572,72.5656704,GEOCODED,2026-06-14 00:57:34,overlay,3.42,evidence/CAM-05_4892_1788366368072.jpg
2578,NOT_READABLE,,,motorcycle,grey,stationary,CAM-05,Visat teen Rasta,23.1192572,72.5656704,GEOCODED,2026-06-14 00:57:34,overlay,83.35,evidence/CAM-05_4893_1788366368121.jpg
2579,NOT_READABLE,,,bus,grey,eastbound,CAM-05,Visat teen Rasta,23.1192572,72.5656704,GEOCODED,2026-06-14 00:57:34,overlay,0.93,evidence/CAM-05_4894_1788366368244.jpg
2580,NOT_READABLE,,,truck,grey,westbound,CAM-05,Visat teen Rasta,23.1192572,72.5656704,GEOCODED,2026-06-14 00:57:34,overlay,0.76,evidence/CAM-05_4895_1788366368440.jpg
2581,NOT_READABLE,,,truck,grey,southbound,CAM-05,Visat teen Rasta,23.1192572,72.5656704,GEOCODED,2026-06-14 00:57:34,overlay,0.99,evidence/CAM-05_4896_1788366368467.jpg
2582,NOT_READABLE,,,bicycle,grey,northbound,CAM-05,Visat teen Rasta,23.1192572,72.5656704,GEOCODED,2026-06-14 00:57:34,overlay,0.78,evidence/CAM-05_4897_1788366368735.jpg
2583,NOT_READABLE,,,bus,grey,westbound,CAM-05,Visat teen Rasta,23.1192572,72.5656704,GEOCODED,2026-06-14 00:57:34,overlay,0.65,evidence/CAM-05_4900_1788366368771.jpg
2584,NOT_READABLE,,,bicycle,grey,westbound,CAM-05,Visat teen Rasta,23.1192572,72.5656704,GEOCODED,2026-06-14 00:57:34,overlay,0.53,evidence/CAM-05_4901_1788366368792.jpg
2585,NOT_READABLE,,,bus,grey,northbound,CAM-05,Visat teen Rasta,23.1192572,72.5656704,GEOCODED,2026-06-14 00:57:34,overlay,0.67,evidence/CAM-05_4903_1788366368809.jpg
2586,NOT_READABLE,,,car,white,eastbound,CAM-05,Visat teen Rasta,23.1192572,72.5656704,GEOCODED,2026-06-14 00:57:34,overlay,0.91,evidence/CAM-05_4904_1788366368832.jpg
2587,NOT_READABLE,,,bus,grey,eastbound,CAM-05,Visat teen Rasta,23.1192572,72.5656704,GEOCODED,2026-06-14 00:57:34,overlay,0.44,evidence/CAM-05_4907_1788366368849.jpg
2589,NOT_READABLE,,,car,,westbound,CAM-05,Visat teen Rasta,23.1192572,72.5656704,GEOCODED,2026-06-14 00:57:34,overlay,9.10,evidence/CAM-05_4912_1788366368865.jpg
2967,NOT_READABLE,,,car,blue,westbound,CAM-04,,23.0146,72.5679,APPROXIMATE,2026-06-14 00:57:35,overlay,46.20,evidence/CAM-04_1260_1788366411424.jpg
2969,NOT_READABLE,,,motorcycle,cyan,northbound,CAM-04,,23.0146,72.5679,APPROXIMATE,2026-06-14 00:57:35,overlay,56.15,evidence/CAM-04_1273_1788366411447.jpg
2972,NOT_READABLE,,,bicycle,blue,eastbound,CAM-04,,23.0146,72.5679,APPROXIMATE,2026-06-14 00:57:35,overlay,103449.17,evidence/CAM-04_1275_1788366411481.jpg
2974,NOT_READABLE,,,bicycle,blue,eastbound,CAM-04,,23.0146,72.5679,APPROXIMATE,2026-06-14 00:57:35,overlay,76.50,evidence/CAM-04_1278_1788366411524.jpg
2976,NOT_READABLE,,,bus,blue,northbound,CAM-04,,23.0146,72.5679,APPROXIMATE,2026-06-14 00:57:35,overlay,46.81,evidence/CAM-04_1279_1788366411548.jpg
2977,NOT_READABLE,,,truck,green,eastbound,CAM-04,,23.0146,72.5679,APPROXIMATE,2026-06-14 00:57:35,overlay,67.78,evidence/CAM-04_1280_1788366411577.jpg
2980,NOT_READABLE,,,motorcycle,blue,eastbound,CAM-04,,23.0146,72.5679,APPROXIMATE,2026-06-14 00:57:35,overlay,67.14,evidence/CAM-04_1285_1788366411605.jpg
2982,NOT_READABLE,,,truck,cyan,westbound,CAM-04,,23.0146,72.5679,APPROXIMATE,2026-06-14 00:57:35,overlay,85.84,evidence/CAM-04_1291_1788366411670.jpg
2986,NOT_READABLE,,,bicycle,blue,southbound,CAM-04,,23.0146,72.5679,APPROXIMATE,2026-06-14 00:57:35,overlay,1.00,evidence/CAM-04_1313_1788366411688.jpg
2988,NOT_READABLE,,,motorcycle,blue,southbound,CAM-04,,23.0146,72.5679,APPROXIMATE,2026-06-14 00:57:35,overlay,10.63,evidence/CAM-04_1314_1788366411728.jpg
2990,NOT_READABLE,,,truck,cyan,northbound,CAM-04,,23.0146,72.5679,APPROXIMATE,2026-06-14 00:57:35,overlay,32.64,evidence/CAM-04_1320_1788366411754.jpg
2992,NOT_READABLE,,,bicycle,cyan,eastbound,CAM-04,,23.0146,72.5679,APPROXIMATE,2026-06-14 00:57:35,overlay,43.41,evidence/CAM-04_1323_1788366411785.jpg
2995,NOT_READABLE,,,car,blue,southbound,CAM-04,,23.0146,72.5679,APPROXIMATE,2026-06-14 00:57:35,overlay,1.44,evidence/CAM-04_1324_1788366411817.jpg
2997,NOT_READABLE,,,motorcycle,blue,westbound,CAM-04,,23.0146,72.5679,APPROXIMATE,2026-06-14 00:57:35,overlay,120.87,evidence/CAM-04_1337_1788366411848.jpg
2999,NOT_READABLE,,,truck,blue,westbound,CAM-04,,23.0146,72.5679,APPROXIMATE,2026-06-14 00:57:35,overlay,9.05,evidence/CAM-04_1362_1788366411877.jpg
3001,NOT_READABLE,,,bus,white,westbound,CAM-04,,23.0146,72.5679,APPROXIMATE,2026-06-14 00:57:35,overlay,71.24,evidence/CAM-04_1363_1788366411897.jpg
3003,NOT_READABLE,,,truck,orange,westbound,CAM-04,,23.0146,72.5679,APPROXIMATE,2026-06-14 00:57:35,overlay,78.43,evidence/CAM-04_1387_1788366411919.jpg
3005,NOT_READABLE,,,bicycle,blue,westbound,CAM-04,,23.0146,72.5679,APPROXIMATE,2026-06-14 00:57:35,overlay,90.67,evidence/CAM-04_1473_1788366411947.jpg
3007,NOT_READABLE,,,car,blue,eastbound,CAM-04,,23.0146,72.5679,APPROXIMATE,2026-06-14 00:57:35,overlay,58.06,evidence/CAM-04_1485_1788366411973.jpg
3009,NOT_READABLE,,,truck,blue,westbound,CAM-04,,23.0146,72.5679,APPROXIMATE,2026-06-14 00:57:35,overlay,60.39,evidence/CAM-04_1488_1788366412003.jpg
3011,NOT_READABLE,,,truck,blue,southbound,CAM-04,,23.0146,72.5679,APPROXIMATE,2026-06-14 00:57:35,overlay,1.06,evidence/CAM-04_1492_1788366412086.jpg
3012,NOT_READABLE,,,bus,blue,westbound,CAM-04,,23.0146,72.5679,APPROXIMATE,2026-06-14 00:57:35,overlay,57.74,evidence/CAM-04_1497_1788366412115.jpg
3014,NOT_READABLE,,,truck,green,westbound,CAM-04,,23.0146,72.5679,APPROXIMATE,2026-06-14 00:57:35,overlay,1.83,evidence/CAM-04_1519_1788366412146.jpg
3017,NOT_READABLE,,,bicycle,white,northbound,CAM-04,,23.0146,72.5679,APPROXIMATE,2026-06-14 00:57:35,overlay,115.22,evidence/CAM-04_1610_1788366412174.jpg
3019,NOT_READABLE,,,car,white,northbound,CAM-04,,23.0146,72.5679,APPROXIMATE,2026-06-14 00:57:35,overlay,35.20,evidence/CAM-04_1611_1788366412399.jpg
3021,NOT_READABLE,,,bicycle,blue,eastbound,CAM-04,,23.0146,72.5679,APPROXIMATE,2026-06-14 00:57:35,overlay,49.60,evidence/CAM-04_1612_1788366412450.jpg
3023,NOT_READABLE,,,bicycle,blue,westbound,CAM-04,,23.0146,72.5679,APPROXIMATE,2026-06-14 00:57:35,overlay,64.30,evidence/CAM-04_1614_1788366412479.jpg
3025,NOT_READABLE,,,truck,blue,southbound,CAM-04,,23.0146,72.5679,APPROXIMATE,2026-06-14 00:57:35,overlay,88.62,evidence/CAM-04_1615_1788366412507.jpg
3027,NOT_READABLE,,,bicycle,cyan,southbound,CAM-04,,23.0146,72.5679,APPROXIMATE,2026-06-14 00:57:35,overlay,16.37,evidence/CAM-04_1616_1788366412531.jpg
3029,NOT_READABLE,,,truck,white,southbound,CAM-04,,23.0146,72.5679,APPROXIMATE,2026-06-14 00:57:35,overlay,57.42,evidence/CAM-04_1620_1788366412552.jpg
3031,NOT_READABLE,,,bicycle,blue,southbound,CAM-04,,23.0146,72.5679,APPROXIMATE,2026-06-14 00:57:35,overlay,57.52,evidence/CAM-04_1621_1788366412588.jpg
3033,NOT_READABLE,,,bus,blue,southbound,CAM-04,,23.0146,72.5679,APPROXIMATE,2026-06-14 00:57:35,overlay,48.64,evidence/CAM-04_1632_1788366412609.jpg
3035,NOT_READABLE,,,bus,blue,westbound,CAM-04,,23.0146,72.5679,APPROXIMATE,2026-06-14 00:57:35,overlay,56.97,evidence/CAM-04_1634_1788366412627.jpg
3037,NOT_READABLE,,,motorcycle,blue,southbound,CAM-04,,23.0146,72.5679,APPROXIMATE,2026-06-14 00:57:35,overlay,75.00,evidence/CAM-04_1640_1788366412647.jpg
3039,NOT_READABLE,,,motorcycle,blue,southbound,CAM-04,,23.0146,72.5679,APPROXIMATE,2026-06-14 00:57:35,overlay,72.95,evidence/CAM-04_1757_1788366412676.jpg
3041,NOT_READABLE,,,bicycle,blue,southbound,CAM-04,,23.0146,72.5679,APPROXIMATE,2026-06-14 00:57:35,overlay,89.57,evidence/CAM-04_1759_1788366412705.jpg
3044,NOT_READABLE,,,truck,blue,eastbound,CAM-04,,23.0146,72.5679,APPROXIMATE,2026-06-14 00:57:35,overlay,41.37,evidence/CAM-04_1760_1788366412726.jpg
3045,NOT_READABLE,,,motorcycle,blue,eastbound,CAM-04,,23.0146,72.5679,APPROXIMATE,2026-06-14 00:57:35,overlay,94.53,evidence/CAM-04_1762_1788366412757.jpg
3047,NOT_READABLE,,,bus,blue,eastbound,CAM-04,,23.0146,72.5679,APPROXIMATE,2026-06-14 00:57:35,overlay,88.83,evidence/CAM-04_1763_1788366412784.jpg
3049,NOT_READABLE,,,car,white,northbound,CAM-04,,23.0146,72.5679,APPROXIMATE,2026-06-14 00:57:35,overlay,12.52,evidence/CAM-04_1764_1788366412804.jpg
3051,NOT_READABLE,,,truck,blue,northbound,CAM-04,,23.0146,72.5679,APPROXIMATE,2026-06-14 00:57:35,overlay,22.78,evidence/CAM-04_1765_1788366412826.jpg
3052,NOT_READABLE,,,truck,blue,westbound,CAM-04,,23.0146,72.5679,APPROXIMATE,2026-06-14 00:57:35,overlay,100.82,evidence/CAM-04_1769_1788366412950.jpg
3054,NOT_READABLE,,,truck,blue,eastbound,CAM-04,,23.0146,72.5679,APPROXIMATE,2026-06-14 00:57:35,overlay,97.14,evidence/CAM-04_1770_1788366412970.jpg
3057,NOT_READABLE,,,truck,blue,northbound,CAM-04,,23.0146,72.5679,APPROXIMATE,2026-06-14 00:57:35,overlay,30.04,evidence/CAM-04_1773_1788366413000.jpg
3059,NOT_READABLE,,,motorcycle,blue,eastbound,CAM-04,,23.0146,72.5679,APPROXIMATE,2026-06-14 00:57:35,overlay,62.18,evidence/CAM-04_1775_1788366413031.jpg
3061,NOT_READABLE,,,motorcycle,blue,westbound,CAM-04,,23.0146,72.5679,APPROXIMATE,2026-06-14 00:57:35,overlay,112.61,evidence/CAM-04_1776_1788366413059.jpg
3062,NOT_READABLE,,,car,blue,westbound,CAM-04,,23.0146,72.5679,APPROXIMATE,2026-06-14 00:57:35,overlay,63.89,evidence/CAM-04_1777_1788366413090.jpg
3065,NOT_READABLE,,,bicycle,blue,northbound,CAM-04,,23.0146,72.5679,APPROXIMATE,2026-06-14 00:57:35,overlay,52.13,evidence/CAM-04_1778_1788366413111.jpg
3068,NOT_READABLE,,,truck,blue,southbound,CAM-04,,23.0146,72.5679,APPROXIMATE,2026-06-14 00:57:35,overlay,55.16,evidence/CAM-04_1782_1788366413128.jpg
3071,NOT_READABLE,,,car,blue,northbound,CAM-04,,23.0146,72.5679,APPROXIMATE,2026-06-14 00:57:35,overlay,44.75,evidence/CAM-04_1784_1788366413147.jpg
3073,NOT_READABLE,,,bus,white,eastbound,CAM-04,,23.0146,72.5679,APPROXIMATE,2026-06-14 00:57:35,overlay,82.39,evidence/CAM-04_1788_1788366413171.jpg
3075,NOT_READABLE,,,bus,blue,westbound,CAM-04,,23.0146,72.5679,APPROXIMATE,2026-06-14 00:57:35,overlay,46.73,evidence/CAM-04_1789_1788366413201.jpg
3077,NOT_READABLE,,,bicycle,blue,eastbound,CAM-04,,23.0146,72.5679,APPROXIMATE,2026-06-14 00:57:35,overlay,27.80,evidence/CAM-04_1790_1788366413240.jpg
3079,NOT_READABLE,,,motorcycle,white,northbound,CAM-04,,23.0146,72.5679,APPROXIMATE,2026-06-14 00:57:35,overlay,83.08,evidence/CAM-04_1794_1788366413266.jpg
3081,NOT_READABLE,,,bicycle,blue,westbound,CAM-04,,23.0146,72.5679,APPROXIMATE,2026-06-14 00:57:35,overlay,35.31,evidence/CAM-04_1805_1788366413288.jpg
3083,NOT_READABLE,,,bicycle,blue,eastbound,CAM-04,,23.0146,72.5679,APPROXIMATE,2026-06-14 00:57:35,overlay,42.51,evidence/CAM-04_1828_1788366413321.jpg
2499,NOT_READABLE,,,bicycle,purple,eastbound,CAM-01,Chiman bhai Bridge,23.0064,72.5698,APPROXIMATE,2026-06-14 00:57:35,overlay,2.50,evidence/CAM-01_3856_1788366359514.jpg
2500,NOT_READABLE,,,motorcycle,,eastbound,CAM-01,Chiman bhai Bridge,23.0064,72.5698,APPROXIMATE,2026-06-14 00:57:35,overlay,2.73,evidence/CAM-01_3867_1788366359529.jpg
2501,NOT_READABLE,,,car,,stationary,CAM-01,Chiman bhai Bridge,23.0064,72.5698,APPROXIMATE,2026-06-14 00:57:35,overlay,2.82,evidence/CAM-01_3870_1788366359542.jpg
2502,NOT_READABLE,,,motorcycle,,stationary,CAM-01,Chiman bhai Bridge,23.0064,72.5698,APPROXIMATE,2026-06-14 00:57:35,overlay,4.04,evidence/CAM-01_3871_1788366359556.jpg
2503,NOT_READABLE,,,truck,,westbound,CAM-01,Chiman bhai Bridge,23.0064,72.5698,APPROXIMATE,2026-06-14 00:57:35,overlay,2.64,evidence/CAM-01_3874_1788366359570.jpg
2504,NOT_READABLE,,,truck,,southbound,CAM-01,Chiman bhai Bridge,23.0064,72.5698,APPROXIMATE,2026-06-14 00:57:35,overlay,3.67,evidence/CAM-01_3879_1788366359584.jpg
2505,NOT_READABLE,,,car,purple,stationary,CAM-01,Chiman bhai Bridge,23.0064,72.5698,APPROXIMATE,2026-06-14 00:57:36,overlay,0.52,evidence/CAM-01_3846_1788366359865.jpg
2506,NOT_READABLE,,,truck,grey,eastbound,CAM-01,Chiman bhai Bridge,23.0064,72.5698,APPROXIMATE,2026-06-14 00:57:37,overlay,8.01,evidence/CAM-01_3855_1788366362985.jpg
2507,NOT_READABLE,,,bicycle,grey,southbound,CAM-01,Chiman bhai Bridge,23.0064,72.5698,APPROXIMATE,2026-06-14 00:57:37,overlay,3.06,evidence/CAM-01_3857_1788366363149.jpg
2508,NOT_READABLE,,,car,blue,northbound,CAM-01,Chiman bhai Bridge,23.0064,72.5698,APPROXIMATE,2026-06-14 00:57:37,overlay,5.47,evidence/CAM-01_3858_1788366363207.jpg
2509,NOT_READABLE,,,car,grey,stationary,CAM-01,Chiman bhai Bridge,23.0064,72.5698,APPROXIMATE,2026-06-14 00:57:37,overlay,3.74,evidence/CAM-01_3919_1788366363353.jpg
2510,NOT_READABLE,,,car,grey,stationary,CAM-01,Chiman bhai Bridge,23.0064,72.5698,APPROXIMATE,2026-06-14 00:57:37,overlay,0.51,evidence/CAM-01_3923_1788366363378.jpg
2511,NOT_READABLE,,,bicycle,grey,stationary,CAM-01,Chiman bhai Bridge,23.0064,72.5698,APPROXIMATE,2026-06-14 00:57:37,overlay,4.54,evidence/CAM-01_3944_1788366363494.jpg
2512,NOT_READABLE,,,car,grey,stationary,CAM-01,Chiman bhai Bridge,23.0064,72.5698,APPROXIMATE,2026-06-14 00:57:37,overlay,7.93,evidence/CAM-01_3945_1788366363542.jpg
2513,NOT_READABLE,,,bicycle,blue,eastbound,CAM-01,Chiman bhai Bridge,23.0064,72.5698,APPROXIMATE,2026-06-14 00:57:37,overlay,5.47,evidence/CAM-01_3948_1788366363571.jpg
2514,NOT_READABLE,,,bicycle,purple,westbound,CAM-01,Chiman bhai Bridge,23.0064,72.5698,APPROXIMATE,2026-06-14 00:57:37,overlay,0.88,evidence/CAM-01_3957_1788366363702.jpg
2515,NOT_READABLE,,,bicycle,,northbound,CAM-01,Chiman bhai Bridge,23.0064,72.5698,APPROXIMATE,2026-06-14 00:57:37,overlay,5.68,evidence/CAM-01_3982_1788366363731.jpg
2516,NOT_READABLE,,,car,,stationary,CAM-01,Chiman bhai Bridge,23.0064,72.5698,APPROXIMATE,2026-06-14 00:57:37,overlay,5.75,evidence/CAM-01_3983_1788366363759.jpg
2517,NOT_READABLE,,,car,,southbound,CAM-01,Chiman bhai Bridge,23.0064,72.5698,APPROXIMATE,2026-06-14 00:57:37,overlay,3.13,evidence/CAM-01_3986_1788366363930.jpg
2521,NOT_READABLE,,,car,red,stationary,CAM-01,Chiman bhai Bridge,23.0064,72.5698,APPROXIMATE,2026-06-14 00:57:42,overlay,0.33,evidence/CAM-01_4021_1788366364976.jpg
2526,NOT_READABLE,,,car,orange,stationary,CAM-01,Chiman bhai Bridge,23.0064,72.5698,APPROXIMATE,2026-06-14 00:57:43,overlay,0.36,evidence/CAM-01_4022_1788366365301.jpg
2603,NOT_READABLE,,,car,grey,stationary,CAM-05,Visat teen Rasta,23.1192572,72.5656704,GEOCODED,2026-06-14 00:57:43,overlay,0.48,evidence/CAM-05_5111_1788366376560.jpg
2832,NOT_READABLE,,,car,grey,southbound,CAM-13,CN-VIDHYALAYA,23.0284,72.5541,APPROXIMATE,2026-06-14 00:57:43,overlay,120.87,evidence/CAM-13_3854_1788366406834.jpg
2604,NOT_READABLE,,,car,red,southbound,CAM-05,Visat teen Rasta,23.1192572,72.5656704,GEOCODED,2026-06-14 00:57:43,overlay,0.76,evidence/CAM-05_5114_1788366376917.jpg
2632,NOT_READABLE,,,truck,grey,westbound,CAM-05,Visat teen Rasta,23.1192572,72.5656704,GEOCODED,2026-06-14 00:57:45,overlay,0.40,evidence/CAM-05_5287_1788366381649.jpg
2837,NOT_READABLE,,,truck,black,westbound,CAM-13,CN-VIDHYALAYA,23.0284,72.5541,APPROXIMATE,2026-06-14 00:57:46,overlay,67.78,evidence/CAM-13_3880_1788366407273.jpg
2839,NOT_READABLE,,,car,grey,westbound,CAM-13,CN-VIDHYALAYA,23.0284,72.5541,APPROXIMATE,2026-06-14 00:57:46,overlay,82.39,evidence/CAM-13_3887_1788366407346.jpg
2851,NOT_READABLE,,,bicycle,grey,northbound,CAM-13,CN-VIDHYALAYA,23.0284,72.5541,APPROXIMATE,2026-06-14 00:57:49,overlay,16.37,evidence/CAM-13_3893_1788366407982.jpg
2531,NOT_READABLE,,,car,white,northbound,CAM-01,Chiman bhai Bridge,23.0064,72.5698,APPROXIMATE,2026-06-14 00:57:51,overlay,0.57,evidence/CAM-01_4025_1788366366655.jpg
2532,NOT_READABLE,,,car,blue,stationary,CAM-01,Chiman bhai Bridge,23.0064,72.5698,APPROXIMATE,2026-06-14 00:57:51,overlay,0.44,evidence/CAM-01_4026_1788366366715.jpg
2575,NOT_READABLE,,,bicycle,white,eastbound,CAM-01,Chiman bhai Bridge,23.0064,72.5698,APPROXIMATE,2026-06-14 00:57:53,overlay,1.46,evidence/CAM-01_4029_1788366368068.jpg
2576,NOT_READABLE,,,bus,grey,southbound,CAM-01,Chiman bhai Bridge,23.0064,72.5698,APPROXIMATE,2026-06-14 00:57:53,overlay,1.92,evidence/CAM-01_4030_1788366368082.jpg
2588,NOT_READABLE,,,car,white,eastbound,CAM-01,Chiman bhai Bridge,23.0064,72.5698,APPROXIMATE,2026-06-14 00:57:54,overlay,0.80,evidence/CAM-01_4058_1788366368856.jpg
2590,NOT_READABLE,,,car,white,northbound,CAM-01,Chiman bhai Bridge,23.0064,72.5698,APPROXIMATE,2026-06-14 00:57:55,overlay,0.81,evidence/CAM-01_4064_1788366369449.jpg
2591,NOT_READABLE,,,car,white,eastbound,CAM-01,Chiman bhai Bridge,23.0064,72.5698,APPROXIMATE,2026-06-14 00:57:55,overlay,0.70,evidence/CAM-01_4075_1788366369629.jpg
3111,NOT_READABLE,,,bus,black,eastbound,CAM-13,CN-VIDHYALAYA,23.0284,72.5541,APPROXIMATE,2026-06-14 00:58:04,overlay,10.63,evidence/CAM-13_3895_1788366416981.jpg
3112,NOT_READABLE,,,truck,white,northbound,CAM-13,CN-VIDHYALAYA,23.0284,72.5541,APPROXIMATE,2026-06-14 00:58:04,overlay,0.61,evidence/CAM-13_3971_1788366417004.jpg
3113,NOT_READABLE,,,car,grey,northbound,CAM-13,CN-VIDHYALAYA,23.0284,72.5541,APPROXIMATE,2026-06-14 00:58:04,overlay,0.78,evidence/CAM-13_3976_1788366417027.jpg
3114,NOT_READABLE,,,bus,grey,stationary,CAM-13,CN-VIDHYALAYA,23.0284,72.5541,APPROXIMATE,2026-06-14 00:58:04,overlay,0.38,evidence/CAM-13_3985_1788366417046.jpg
3115,NOT_READABLE,,,bicycle,grey,stationary,CAM-13,CN-VIDHYALAYA,23.0284,72.5541,APPROXIMATE,2026-06-14 00:58:05,overlay,2.13,evidence/CAM-13_3943_1788366417365.jpg
3116,NOT_READABLE,,,bus,grey,stationary,CAM-13,CN-VIDHYALAYA,23.0284,72.5541,APPROXIMATE,2026-06-14 00:58:05,overlay,3.48,evidence/CAM-13_3944_1788366417380.jpg
3117,NOT_READABLE,,,truck,grey,stationary,CAM-13,CN-VIDHYALAYA,23.0284,72.5541,APPROXIMATE,2026-06-14 00:58:05,overlay,2.09,evidence/CAM-13_3945_1788366417394.jpg
3118,NOT_READABLE,,,car,grey,northbound,CAM-13,CN-VIDHYALAYA,23.0284,72.5541,APPROXIMATE,2026-06-14 00:58:05,overlay,4.54,evidence/CAM-13_3946_1788366417408.jpg
3119,NOT_READABLE,,,truck,grey,northbound,CAM-13,CN-VIDHYALAYA,23.0284,72.5541,APPROXIMATE,2026-06-14 00:58:05,overlay,3.37,evidence/CAM-13_3947_1788366417423.jpg
3120,NOT_READABLE,,,bicycle,grey,northbound,CAM-13,CN-VIDHYALAYA,23.0284,72.5541,APPROXIMATE,2026-06-14 00:58:05,overlay,2.38,evidence/CAM-13_3949_1788366417437.jpg
3121,NOT_READABLE,,,car,grey,eastbound,CAM-13,CN-VIDHYALAYA,23.0284,72.5541,APPROXIMATE,2026-06-14 00:58:05,overlay,3.37,evidence/CAM-13_3950_1788366417451.jpg
3122,NOT_READABLE,,,bus,,stationary,CAM-13,CN-VIDHYALAYA,23.0284,72.5541,APPROXIMATE,2026-06-14 00:58:05,overlay,26.79,evidence/CAM-13_3954_1788366417466.jpg
3123,NOT_READABLE,,,bus,,stationary,CAM-13,CN-VIDHYALAYA,23.0284,72.5541,APPROXIMATE,2026-06-14 00:58:05,overlay,18.75,evidence/CAM-13_3957_1788366417564.jpg
3124,NOT_READABLE,,,car,,northbound,CAM-13,CN-VIDHYALAYA,23.0284,72.5541,APPROXIMATE,2026-06-14 00:58:05,overlay,5.91,evidence/CAM-13_3959_1788366417580.jpg
3125,NOT_READABLE,,,bus,,eastbound,CAM-13,CN-VIDHYALAYA,23.0284,72.5541,APPROXIMATE,2026-06-14 00:58:05,overlay,7.44,evidence/CAM-13_3961_1788366417596.jpg
3126,NOT_READABLE,,,bus,,northbound,CAM-13,CN-VIDHYALAYA,23.0284,72.5541,APPROXIMATE,2026-06-14 00:58:05,overlay,5.75,evidence/CAM-13_3962_1788366417613.jpg
3127,NOT_READABLE,,,truck,grey,eastbound,CAM-13,CN-VIDHYALAYA,23.0284,72.5541,APPROXIMATE,2026-06-14 00:58:05,overlay,0.91,evidence/CAM-13_3963_1788366417629.jpg
3128,NOT_READABLE,,,bicycle,grey,northbound,CAM-13,CN-VIDHYALAYA,23.0284,72.5541,APPROXIMATE,2026-06-14 00:58:05,overlay,0.91,evidence/CAM-13_3964_1788366417644.jpg
3129,NOT_READABLE,,,bus,grey,northbound,CAM-13,CN-VIDHYALAYA,23.0284,72.5541,APPROXIMATE,2026-06-14 00:58:05,overlay,0.96,evidence/CAM-13_3965_1788366417661.jpg
3130,NOT_READABLE,,,car,black,eastbound,CAM-13,CN-VIDHYALAYA,23.0284,72.5541,APPROXIMATE,2026-06-14 00:58:05,overlay,0.97,evidence/CAM-13_3966_1788366417675.jpg
3131,NOT_READABLE,,,car,grey,eastbound,CAM-13,CN-VIDHYALAYA,23.0284,72.5541,APPROXIMATE,2026-06-14 00:58:05,overlay,5.25,evidence/CAM-13_3967_1788366417691.jpg
3132,NOT_READABLE,,,motorcycle,grey,northbound,CAM-13,CN-VIDHYALAYA,23.0284,72.5541,APPROXIMATE,2026-06-14 00:58:05,overlay,0.95,evidence/CAM-13_3968_1788366417706.jpg
3133,NOT_READABLE,,,bicycle,grey,southbound,CAM-13,CN-VIDHYALAYA,23.0284,72.5541,APPROXIMATE,2026-06-14 00:58:05,overlay,0.83,evidence/CAM-13_3969_1788366417721.jpg
3134,NOT_READABLE,,,truck,grey,northbound,CAM-13,CN-VIDHYALAYA,23.0284,72.5541,APPROXIMATE,2026-06-14 00:58:05,overlay,0.94,evidence/CAM-13_3970_1788366417736.jpg
3135,NOT_READABLE,,,motorcycle,white,stationary,CAM-13,CN-VIDHYALAYA,23.0284,72.5541,APPROXIMATE,2026-06-14 00:58:05,overlay,0.49,evidence/CAM-13_3973_1788366417751.jpg
3136,NOT_READABLE,,,car,grey,northbound,CAM-13,CN-VIDHYALAYA,23.0284,72.5541,APPROXIMATE,2026-06-14 00:58:05,overlay,0.56,evidence/CAM-13_3974_1788366417766.jpg
3137,NOT_READABLE,,,truck,grey,northbound,CAM-13,CN-VIDHYALAYA,23.0284,72.5541,APPROXIMATE,2026-06-14 00:58:05,overlay,0.53,evidence/CAM-13_3978_1788366417782.jpg
3138,NOT_READABLE,,,bus,grey,eastbound,CAM-13,CN-VIDHYALAYA,23.0284,72.5541,APPROXIMATE,2026-06-14 00:58:05,overlay,0.63,evidence/CAM-13_3979_1788366417798.jpg
3139,NOT_READABLE,,,bicycle,black,northbound,CAM-13,CN-VIDHYALAYA,23.0284,72.5541,APPROXIMATE,2026-06-14 00:58:05,overlay,0.47,evidence/CAM-13_3981_1788366417814.jpg
3140,NOT_READABLE,,,bus,grey,eastbound,CAM-13,CN-VIDHYALAYA,23.0284,72.5541,APPROXIMATE,2026-06-14 00:58:05,overlay,0.56,evidence/CAM-13_3989_1788366417831.jpg
3141,NOT_READABLE,,,car,grey,westbound,CAM-13,CN-VIDHYALAYA,23.0284,72.5541,APPROXIMATE,2026-06-14 00:58:05,overlay,0.93,evidence/CAM-13_3993_1788366417847.jpg
3142,NOT_READABLE,,,motorcycle,orange,westbound,CAM-13,CN-VIDHYALAYA,23.0284,72.5541,APPROXIMATE,2026-06-14 00:58:05,overlay,0.94,evidence/CAM-13_3994_1788366417896.jpg
3143,NOT_READABLE,,,bicycle,grey,eastbound,CAM-13,CN-VIDHYALAYA,23.0284,72.5541,APPROXIMATE,2026-06-14 00:58:05,overlay,3.45,evidence/CAM-13_3995_1788366417924.jpg
3144,NOT_READABLE,,,car,orange,eastbound,CAM-13,CN-VIDHYALAYA,23.0284,72.5541,APPROXIMATE,2026-06-14 00:58:05,overlay,0.94,evidence/CAM-13_3996_1788366418043.jpg
3145,NOT_READABLE,,,motorcycle,grey,westbound,CAM-13,CN-VIDHYALAYA,23.0284,72.5541,APPROXIMATE,2026-06-14 00:58:05,overlay,0.74,evidence/CAM-13_3997_1788366418071.jpg
3146,NOT_READABLE,,,bicycle,grey,westbound,CAM-13,CN-VIDHYALAYA,23.0284,72.5541,APPROXIMATE,2026-06-14 00:58:05,overlay,0.92,evidence/CAM-13_3998_1788366418104.jpg
3147,NOT_READABLE,,,truck,orange,northbound,CAM-13,CN-VIDHYALAYA,23.0284,72.5541,APPROXIMATE,2026-06-14 00:58:05,overlay,0.69,evidence/CAM-13_3999_1788366418127.jpg
3148,NOT_READABLE,,,car,black,eastbound,CAM-13,CN-VIDHYALAYA,23.0284,72.5541,APPROXIMATE,2026-06-14 00:58:05,overlay,0.88,evidence/CAM-13_4000_1788366418254.jpg
3149,NOT_READABLE,,,bus,grey,southbound,CAM-13,CN-VIDHYALAYA,23.0284,72.5541,APPROXIMATE,2026-06-14 00:58:05,overlay,0.84,evidence/CAM-13_4001_1788366418281.jpg
3150,NOT_READABLE,,,car,grey,westbound,CAM-13,CN-VIDHYALAYA,23.0284,72.5541,APPROXIMATE,2026-06-14 00:58:05,overlay,0.87,evidence/CAM-13_4002_1788366418317.jpg
3151,NOT_READABLE,,,bicycle,grey,eastbound,CAM-13,CN-VIDHYALAYA,23.0284,72.5541,APPROXIMATE,2026-06-14 00:58:05,overlay,3.13,evidence/CAM-13_4003_1788366418337.jpg
3152,NOT_READABLE,,,bicycle,grey,eastbound,CAM-13,CN-VIDHYALAYA,23.0284,72.5541,APPROXIMATE,2026-06-14 00:58:05,overlay,5.59,evidence/CAM-13_4004_1788366418359.jpg
3153,NOT_READABLE,,,bus,black,westbound,CAM-13,CN-VIDHYALAYA,23.0284,72.5541,APPROXIMATE,2026-06-14 00:58:05,overlay,0.93,evidence/CAM-13_4005_1788366418380.jpg
3154,NOT_READABLE,,,bicycle,grey,southbound,CAM-13,CN-VIDHYALAYA,23.0284,72.5541,APPROXIMATE,2026-06-14 00:58:05,overlay,0.67,evidence/CAM-13_4006_1788366418408.jpg
3155,NOT_READABLE,,,motorcycle,grey,westbound,CAM-13,CN-VIDHYALAYA,23.0284,72.5541,APPROXIMATE,2026-06-14 00:58:05,overlay,0.83,evidence/CAM-13_4007_1788366418427.jpg
3156,NOT_READABLE,,,truck,grey,westbound,CAM-13,CN-VIDHYALAYA,23.0284,72.5541,APPROXIMATE,2026-06-14 00:58:05,overlay,0.97,evidence/CAM-13_4008_1788366418444.jpg
3157,NOT_READABLE,,,bicycle,grey,northbound,CAM-13,CN-VIDHYALAYA,23.0284,72.5541,APPROXIMATE,2026-06-14 00:58:05,overlay,0.87,evidence/CAM-13_4009_1788366418476.jpg
3158,NOT_READABLE,,,bicycle,grey,northbound,CAM-13,CN-VIDHYALAYA,23.0284,72.5541,APPROXIMATE,2026-06-14 00:58:05,overlay,0.91,evidence/CAM-13_4010_1788366418500.jpg
3159,NOT_READABLE,,,truck,grey,eastbound,CAM-13,CN-VIDHYALAYA,23.0284,72.5541,APPROXIMATE,2026-06-14 00:58:05,overlay,0.65,evidence/CAM-13_4011_1788366418612.jpg
3160,NOT_READABLE,,,truck,grey,eastbound,CAM-13,CN-VIDHYALAYA,23.0284,72.5541,APPROXIMATE,2026-06-14 00:58:05,overlay,0.84,evidence/CAM-13_4012_1788366418635.jpg
3161,NOT_READABLE,,,car,grey,northbound,CAM-13,CN-VIDHYALAYA,23.0284,72.5541,APPROXIMATE,2026-06-14 00:58:05,overlay,0.96,evidence/CAM-13_4013_1788366418734.jpg
3162,NOT_READABLE,,,motorcycle,grey,southbound,CAM-13,CN-VIDHYALAYA,23.0284,72.5541,APPROXIMATE,2026-06-14 00:58:05,overlay,0.68,evidence/CAM-13_4014_1788366418758.jpg
3163,NOT_READABLE,,,bus,grey,westbound,CAM-13,CN-VIDHYALAYA,23.0284,72.5541,APPROXIMATE,2026-06-14 00:58:05,overlay,0.89,evidence/CAM-13_4015_1788366418789.jpg
3164,NOT_READABLE,,,bus,grey,southbound,CAM-13,CN-VIDHYALAYA,23.0284,72.5541,APPROXIMATE,2026-06-14 00:58:05,overlay,0.89,evidence/CAM-13_4016_1788366418815.jpg
3165,NOT_READABLE,,,bus,orange,westbound,CAM-13,CN-VIDHYALAYA,23.0284,72.5541,APPROXIMATE,2026-06-14 00:58:05,overlay,0.48,evidence/CAM-13_4017_1788366418830.jpg
3166,NOT_READABLE,,,motorcycle,grey,westbound,CAM-13,CN-VIDHYALAYA,23.0284,72.5541,APPROXIMATE,2026-06-14 00:58:05,overlay,0.68,evidence/CAM-13_4018_1788366418852.jpg
3167,NOT_READABLE,,,bicycle,grey,southbound,CAM-13,CN-VIDHYALAYA,23.0284,72.5541,APPROXIMATE,2026-06-14 00:58:05,overlay,0.58,evidence/CAM-13_4021_1788366418873.jpg
3168,NOT_READABLE,,,truck,grey,northbound,CAM-13,CN-VIDHYALAYA,23.0284,72.5541,APPROXIMATE,2026-06-14 00:58:05,overlay,0.56,evidence/CAM-13_4022_1788366418891.jpg
3169,NOT_READABLE,,,motorcycle,grey,southbound,CAM-13,CN-VIDHYALAYA,23.0284,72.5541,APPROXIMATE,2026-06-14 00:58:05,overlay,0.59,evidence/CAM-13_4023_1788366418914.jpg
3170,NOT_READABLE,,,truck,black,southbound,CAM-13,CN-VIDHYALAYA,23.0284,72.5541,APPROXIMATE,2026-06-14 00:58:05,overlay,0.61,evidence/CAM-13_4024_1788366418935.jpg
3171,NOT_READABLE,,,truck,grey,eastbound,CAM-13,CN-VIDHYALAYA,23.0284,72.5541,APPROXIMATE,2026-06-14 00:58:05,overlay,0.77,evidence/CAM-13_4025_1788366418951.jpg
3172,NOT_READABLE,,,truck,grey,southbound,CAM-13,CN-VIDHYALAYA,23.0284,72.5541,APPROXIMATE,2026-06-14 00:58:05,overlay,0.60,evidence/CAM-13_4026_1788366418966.jpg
3173,NOT_READABLE,,,bicycle,grey,northbound,CAM-13,CN-VIDHYALAYA,23.0284,72.5541,APPROXIMATE,2026-06-14 00:58:05,overlay,0.88,evidence/CAM-13_4027_1788366419066.jpg
3174,NOT_READABLE,,,bus,grey,northbound,CAM-13,CN-VIDHYALAYA,23.0284,72.5541,APPROXIMATE,2026-06-14 00:58:05,overlay,0.60,evidence/CAM-13_4028_1788366419089.jpg
3175,NOT_READABLE,,,motorcycle,grey,southbound,CAM-13,CN-VIDHYALAYA,23.0284,72.5541,APPROXIMATE,2026-06-14 00:58:05,overlay,0.52,evidence/CAM-13_4029_1788366419119.jpg
3176,NOT_READABLE,,,motorcycle,grey,northbound,CAM-13,CN-VIDHYALAYA,23.0284,72.5541,APPROXIMATE,2026-06-14 00:58:05,overlay,0.57,evidence/CAM-13_4030_1788366419143.jpg
3177,NOT_READABLE,,,motorcycle,grey,eastbound,CAM-13,CN-VIDHYALAYA,23.0284,72.5541,APPROXIMATE,2026-06-14 00:58:05,overlay,0.78,evidence/CAM-13_4031_1788366419174.jpg
3178,NOT_READABLE,,,bicycle,grey,eastbound,CAM-13,CN-VIDHYALAYA,23.0284,72.5541,APPROXIMATE,2026-06-14 00:58:05,overlay,0.53,evidence/CAM-13_4032_1788366419196.jpg
3179,NOT_READABLE,,,motorcycle,grey,eastbound,CAM-13,CN-VIDHYALAYA,23.0284,72.5541,APPROXIMATE,2026-06-14 00:58:05,overlay,0.43,evidence/CAM-13_4033_1788366419225.jpg
3180,NOT_READABLE,,,car,grey,westbound,CAM-13,CN-VIDHYALAYA,23.0284,72.5541,APPROXIMATE,2026-06-14 00:58:05,overlay,0.86,evidence/CAM-13_4034_1788366419251.jpg
3181,NOT_READABLE,,,truck,white,southbound,CAM-13,CN-VIDHYALAYA,23.0284,72.5541,APPROXIMATE,2026-06-14 00:58:05,overlay,0.90,evidence/CAM-13_4035_1788366419265.jpg
3182,NOT_READABLE,,,motorcycle,grey,eastbound,CAM-13,CN-VIDHYALAYA,23.0284,72.5541,APPROXIMATE,2026-06-14 00:58:05,overlay,0.80,evidence/CAM-13_4038_1788366419285.jpg
3183,NOT_READABLE,,,bus,grey,eastbound,CAM-13,CN-VIDHYALAYA,23.0284,72.5541,APPROXIMATE,2026-06-14 00:58:05,overlay,0.81,evidence/CAM-13_4040_1788366419307.jpg
3184,NOT_READABLE,,,motorcycle,grey,northbound,CAM-13,CN-VIDHYALAYA,23.0284,72.5541,APPROXIMATE,2026-06-14 00:58:05,overlay,0.83,evidence/CAM-13_4041_1788366419329.jpg
3185,NOT_READABLE,,,motorcycle,white,northbound,CAM-13,CN-VIDHYALAYA,23.0284,72.5541,APPROXIMATE,2026-06-14 00:58:05,overlay,0.94,evidence/CAM-13_4043_1788366419467.jpg
3186,NOT_READABLE,,,car,grey,southbound,CAM-13,CN-VIDHYALAYA,23.0284,72.5541,APPROXIMATE,2026-06-14 00:58:05,overlay,0.63,evidence/CAM-13_4044_1788366419683.jpg
3187,NOT_READABLE,,,motorcycle,orange,stationary,CAM-13,CN-VIDHYALAYA,23.0284,72.5541,APPROXIMATE,2026-06-14 00:58:05,overlay,0.73,evidence/CAM-13_4046_1788366419708.jpg
3188,NOT_READABLE,,,truck,grey,eastbound,CAM-13,CN-VIDHYALAYA,23.0284,72.5541,APPROXIMATE,2026-06-14 00:58:05,overlay,0.81,evidence/CAM-13_4047_1788366419826.jpg
3189,NOT_READABLE,,,car,white,northbound,CAM-13,CN-VIDHYALAYA,23.0284,72.5541,APPROXIMATE,2026-06-14 00:58:05,overlay,0.74,evidence/CAM-13_4050_1788366419934.jpg
3190,NOT_READABLE,,,truck,grey,northbound,CAM-13,CN-VIDHYALAYA,23.0284,72.5541,APPROXIMATE,2026-06-14 00:58:05,overlay,0.40,evidence/CAM-13_4051_1788366419957.jpg
3191,NOT_READABLE,,,motorcycle,grey,eastbound,CAM-13,CN-VIDHYALAYA,23.0284,72.5541,APPROXIMATE,2026-06-14 00:58:05,overlay,0.75,evidence/CAM-13_4054_1788366419992.jpg
3192,NOT_READABLE,,,motorcycle,grey,northbound,CAM-13,CN-VIDHYALAYA,23.0284,72.5541,APPROXIMATE,2026-06-14 00:58:05,overlay,1.97,evidence/CAM-13_4055_1788366420025.jpg
3193,NOT_READABLE,,,truck,grey,eastbound,CAM-13,CN-VIDHYALAYA,23.0284,72.5541,APPROXIMATE,2026-06-14 00:58:05,overlay,0.46,evidence/CAM-13_4057_1788366420103.jpg
3194,NOT_READABLE,,,car,grey,southbound,CAM-13,CN-VIDHYALAYA,23.0284,72.5541,APPROXIMATE,2026-06-14 00:58:05,overlay,0.62,evidence/CAM-13_4058_1788366420226.jpg
3195,NOT_READABLE,,,truck,grey,westbound,CAM-13,CN-VIDHYALAYA,23.0284,72.5541,APPROXIMATE,2026-06-14 00:58:05,overlay,0.43,evidence/CAM-13_4059_1788366420328.jpg
3196,NOT_READABLE,,,bicycle,white,southbound,CAM-13,CN-VIDHYALAYA,23.0284,72.5541,APPROXIMATE,2026-06-14 00:58:05,overlay,0.49,evidence/CAM-13_4060_1788366420375.jpg
3197,NOT_READABLE,,,motorcycle,grey,southbound,CAM-13,CN-VIDHYALAYA,23.0284,72.5541,APPROXIMATE,2026-06-14 00:58:05,overlay,0.41,evidence/CAM-13_4061_1788366420492.jpg
3198,NOT_READABLE,,,motorcycle,grey,southbound,CAM-13,CN-VIDHYALAYA,23.0284,72.5541,APPROXIMATE,2026-06-14 00:58:05,overlay,0.45,evidence/CAM-13_4064_1788366420516.jpg
3199,NOT_READABLE,,,motorcycle,grey,northbound,CAM-13,CN-VIDHYALAYA,23.0284,72.5541,APPROXIMATE,2026-06-14 00:58:05,overlay,0.40,evidence/CAM-13_4065_1788366420630.jpg
3200,NOT_READABLE,,,bicycle,grey,westbound,CAM-13,CN-VIDHYALAYA,23.0284,72.5541,APPROXIMATE,2026-06-14 00:58:05,overlay,0.38,evidence/CAM-13_4066_1788366420661.jpg
3202,NOT_READABLE,,,car,grey,westbound,CAM-13,CN-VIDHYALAYA,23.0284,72.5541,APPROXIMATE,2026-06-14 00:58:05,overlay,0.97,evidence/CAM-13_4069_1788366420677.jpg
3203,NOT_READABLE,,,bicycle,grey,westbound,CAM-13,CN-VIDHYALAYA,23.0284,72.5541,APPROXIMATE,2026-06-14 00:58:05,overlay,0.48,evidence/CAM-13_4073_1788366420719.jpg
3204,NOT_READABLE,,,motorcycle,white,northbound,CAM-13,CN-VIDHYALAYA,23.0284,72.5541,APPROXIMATE,2026-06-14 00:58:05,overlay,0.47,evidence/CAM-13_4074_1788366420857.jpg
3205,NOT_READABLE,,,bicycle,black,eastbound,CAM-13,CN-VIDHYALAYA,23.0284,72.5541,APPROXIMATE,2026-06-14 00:58:05,overlay,0.94,evidence/CAM-13_4077_1788366421072.jpg
3206,NOT_READABLE,,,bus,red,eastbound,CAM-13,CN-VIDHYALAYA,23.0284,72.5541,APPROXIMATE,2026-06-14 00:58:05,overlay,0.70,evidence/CAM-13_4078_1788366421178.jpg
3207,NOT_READABLE,,,bus,black,southbound,CAM-13,CN-VIDHYALAYA,23.0284,72.5541,APPROXIMATE,2026-06-14 00:58:05,overlay,0.43,evidence/CAM-13_4079_1788366421233.jpg
3209,NOT_READABLE,,,motorcycle,grey,eastbound,CAM-13,CN-VIDHYALAYA,23.0284,72.5541,APPROXIMATE,2026-06-14 00:58:05,overlay,0.83,evidence/CAM-13_4082_1788366421343.jpg
3211,NOT_READABLE,,,bicycle,grey,northbound,CAM-13,CN-VIDHYALAYA,23.0284,72.5541,APPROXIMATE,2026-06-14 00:58:05,overlay,0.92,evidence/CAM-13_4084_1788366421366.jpg
3213,NOT_READABLE,,,bus,grey,westbound,CAM-13,CN-VIDHYALAYA,23.0284,72.5541,APPROXIMATE,2026-06-14 00:58:05,overlay,0.51,evidence/CAM-13_4087_1788366421491.jpg
3216,NOT_READABLE,,,bicycle,grey,southbound,CAM-13,CN-VIDHYALAYA,23.0284,72.5541,APPROXIMATE,2026-06-14 00:58:05,overlay,0.67,evidence/CAM-13_4088_1788366421505.jpg
3218,NOT_READABLE,,,bicycle,grey,westbound,CAM-13,CN-VIDHYALAYA,23.0284,72.5541,APPROXIMATE,2026-06-14 00:58:05,overlay,0.67,evidence/CAM-13_4089_1788366421625.jpg
3220,NOT_READABLE,,,bus,grey,eastbound,CAM-13,CN-VIDHYALAYA,23.0284,72.5541,APPROXIMATE,2026-06-14 00:58:05,overlay,0.75,evidence/CAM-13_4091_1788366421649.jpg
3222,NOT_READABLE,,,bicycle,white,eastbound,CAM-13,CN-VIDHYALAYA,23.0284,72.5541,APPROXIMATE,2026-06-14 00:58:05,overlay,0.47,evidence/CAM-13_4094_1788366421742.jpg
3223,NOT_READABLE,,,bicycle,black,northbound,CAM-13,CN-VIDHYALAYA,23.0284,72.5541,APPROXIMATE,2026-06-14 00:58:05,overlay,0.48,evidence/CAM-13_4099_1788366421846.jpg
3224,NOT_READABLE,,,bicycle,grey,eastbound,CAM-13,CN-VIDHYALAYA,23.0284,72.5541,APPROXIMATE,2026-06-14 00:58:05,overlay,0.44,evidence/CAM-13_4101_1788366421867.jpg
3225,NOT_READABLE,,,bicycle,grey,southbound,CAM-13,CN-VIDHYALAYA,23.0284,72.5541,APPROXIMATE,2026-06-14 00:58:05,overlay,0.33,evidence/CAM-13_4102_1788366421886.jpg
3226,NOT_READABLE,,,bus,grey,northbound,CAM-13,CN-VIDHYALAYA,23.0284,72.5541,APPROXIMATE,2026-06-14 00:58:05,overlay,0.48,evidence/CAM-13_4104_1788366421902.jpg
3227,NOT_READABLE,,,bicycle,grey,westbound,CAM-13,CN-VIDHYALAYA,23.0284,72.5541,APPROXIMATE,2026-06-14 00:58:05,overlay,0.74,evidence/CAM-13_4105_1788366421920.jpg
3228,NOT_READABLE,,,bicycle,grey,westbound,CAM-13,CN-VIDHYALAYA,23.0284,72.5541,APPROXIMATE,2026-06-14 00:58:05,overlay,0.57,evidence/CAM-13_4108_1788366421937.jpg
3229,NOT_READABLE,,,truck,grey,westbound,CAM-13,CN-VIDHYALAYA,23.0284,72.5541,APPROXIMATE,2026-06-14 00:58:05,overlay,0.69,evidence/CAM-13_4109_1788366421955.jpg
3230,NOT_READABLE,,,bus,black,southbound,CAM-13,CN-VIDHYALAYA,23.0284,72.5541,APPROXIMATE,2026-06-14 00:58:05,overlay,3.80,evidence/CAM-13_4120_1788366421975.jpg
3231,NOT_READABLE,,,motorcycle,orange,southbound,CAM-13,CN-VIDHYALAYA,23.0284,72.5541,APPROXIMATE,2026-06-14 00:58:05,overlay,0.55,evidence/CAM-13_4125_1788366422026.jpg
3232,NOT_READABLE,,,car,grey,stationary,CAM-13,CN-VIDHYALAYA,23.0284,72.5541,APPROXIMATE,2026-06-14 00:58:05,overlay,0.60,evidence/CAM-13_4135_1788366422077.jpg
3233,NOT_READABLE,,,motorcycle,grey,stationary,CAM-13,CN-VIDHYALAYA,23.0284,72.5541,APPROXIMATE,2026-06-14 00:58:05,overlay,0.47,evidence/CAM-13_4159_1788366422127.jpg
3234,NOT_READABLE,,,car,grey,stationary,CAM-13,CN-VIDHYALAYA,23.0284,72.5541,APPROXIMATE,2026-06-14 00:58:06,overlay,2.85,evidence/CAM-13_4237_1788366422427.jpg
3235,NOT_READABLE,,,bicycle,grey,stationary,CAM-13,CN-VIDHYALAYA,23.0284,72.5541,APPROXIMATE,2026-06-14 00:58:06,overlay,0.62,evidence/CAM-13_3977_1788366422589.jpg
3236,NOT_READABLE,,,bus,grey,westbound,CAM-13,CN-VIDHYALAYA,23.0284,72.5541,APPROXIMATE,2026-06-14 00:58:06,overlay,0.82,evidence/CAM-13_4052_1788366422607.jpg
3237,NOT_READABLE,,,bicycle,grey,southbound,CAM-13,CN-VIDHYALAYA,23.0284,72.5541,APPROXIMATE,2026-06-14 00:58:06,overlay,0.86,evidence/CAM-13_4103_1788366422623.jpg
3238,NOT_READABLE,,,bus,grey,westbound,CAM-13,CN-VIDHYALAYA,23.0284,72.5541,APPROXIMATE,2026-06-14 00:58:06,overlay,0.59,evidence/CAM-13_4292_1788366422639.jpg
3239,NOT_READABLE,,,truck,grey,westbound,CAM-13,CN-VIDHYALAYA,23.0284,72.5541,APPROXIMATE,2026-06-14 00:58:06,overlay,0.70,evidence/CAM-13_4295_1788366422657.jpg
3240,NOT_READABLE,,,car,grey,stationary,CAM-13,CN-VIDHYALAYA,23.0284,72.5541,APPROXIMATE,2026-06-14 00:58:06,overlay,0.77,evidence/CAM-13_4296_1788366422673.jpg
2743,NOT_READABLE,,,bus,grey,eastbound,CAM-05,Visat teen Rasta,23.1192572,72.5656704,GEOCODED,2026-06-14 00:58:06,overlay,0.58,evidence/CAM-05_5497_1788366399907.jpg
2745,NOT_READABLE,,,car,blue,southbound,CAM-05,Visat teen Rasta,23.1192572,72.5656704,GEOCODED,2026-06-14 00:58:06,overlay,0.47,evidence/CAM-05_5536_1788366399978.jpg
3241,NOT_READABLE,,,truck,grey,eastbound,CAM-13,CN-VIDHYALAYA,23.0284,72.5541,APPROXIMATE,2026-06-14 00:58:06,overlay,0.80,evidence/CAM-13_3972_1788366423361.jpg
3242,NOT_READABLE,,,bus,grey,northbound,CAM-13,CN-VIDHYALAYA,23.0284,72.5541,APPROXIMATE,2026-06-14 00:58:07,overlay,1.96,evidence/CAM-13_4199_1788366423646.jpg
3243,NOT_READABLE,,,motorcycle,grey,northbound,CAM-13,CN-VIDHYALAYA,23.0284,72.5541,APPROXIMATE,2026-06-14 00:58:07,overlay,0.45,evidence/CAM-13_4241_1788366423669.jpg
3251,NOT_READABLE,,,truck,grey,westbound,CAM-13,CN-VIDHYALAYA,23.0284,72.5541,APPROXIMATE,2026-06-14 00:58:10,overlay,2.13,evidence/CAM-13_4019_1788366425122.jpg
2593,NOT_READABLE,,,car,purple,stationary,CAM-01,Chiman bhai Bridge,23.0064,72.5698,APPROXIMATE,2026-06-14 00:58:10,overlay,0.39,evidence/CAM-01_4082_1788366374832.jpg
2605,NOT_READABLE,,,car,grey,stationary,CAM-01,Chiman bhai Bridge,23.0064,72.5698,APPROXIMATE,2026-06-14 00:58:11,overlay,0.50,evidence/CAM-01_4083_1788366377133.jpg
2606,NOT_READABLE,,,truck,orange,stationary,CAM-01,Chiman bhai Bridge,23.0064,72.5698,APPROXIMATE,2026-06-14 00:58:12,overlay,0.36,evidence/CAM-01_4100_1788366377323.jpg
2747,NOT_READABLE,,,car,grey,eastbound,CAM-05,Visat teen Rasta,23.1192572,72.5656704,GEOCODED,2026-06-14 00:58:12,overlay,0.63,evidence/CAM-05_5555_1788366400774.jpg
2748,NOT_READABLE,,,motorcycle,grey,westbound,CAM-05,Visat teen Rasta,23.1192572,72.5656704,GEOCODED,2026-06-14 00:58:12,overlay,0.70,evidence/CAM-05_5557_1788366400789.jpg
2749,NOT_READABLE,,,bus,grey,eastbound,CAM-05,Visat teen Rasta,23.1192572,72.5656704,GEOCODED,2026-06-14 00:58:12,overlay,0.80,evidence/CAM-05_5562_1788366400818.jpg
2750,NOT_READABLE,,,bicycle,grey,stationary,CAM-05,Visat teen Rasta,23.1192572,72.5656704,GEOCODED,2026-06-14 00:58:12,overlay,0.87,evidence/CAM-05_5571_1788366401044.jpg
2752,NOT_READABLE,,,motorcycle,grey,eastbound,CAM-05,Visat teen Rasta,23.1192572,72.5656704,GEOCODED,2026-06-14 00:58:12,overlay,0.64,evidence/CAM-05_5579_1788366401060.jpg
2754,NOT_READABLE,,,bicycle,grey,eastbound,CAM-05,Visat teen Rasta,23.1192572,72.5656704,GEOCODED,2026-06-14 00:58:12,overlay,0.58,evidence/CAM-05_5586_1788366401076.jpg
2756,NOT_READABLE,,,car,grey,stationary,CAM-05,Visat teen Rasta,23.1192572,72.5656704,GEOCODED,2026-06-14 00:58:12,overlay,0.61,evidence/CAM-05_5587_1788366401093.jpg
2758,NOT_READABLE,,,truck,grey,westbound,CAM-05,Visat teen Rasta,23.1192572,72.5656704,GEOCODED,2026-06-14 00:58:12,overlay,0.57,evidence/CAM-05_5588_1788366401109.jpg
2760,NOT_READABLE,,,motorcycle,black,stationary,CAM-05,Visat teen Rasta,23.1192572,72.5656704,GEOCODED,2026-06-14 00:58:12,overlay,0.45,evidence/CAM-05_5590_1788366401123.jpg
2762,NOT_READABLE,,,truck,yellow,eastbound,CAM-05,Visat teen Rasta,23.1192572,72.5656704,GEOCODED,2026-06-14 00:58:12,overlay,0.57,evidence/CAM-05_5592_1788366401140.jpg
2764,NOT_READABLE,,,bicycle,grey,northbound,CAM-05,Visat teen Rasta,23.1192572,72.5656704,GEOCODED,2026-06-14 00:58:12,overlay,0.89,evidence/CAM-05_5593_1788366401158.jpg
2766,NOT_READABLE,,,car,grey,eastbound,CAM-05,Visat teen Rasta,23.1192572,72.5656704,GEOCODED,2026-06-14 00:58:12,overlay,0.56,evidence/CAM-05_5597_1788366401175.jpg
2768,NOT_READABLE,,,bus,grey,northbound,CAM-05,Visat teen Rasta,23.1192572,72.5656704,GEOCODED,2026-06-14 00:58:12,overlay,0.66,evidence/CAM-05_5599_1788366401193.jpg
2769,NOT_READABLE,,,car,grey,stationary,CAM-05,Visat teen Rasta,23.1192572,72.5656704,GEOCODED,2026-06-14 00:58:12,overlay,0.48,evidence/CAM-05_5601_1788366401209.jpg
2771,NOT_READABLE,,,truck,grey,northbound,CAM-05,Visat teen Rasta,23.1192572,72.5656704,GEOCODED,2026-06-14 00:58:12,overlay,0.66,evidence/CAM-05_5606_1788366401270.jpg
2773,NOT_READABLE,,,motorcycle,grey,westbound,CAM-05,Visat teen Rasta,23.1192572,72.5656704,GEOCODED,2026-06-14 00:58:12,overlay,0.51,evidence/CAM-05_5608_1788366401367.jpg
2774,NOT_READABLE,,,bicycle,grey,stationary,CAM-05,Visat teen Rasta,23.1192572,72.5656704,GEOCODED,2026-06-14 00:58:12,overlay,0.77,evidence/CAM-05_5611_1788366401387.jpg
2775,NOT_READABLE,,,bus,grey,eastbound,CAM-05,Visat teen Rasta,23.1192572,72.5656704,GEOCODED,2026-06-14 00:58:12,overlay,0.46,evidence/CAM-05_5612_1788366401408.jpg
2776,NOT_READABLE,,,bicycle,grey,eastbound,CAM-05,Visat teen Rasta,23.1192572,72.5656704,GEOCODED,2026-06-14 00:58:12,overlay,0.55,evidence/CAM-05_5613_1788366401600.jpg
2777,NOT_READABLE,,,bicycle,grey,eastbound,CAM-05,Visat teen Rasta,23.1192572,72.5656704,GEOCODED,2026-06-14 00:58:12,overlay,0.52,evidence/CAM-05_5616_1788366401645.jpg
2778,NOT_READABLE,,,motorcycle,white,stationary,CAM-05,Visat teen Rasta,23.1192572,72.5656704,GEOCODED,2026-06-14 00:58:12,overlay,0.44,evidence/CAM-05_5617_1788366401675.jpg
2780,NOT_READABLE,,,bicycle,black,eastbound,CAM-05,Visat teen Rasta,23.1192572,72.5656704,GEOCODED,2026-06-14 00:58:12,overlay,0.67,evidence/CAM-05_5620_1788366401860.jpg
2781,NOT_READABLE,,,car,grey,stationary,CAM-05,Visat teen Rasta,23.1192572,72.5656704,GEOCODED,2026-06-14 00:58:12,overlay,0.40,evidence/CAM-05_5621_1788366401908.jpg
2782,NOT_READABLE,,,bicycle,grey,stationary,CAM-05,Visat teen Rasta,23.1192572,72.5656704,GEOCODED,2026-06-14 00:58:12,overlay,0.79,evidence/CAM-05_5623_1788366402097.jpg
2783,NOT_READABLE,,,car,grey,stationary,CAM-05,Visat teen Rasta,23.1192572,72.5656704,GEOCODED,2026-06-14 00:58:12,overlay,0.72,evidence/CAM-05_5628_1788366402197.jpg
2784,NOT_READABLE,,,truck,grey,westbound,CAM-05,Visat teen Rasta,23.1192572,72.5656704,GEOCODED,2026-06-14 00:58:12,overlay,0.41,evidence/CAM-05_5629_1788366402220.jpg
2785,NOT_READABLE,,,bus,grey,stationary,CAM-05,Visat teen Rasta,23.1192572,72.5656704,GEOCODED,2026-06-14 00:58:12,overlay,0.34,evidence/CAM-05_5631_1788366402489.jpg
2786,NOT_READABLE,,,bus,grey,stationary,CAM-05,Visat teen Rasta,23.1192572,72.5656704,GEOCODED,2026-06-14 00:58:12,overlay,0.50,evidence/CAM-05_5635_1788366402630.jpg
2787,NOT_READABLE,,,motorcycle,green,stationary,CAM-05,Visat teen Rasta,23.1192572,72.5656704,GEOCODED,2026-06-14 00:58:12,overlay,0.57,evidence/CAM-05_5652_1788366403037.jpg
2788,NOT_READABLE,,,truck,grey,eastbound,CAM-05,Visat teen Rasta,23.1192572,72.5656704,GEOCODED,2026-06-14 00:58:12,overlay,0.49,evidence/CAM-05_5655_1788366403202.jpg
2789,NOT_READABLE,,,car,blue,southbound,CAM-05,Visat teen Rasta,23.1192572,72.5656704,GEOCODED,2026-06-14 00:58:12,overlay,0.88,evidence/CAM-05_5656_1788366403242.jpg
2790,NOT_READABLE,,,bus,green,stationary,CAM-05,Visat teen Rasta,23.1192572,72.5656704,GEOCODED,2026-06-14 00:58:12,overlay,0.73,evidence/CAM-05_5658_1788366403326.jpg
2791,NOT_READABLE,,,car,grey,stationary,CAM-05,Visat teen Rasta,23.1192572,72.5656704,GEOCODED,2026-06-14 00:58:12,overlay,0.50,evidence/CAM-05_5660_1788366403439.jpg
2792,NOT_READABLE,,,bicycle,grey,eastbound,CAM-05,Visat teen Rasta,23.1192572,72.5656704,GEOCODED,2026-06-14 00:58:12,overlay,0.52,evidence/CAM-05_5661_1788366403616.jpg
2794,NOT_READABLE,,,car,grey,southbound,CAM-05,Visat teen Rasta,23.1192572,72.5656704,GEOCODED,2026-06-14 00:58:12,overlay,0.42,evidence/CAM-05_5664_1788366403656.jpg
2795,NOT_READABLE,,,motorcycle,grey,stationary,CAM-05,Visat teen Rasta,23.1192572,72.5656704,GEOCODED,2026-06-14 00:58:12,overlay,0.56,evidence/CAM-05_5669_1788366403840.jpg
2796,NOT_READABLE,,,motorcycle,yellow,stationary,CAM-05,Visat teen Rasta,23.1192572,72.5656704,GEOCODED,2026-06-14 00:58:12,overlay,0.41,evidence/CAM-05_5670_1788366403868.jpg
2797,NOT_READABLE,,,motorcycle,green,stationary,CAM-05,Visat teen Rasta,23.1192572,72.5656704,GEOCODED,2026-06-14 00:58:12,overlay,0.58,evidence/CAM-05_5672_1788366403962.jpg
2798,NOT_READABLE,,,bus,grey,eastbound,CAM-05,Visat teen Rasta,23.1192572,72.5656704,GEOCODED,2026-06-14 00:58:12,overlay,0.61,evidence/CAM-05_5678_1788366404055.jpg
2799,NOT_READABLE,,,bicycle,black,stationary,CAM-05,Visat teen Rasta,23.1192572,72.5656704,GEOCODED,2026-06-14 00:58:12,overlay,0.44,evidence/CAM-05_5679_1788366404074.jpg
2800,NOT_READABLE,,,motorcycle,grey,stationary,CAM-05,Visat teen Rasta,23.1192572,72.5656704,GEOCODED,2026-06-14 00:58:12,overlay,0.53,evidence/CAM-05_5681_1788366404208.jpg
2801,NOT_READABLE,,,truck,grey,southbound,CAM-05,Visat teen Rasta,23.1192572,72.5656704,GEOCODED,2026-06-14 00:58:12,overlay,0.55,evidence/CAM-05_5682_1788366404380.jpg
2802,NOT_READABLE,,,bus,grey,southbound,CAM-05,Visat teen Rasta,23.1192572,72.5656704,GEOCODED,2026-06-14 00:58:12,overlay,0.53,evidence/CAM-05_5685_1788366404477.jpg
2803,NOT_READABLE,,,car,grey,stationary,CAM-05,Visat teen Rasta,23.1192572,72.5656704,GEOCODED,2026-06-14 00:58:12,overlay,0.74,evidence/CAM-05_5688_1788366404515.jpg
2804,NOT_READABLE,,,car,grey,stationary,CAM-05,Visat teen Rasta,23.1192572,72.5656704,GEOCODED,2026-06-14 00:58:12,overlay,0.55,evidence/CAM-05_5690_1788366404698.jpg
2805,NOT_READABLE,,,bus,grey,stationary,CAM-05,Visat teen Rasta,23.1192572,72.5656704,GEOCODED,2026-06-14 00:58:12,overlay,0.36,evidence/CAM-05_5697_1788366404743.jpg
2806,NOT_READABLE,,,bus,grey,westbound,CAM-05,Visat teen Rasta,23.1192572,72.5656704,GEOCODED,2026-06-14 00:58:12,overlay,0.41,evidence/CAM-05_5700_1788366404833.jpg
2807,NOT_READABLE,,,motorcycle,yellow,stationary,CAM-05,Visat teen Rasta,23.1192572,72.5656704,GEOCODED,2026-06-14 00:58:12,overlay,0.48,evidence/CAM-05_5703_1788366404866.jpg
2808,NOT_READABLE,,,bicycle,grey,stationary,CAM-05,Visat teen Rasta,23.1192572,72.5656704,GEOCODED,2026-06-14 00:58:12,overlay,0.76,evidence/CAM-05_5708_1788366405033.jpg
2809,NOT_READABLE,,,bicycle,grey,stationary,CAM-05,Visat teen Rasta,23.1192572,72.5656704,GEOCODED,2026-06-14 00:58:12,overlay,0.47,evidence/CAM-05_5715_1788366405063.jpg
2810,NOT_READABLE,,,truck,grey,westbound,CAM-05,Visat teen Rasta,23.1192572,72.5656704,GEOCODED,2026-06-14 00:58:12,overlay,0.42,evidence/CAM-05_5717_1788366405248.jpg
2811,NOT_READABLE,,,truck,grey,stationary,CAM-05,Visat teen Rasta,23.1192572,72.5656704,GEOCODED,2026-06-14 00:58:12,overlay,0.38,evidence/CAM-05_5718_1788366405449.jpg
2812,NOT_READABLE,,,motorcycle,white,southbound,CAM-05,Visat teen Rasta,23.1192572,72.5656704,GEOCODED,2026-06-14 00:58:12,overlay,0.39,evidence/CAM-05_5726_1788366405486.jpg
2813,NOT_READABLE,,,truck,grey,stationary,CAM-05,Visat teen Rasta,23.1192572,72.5656704,GEOCODED,2026-06-14 00:58:12,overlay,0.51,evidence/CAM-05_5728_1788366405524.jpg
2814,NOT_READABLE,,,truck,black,southbound,CAM-05,Visat teen Rasta,23.1192572,72.5656704,GEOCODED,2026-06-14 00:58:12,overlay,0.42,evidence/CAM-05_5730_1788366405710.jpg
2815,NOT_READABLE,,,bus,grey,stationary,CAM-05,Visat teen Rasta,23.1192572,72.5656704,GEOCODED,2026-06-14 00:58:12,overlay,0.48,evidence/CAM-05_5733_1788366405738.jpg
2816,NOT_READABLE,,,motorcycle,grey,stationary,CAM-05,Visat teen Rasta,23.1192572,72.5656704,GEOCODED,2026-06-14 00:58:12,overlay,0.35,evidence/CAM-05_5737_1788366405766.jpg
2817,NOT_READABLE,,,car,white,stationary,CAM-05,Visat teen Rasta,23.1192572,72.5656704,GEOCODED,2026-06-14 00:58:12,overlay,0.43,evidence/CAM-05_5743_1788366405999.jpg
2819,NOT_READABLE,,,bicycle,grey,stationary,CAM-05,Visat teen Rasta,23.1192572,72.5656704,GEOCODED,2026-06-14 00:58:12,overlay,0.45,evidence/CAM-05_5744_1788366406039.jpg
2820,NOT_READABLE,,,motorcycle,grey,stationary,CAM-05,Visat teen Rasta,23.1192572,72.5656704,GEOCODED,2026-06-14 00:58:12,overlay,0.42,evidence/CAM-05_5745_1788366406154.jpg
2821,NOT_READABLE,,,bus,grey,stationary,CAM-05,Visat teen Rasta,23.1192572,72.5656704,GEOCODED,2026-06-14 00:58:12,overlay,0.34,evidence/CAM-05_5754_1788366406183.jpg
2822,NOT_READABLE,,,bus,grey,stationary,CAM-05,Visat teen Rasta,23.1192572,72.5656704,GEOCODED,2026-06-14 00:58:12,overlay,0.38,evidence/CAM-05_5755_1788366406292.jpg
2823,NOT_READABLE,,,car,grey,stationary,CAM-05,Visat teen Rasta,23.1192572,72.5656704,GEOCODED,2026-06-14 00:58:12,overlay,0.40,evidence/CAM-05_5757_1788366406322.jpg
2825,NOT_READABLE,,,car,grey,stationary,CAM-05,Visat teen Rasta,23.1192572,72.5656704,GEOCODED,2026-06-14 00:58:12,overlay,0.36,evidence/CAM-05_5758_1788366406351.jpg
2827,NOT_READABLE,,,bus,red,stationary,CAM-05,Visat teen Rasta,23.1192572,72.5656704,GEOCODED,2026-06-14 00:58:12,overlay,0.31,evidence/CAM-05_5759_1788366406403.jpg
2852,NOT_READABLE,,,car,red,eastbound,CAM-05,Visat teen Rasta,23.1192572,72.5656704,GEOCODED,2026-06-14 00:58:13,overlay,0.52,evidence/CAM-05_5534_1788366408025.jpg
2854,NOT_READABLE,,,truck,white,northbound,CAM-05,Visat teen Rasta,23.1192572,72.5656704,GEOCODED,2026-06-14 00:58:13,overlay,0.76,evidence/CAM-05_5535_1788366408044.jpg
2856,NOT_READABLE,,,bus,grey,stationary,CAM-05,Visat teen Rasta,23.1192572,72.5656704,GEOCODED,2026-06-14 00:58:13,overlay,1.00,evidence/CAM-05_5538_1788366408058.jpg
2859,NOT_READABLE,,,motorcycle,grey,northbound,CAM-05,Visat teen Rasta,23.1192572,72.5656704,GEOCODED,2026-06-14 00:58:13,overlay,0.89,evidence/CAM-05_5540_1788366408085.jpg
2860,NOT_READABLE,,,bicycle,grey,northbound,CAM-05,Visat teen Rasta,23.1192572,72.5656704,GEOCODED,2026-06-14 00:58:13,overlay,0.96,evidence/CAM-05_5541_1788366408108.jpg
2863,NOT_READABLE,,,motorcycle,grey,westbound,CAM-05,Visat teen Rasta,23.1192572,72.5656704,GEOCODED,2026-06-14 00:58:13,overlay,0.89,evidence/CAM-05_5542_1788366408130.jpg
2864,NOT_READABLE,,,bicycle,grey,northbound,CAM-05,Visat teen Rasta,23.1192572,72.5656704,GEOCODED,2026-06-14 00:58:13,overlay,0.84,evidence/CAM-05_5544_1788366408165.jpg
2866,NOT_READABLE,,,bicycle,grey,eastbound,CAM-05,Visat teen Rasta,23.1192572,72.5656704,GEOCODED,2026-06-14 00:58:13,overlay,0.85,evidence/CAM-05_5545_1788366408192.jpg
2868,NOT_READABLE,,,bus,grey,northbound,CAM-05,Visat teen Rasta,23.1192572,72.5656704,GEOCODED,2026-06-14 00:58:13,overlay,0.79,evidence/CAM-05_5546_1788366408222.jpg
2870,NOT_READABLE,,,motorcycle,grey,eastbound,CAM-05,Visat teen Rasta,23.1192572,72.5656704,GEOCODED,2026-06-14 00:58:13,overlay,0.90,evidence/CAM-05_5547_1788366408255.jpg
2872,NOT_READABLE,,,car,grey,northbound,CAM-05,Visat teen Rasta,23.1192572,72.5656704,GEOCODED,2026-06-14 00:58:13,overlay,0.99,evidence/CAM-05_5548_1788366408273.jpg
2873,NOT_READABLE,,,car,grey,eastbound,CAM-05,Visat teen Rasta,23.1192572,72.5656704,GEOCODED,2026-06-14 00:58:13,overlay,0.84,evidence/CAM-05_5549_1788366408308.jpg
2875,NOT_READABLE,,,truck,grey,eastbound,CAM-05,Visat teen Rasta,23.1192572,72.5656704,GEOCODED,2026-06-14 00:58:13,overlay,0.78,evidence/CAM-05_5550_1788366408339.jpg
2877,NOT_READABLE,,,motorcycle,green,westbound,CAM-05,Visat teen Rasta,23.1192572,72.5656704,GEOCODED,2026-06-14 00:58:13,overlay,0.83,evidence/CAM-05_5551_1788366408363.jpg
2878,NOT_READABLE,,,bus,red,northbound,CAM-05,Visat teen Rasta,23.1192572,72.5656704,GEOCODED,2026-06-14 00:58:13,overlay,0.91,evidence/CAM-05_5552_1788366408403.jpg
2880,NOT_READABLE,,,motorcycle,grey,eastbound,CAM-05,Visat teen Rasta,23.1192572,72.5656704,GEOCODED,2026-06-14 00:58:13,overlay,0.79,evidence/CAM-05_5554_1788366408431.jpg
2881,NOT_READABLE,,,bicycle,grey,westbound,CAM-05,Visat teen Rasta,23.1192572,72.5656704,GEOCODED,2026-06-14 00:58:13,overlay,0.66,evidence/CAM-05_5556_1788366408458.jpg
2883,NOT_READABLE,,,car,grey,westbound,CAM-05,Visat teen Rasta,23.1192572,72.5656704,GEOCODED,2026-06-14 00:58:13,overlay,0.71,evidence/CAM-05_5558_1788366408487.jpg
2885,NOT_READABLE,,,bicycle,grey,eastbound,CAM-05,Visat teen Rasta,23.1192572,72.5656704,GEOCODED,2026-06-14 00:58:13,overlay,0.81,evidence/CAM-05_5559_1788366408512.jpg
2887,NOT_READABLE,,,truck,grey,northbound,CAM-05,Visat teen Rasta,23.1192572,72.5656704,GEOCODED,2026-06-14 00:58:13,overlay,0.91,evidence/CAM-05_5560_1788366408542.jpg
2889,NOT_READABLE,,,car,grey,eastbound,CAM-05,Visat teen Rasta,23.1192572,72.5656704,GEOCODED,2026-06-14 00:58:13,overlay,0.90,evidence/CAM-05_5561_1788366408671.jpg
2890,NOT_READABLE,,,car,grey,eastbound,CAM-05,Visat teen Rasta,23.1192572,72.5656704,GEOCODED,2026-06-14 00:58:13,overlay,0.91,evidence/CAM-05_5563_1788366408698.jpg
2892,NOT_READABLE,,,car,grey,westbound,CAM-05,Visat teen Rasta,23.1192572,72.5656704,GEOCODED,2026-06-14 00:58:13,overlay,0.82,evidence/CAM-05_5564_1788366408719.jpg
2894,NOT_READABLE,,,car,red,westbound,CAM-05,Visat teen Rasta,23.1192572,72.5656704,GEOCODED,2026-06-14 00:58:13,overlay,0.79,evidence/CAM-05_5566_1788366408753.jpg
2895,NOT_READABLE,,,bicycle,grey,westbound,CAM-05,Visat teen Rasta,23.1192572,72.5656704,GEOCODED,2026-06-14 00:58:13,overlay,0.87,evidence/CAM-05_5567_1788366408792.jpg
2897,NOT_READABLE,,,car,grey,westbound,CAM-05,Visat teen Rasta,23.1192572,72.5656704,GEOCODED,2026-06-14 00:58:13,overlay,0.81,evidence/CAM-05_5568_1788366408818.jpg
2898,NOT_READABLE,,,truck,grey,southbound,CAM-05,Visat teen Rasta,23.1192572,72.5656704,GEOCODED,2026-06-14 00:58:13,overlay,0.89,evidence/CAM-05_5570_1788366408843.jpg
2901,NOT_READABLE,,,bus,grey,westbound,CAM-05,Visat teen Rasta,23.1192572,72.5656704,GEOCODED,2026-06-14 00:58:13,overlay,0.85,evidence/CAM-05_5572_1788366408860.jpg
2903,NOT_READABLE,,,truck,grey,eastbound,CAM-05,Visat teen Rasta,23.1192572,72.5656704,GEOCODED,2026-06-14 00:58:13,overlay,0.89,evidence/CAM-05_5574_1788366409038.jpg
2905,NOT_READABLE,,,bicycle,grey,eastbound,CAM-05,Visat teen Rasta,23.1192572,72.5656704,GEOCODED,2026-06-14 00:58:13,overlay,0.76,evidence/CAM-05_5575_1788366409066.jpg
2908,NOT_READABLE,,,car,grey,westbound,CAM-05,Visat teen Rasta,23.1192572,72.5656704,GEOCODED,2026-06-14 00:58:13,overlay,0.93,evidence/CAM-05_5576_1788366409169.jpg
2910,NOT_READABLE,,,car,grey,eastbound,CAM-05,Visat teen Rasta,23.1192572,72.5656704,GEOCODED,2026-06-14 00:58:13,overlay,0.97,evidence/CAM-05_5577_1788366409263.jpg
2912,NOT_READABLE,,,motorcycle,grey,eastbound,CAM-05,Visat teen Rasta,23.1192572,72.5656704,GEOCODED,2026-06-14 00:58:13,overlay,0.47,evidence/CAM-05_5578_1788366409393.jpg
2914,NOT_READABLE,,,car,grey,southbound,CAM-05,Visat teen Rasta,23.1192572,72.5656704,GEOCODED,2026-06-14 00:58:13,overlay,0.97,evidence/CAM-05_5580_1788366409415.jpg
2916,NOT_READABLE,,,bus,grey,southbound,CAM-05,Visat teen Rasta,23.1192572,72.5656704,GEOCODED,2026-06-14 00:58:13,overlay,0.62,evidence/CAM-05_5581_1788366409655.jpg
2918,NOT_READABLE,,,bus,grey,northbound,CAM-05,Visat teen Rasta,23.1192572,72.5656704,GEOCODED,2026-06-14 00:58:13,overlay,0.55,evidence/CAM-05_5582_1788366409789.jpg
2920,NOT_READABLE,,,truck,green,westbound,CAM-05,Visat teen Rasta,23.1192572,72.5656704,GEOCODED,2026-06-14 00:58:13,overlay,0.74,evidence/CAM-05_5584_1788366409836.jpg
2922,NOT_READABLE,,,bus,grey,northbound,CAM-05,Visat teen Rasta,23.1192572,72.5656704,GEOCODED,2026-06-14 00:58:13,overlay,0.47,evidence/CAM-05_5585_1788366409906.jpg
2924,NOT_READABLE,,,bicycle,grey,eastbound,CAM-05,Visat teen Rasta,23.1192572,72.5656704,GEOCODED,2026-06-14 00:58:13,overlay,0.87,evidence/CAM-05_5589_1788366409976.jpg
2928,NOT_READABLE,,,bicycle,grey,westbound,CAM-05,Visat teen Rasta,23.1192572,72.5656704,GEOCODED,2026-06-14 00:58:13,overlay,0.47,evidence/CAM-05_5591_1788366410013.jpg
2931,NOT_READABLE,,,bicycle,grey,eastbound,CAM-05,Visat teen Rasta,23.1192572,72.5656704,GEOCODED,2026-06-14 00:58:13,overlay,0.80,evidence/CAM-05_5595_1788366410101.jpg
2933,NOT_READABLE,,,truck,grey,westbound,CAM-05,Visat teen Rasta,23.1192572,72.5656704,GEOCODED,2026-06-14 00:58:13,overlay,0.84,evidence/CAM-05_5596_1788366410129.jpg
2935,NOT_READABLE,,,bus,grey,eastbound,CAM-05,Visat teen Rasta,23.1192572,72.5656704,GEOCODED,2026-06-14 00:58:13,overlay,0.68,evidence/CAM-05_5598_1788366410170.jpg
2936,NOT_READABLE,,,truck,grey,southbound,CAM-05,Visat teen Rasta,23.1192572,72.5656704,GEOCODED,2026-06-14 00:58:13,overlay,0.67,evidence/CAM-05_5602_1788366410199.jpg
2938,NOT_READABLE,,,motorcycle,grey,eastbound,CAM-05,Visat teen Rasta,23.1192572,72.5656704,GEOCODED,2026-06-14 00:58:13,overlay,0.74,evidence/CAM-05_5603_1788366410233.jpg
2940,NOT_READABLE,,,motorcycle,grey,westbound,CAM-05,Visat teen Rasta,23.1192572,72.5656704,GEOCODED,2026-06-14 00:58:13,overlay,0.69,evidence/CAM-05_5605_1788366410264.jpg
2942,NOT_READABLE,,,truck,grey,eastbound,CAM-05,Visat teen Rasta,23.1192572,72.5656704,GEOCODED,2026-06-14 00:58:13,overlay,0.80,evidence/CAM-05_5609_1788366410291.jpg
2944,NOT_READABLE,,,bus,grey,northbound,CAM-05,Visat teen Rasta,23.1192572,72.5656704,GEOCODED,2026-06-14 00:58:13,overlay,0.63,evidence/CAM-05_5615_1788366410355.jpg
2946,NOT_READABLE,,,bicycle,grey,westbound,CAM-05,Visat teen Rasta,23.1192572,72.5656704,GEOCODED,2026-06-14 00:58:13,overlay,0.83,evidence/CAM-05_5619_1788366410390.jpg
2949,NOT_READABLE,,,bus,grey,eastbound,CAM-05,Visat teen Rasta,23.1192572,72.5656704,GEOCODED,2026-06-14 00:58:13,overlay,0.83,evidence/CAM-05_5622_1788366410445.jpg
2951,NOT_READABLE,,,motorcycle,grey,eastbound,CAM-05,Visat teen Rasta,23.1192572,72.5656704,GEOCODED,2026-06-14 00:58:13,overlay,0.44,evidence/CAM-05_5624_1788366410503.jpg
2953,NOT_READABLE,,,bicycle,yellow,eastbound,CAM-05,Visat teen Rasta,23.1192572,72.5656704,GEOCODED,2026-06-14 00:58:13,overlay,0.86,evidence/CAM-05_5625_1788366410554.jpg
2955,NOT_READABLE,,,bicycle,grey,southbound,CAM-05,Visat teen Rasta,23.1192572,72.5656704,GEOCODED,2026-06-14 00:58:13,overlay,0.78,evidence/CAM-05_5626_1788366410571.jpg
2956,NOT_READABLE,,,motorcycle,grey,northbound,CAM-05,Visat teen Rasta,23.1192572,72.5656704,GEOCODED,2026-06-14 00:58:13,overlay,0.66,evidence/CAM-05_5627_1788366410593.jpg
2957,NOT_READABLE,,,motorcycle,orange,southbound,CAM-05,Visat teen Rasta,23.1192572,72.5656704,GEOCODED,2026-06-14 00:58:13,overlay,0.77,evidence/CAM-05_5630_1788366410616.jpg
2958,NOT_READABLE,,,bicycle,white,northbound,CAM-05,Visat teen Rasta,23.1192572,72.5656704,GEOCODED,2026-06-14 00:58:13,overlay,0.67,evidence/CAM-05_5632_1788366410660.jpg
2959,NOT_READABLE,,,motorcycle,red,southbound,CAM-05,Visat teen Rasta,23.1192572,72.5656704,GEOCODED,2026-06-14 00:58:13,overlay,0.79,evidence/CAM-05_5634_1788366410823.jpg
2960,NOT_READABLE,,,car,grey,southbound,CAM-05,Visat teen Rasta,23.1192572,72.5656704,GEOCODED,2026-06-14 00:58:13,overlay,0.74,evidence/CAM-05_5637_1788366411192.jpg
2961,NOT_READABLE,,,bus,grey,westbound,CAM-05,Visat teen Rasta,23.1192572,72.5656704,GEOCODED,2026-06-14 00:58:13,overlay,0.78,evidence/CAM-05_5638_1788366411225.jpg
2962,NOT_READABLE,,,motorcycle,red,eastbound,CAM-05,Visat teen Rasta,23.1192572,72.5656704,GEOCODED,2026-06-14 00:58:13,overlay,0.67,evidence/CAM-05_5639_1788366411257.jpg
2963,NOT_READABLE,,,car,grey,eastbound,CAM-05,Visat teen Rasta,23.1192572,72.5656704,GEOCODED,2026-06-14 00:58:13,overlay,0.67,evidence/CAM-05_5640_1788366411282.jpg
2964,NOT_READABLE,,,motorcycle,grey,eastbound,CAM-05,Visat teen Rasta,23.1192572,72.5656704,GEOCODED,2026-06-14 00:58:13,overlay,0.96,evidence/CAM-05_5642_1788366411308.jpg
2965,NOT_READABLE,,,truck,grey,westbound,CAM-05,Visat teen Rasta,23.1192572,72.5656704,GEOCODED,2026-06-14 00:58:13,overlay,0.46,evidence/CAM-05_5643_1788366411331.jpg
2966,NOT_READABLE,,,bicycle,grey,northbound,CAM-05,Visat teen Rasta,23.1192572,72.5656704,GEOCODED,2026-06-14 00:58:13,overlay,0.37,evidence/CAM-05_5644_1788366411361.jpg
2968,NOT_READABLE,,,truck,grey,eastbound,CAM-05,Visat teen Rasta,23.1192572,72.5656704,GEOCODED,2026-06-14 00:58:13,overlay,0.83,evidence/CAM-05_5647_1788366411429.jpg
2970,NOT_READABLE,,,truck,green,northbound,CAM-05,Visat teen Rasta,23.1192572,72.5656704,GEOCODED,2026-06-14 00:58:13,overlay,0.83,evidence/CAM-05_5649_1788366411455.jpg
2971,NOT_READABLE,,,bus,grey,westbound,CAM-05,Visat teen Rasta,23.1192572,72.5656704,GEOCODED,2026-06-14 00:58:13,overlay,0.43,evidence/CAM-05_5651_1788366411491.jpg
2973,NOT_READABLE,,,bus,white,eastbound,CAM-05,Visat teen Rasta,23.1192572,72.5656704,GEOCODED,2026-06-14 00:58:13,overlay,0.41,evidence/CAM-05_5653_1788366411518.jpg
2975,NOT_READABLE,,,motorcycle,grey,westbound,CAM-05,Visat teen Rasta,23.1192572,72.5656704,GEOCODED,2026-06-14 00:58:13,overlay,0.44,evidence/CAM-05_5654_1788366411543.jpg
2978,NOT_READABLE,,,bicycle,grey,westbound,CAM-05,Visat teen Rasta,23.1192572,72.5656704,GEOCODED,2026-06-14 00:58:13,overlay,0.76,evidence/CAM-05_5663_1788366411587.jpg
2979,NOT_READABLE,,,motorcycle,grey,northbound,CAM-05,Visat teen Rasta,23.1192572,72.5656704,GEOCODED,2026-06-14 00:58:13,overlay,0.83,evidence/CAM-05_5674_1788366411607.jpg
2981,NOT_READABLE,,,bicycle,blue,eastbound,CAM-05,Visat teen Rasta,23.1192572,72.5656704,GEOCODED,2026-06-14 00:58:13,overlay,0.71,evidence/CAM-05_5675_1788366411643.jpg
2984,NOT_READABLE,,,motorcycle,red,northbound,CAM-05,Visat teen Rasta,23.1192572,72.5656704,GEOCODED,2026-06-14 00:58:13,overlay,0.54,evidence/CAM-05_5677_1788366411672.jpg
2987,NOT_READABLE,,,truck,blue,northbound,CAM-05,Visat teen Rasta,23.1192572,72.5656704,GEOCODED,2026-06-14 00:58:13,overlay,0.60,evidence/CAM-05_5680_1788366411719.jpg
2989,NOT_READABLE,,,car,grey,eastbound,CAM-05,Visat teen Rasta,23.1192572,72.5656704,GEOCODED,2026-06-14 00:58:13,overlay,0.56,evidence/CAM-05_5687_1788366411739.jpg
2991,NOT_READABLE,,,bicycle,white,southbound,CAM-05,Visat teen Rasta,23.1192572,72.5656704,GEOCODED,2026-06-14 00:58:13,overlay,0.80,evidence/CAM-05_5689_1788366411769.jpg
2993,NOT_READABLE,,,bus,grey,westbound,CAM-05,Visat teen Rasta,23.1192572,72.5656704,GEOCODED,2026-06-14 00:58:13,overlay,0.48,evidence/CAM-05_5692_1788366411795.jpg
2994,NOT_READABLE,,,motorcycle,grey,eastbound,CAM-05,Visat teen Rasta,23.1192572,72.5656704,GEOCODED,2026-06-14 00:58:13,overlay,0.77,evidence/CAM-05_5694_1788366411818.jpg
2996,NOT_READABLE,,,car,grey,eastbound,CAM-05,Visat teen Rasta,23.1192572,72.5656704,GEOCODED,2026-06-14 00:58:13,overlay,0.71,evidence/CAM-05_5701_1788366411842.jpg
2998,NOT_READABLE,,,bus,yellow,eastbound,CAM-05,Visat teen Rasta,23.1192572,72.5656704,GEOCODED,2026-06-14 00:58:13,overlay,0.39,evidence/CAM-05_5704_1788366411872.jpg
3000,NOT_READABLE,,,motorcycle,white,westbound,CAM-05,Visat teen Rasta,23.1192572,72.5656704,GEOCODED,2026-06-14 00:58:13,overlay,0.65,evidence/CAM-05_5713_1788366411891.jpg
3002,NOT_READABLE,,,car,orange,northbound,CAM-05,Visat teen Rasta,23.1192572,72.5656704,GEOCODED,2026-06-14 00:58:13,overlay,0.50,evidence/CAM-05_5714_1788366411912.jpg
3004,NOT_READABLE,,,car,white,southbound,CAM-05,Visat teen Rasta,23.1192572,72.5656704,GEOCODED,2026-06-14 00:58:13,overlay,0.96,evidence/CAM-05_5721_1788366411941.jpg
3006,NOT_READABLE,,,bicycle,white,stationary,CAM-05,Visat teen Rasta,23.1192572,72.5656704,GEOCODED,2026-06-14 00:58:13,overlay,0.84,evidence/CAM-05_5723_1788366411961.jpg
3008,NOT_READABLE,,,car,red,stationary,CAM-05,Visat teen Rasta,23.1192572,72.5656704,GEOCODED,2026-06-14 00:58:13,overlay,0.90,evidence/CAM-05_5727_1788366411987.jpg
3010,NOT_READABLE,,,bicycle,grey,southbound,CAM-05,Visat teen Rasta,23.1192572,72.5656704,GEOCODED,2026-06-14 00:58:13,overlay,0.46,evidence/CAM-05_5729_1788366412020.jpg
3013,NOT_READABLE,,,truck,grey,westbound,CAM-05,Visat teen Rasta,23.1192572,72.5656704,GEOCODED,2026-06-14 00:58:13,overlay,0.79,evidence/CAM-05_5734_1788366412115.jpg
3015,NOT_READABLE,,,bus,grey,southbound,CAM-05,Visat teen Rasta,23.1192572,72.5656704,GEOCODED,2026-06-14 00:58:13,overlay,1.22,evidence/CAM-05_5775_1788366412172.jpg
3016,NOT_READABLE,,,motorcycle,orange,northbound,CAM-05,Visat teen Rasta,23.1192572,72.5656704,GEOCODED,2026-06-14 00:58:13,overlay,0.67,evidence/CAM-05_5777_1788366412201.jpg
3018,NOT_READABLE,,,motorcycle,grey,southbound,CAM-05,Visat teen Rasta,23.1192572,72.5656704,GEOCODED,2026-06-14 00:58:13,overlay,0.90,evidence/CAM-05_5778_1788366412372.jpg
3020,NOT_READABLE,,,bicycle,grey,southbound,CAM-05,Visat teen Rasta,23.1192572,72.5656704,GEOCODED,2026-06-14 00:58:13,overlay,0.96,evidence/CAM-05_5779_1788366412449.jpg
3022,NOT_READABLE,,,car,grey,southbound,CAM-05,Visat teen Rasta,23.1192572,72.5656704,GEOCODED,2026-06-14 00:58:13,overlay,0.93,evidence/CAM-05_5780_1788366412477.jpg
3024,NOT_READABLE,,,bicycle,grey,southbound,CAM-05,Visat teen Rasta,23.1192572,72.5656704,GEOCODED,2026-06-14 00:58:13,overlay,0.82,evidence/CAM-05_5781_1788366412504.jpg
3026,NOT_READABLE,,,bus,grey,westbound,CAM-05,Visat teen Rasta,23.1192572,72.5656704,GEOCODED,2026-06-14 00:58:13,overlay,2.66,evidence/CAM-05_5782_1788366412529.jpg
3028,NOT_READABLE,,,motorcycle,grey,eastbound,CAM-05,Visat teen Rasta,23.1192572,72.5656704,GEOCODED,2026-06-14 00:58:13,overlay,0.76,evidence/CAM-05_5783_1788366412550.jpg
3030,NOT_READABLE,,,bicycle,grey,southbound,CAM-05,Visat teen Rasta,23.1192572,72.5656704,GEOCODED,2026-06-14 00:58:13,overlay,0.90,evidence/CAM-05_5785_1788366412575.jpg
3032,NOT_READABLE,,,bus,grey,westbound,CAM-05,Visat teen Rasta,23.1192572,72.5656704,GEOCODED,2026-06-14 00:58:13,overlay,0.63,evidence/CAM-05_5787_1788366412598.jpg
3034,NOT_READABLE,,,truck,grey,northbound,CAM-05,Visat teen Rasta,23.1192572,72.5656704,GEOCODED,2026-06-14 00:58:13,overlay,0.58,evidence/CAM-05_5788_1788366412619.jpg
3036,NOT_READABLE,,,car,blue,northbound,CAM-05,Visat teen Rasta,23.1192572,72.5656704,GEOCODED,2026-06-14 00:58:13,overlay,0.57,evidence/CAM-05_5789_1788366412639.jpg
3038,NOT_READABLE,,,bicycle,grey,westbound,CAM-05,Visat teen Rasta,23.1192572,72.5656704,GEOCODED,2026-06-14 00:58:13,overlay,0.62,evidence/CAM-05_5791_1788366412662.jpg
3040,NOT_READABLE,,,bicycle,white,southbound,CAM-05,Visat teen Rasta,23.1192572,72.5656704,GEOCODED,2026-06-14 00:58:13,overlay,1.00,evidence/CAM-05_5792_1788366412688.jpg
3042,NOT_READABLE,,,bus,grey,westbound,CAM-05,Visat teen Rasta,23.1192572,72.5656704,GEOCODED,2026-06-14 00:58:13,overlay,0.49,evidence/CAM-05_5793_1788366412710.jpg
3043,NOT_READABLE,,,bicycle,white,westbound,CAM-05,Visat teen Rasta,23.1192572,72.5656704,GEOCODED,2026-06-14 00:58:13,overlay,0.81,evidence/CAM-05_5794_1788366412731.jpg
3046,NOT_READABLE,,,motorcycle,grey,eastbound,CAM-05,Visat teen Rasta,23.1192572,72.5656704,GEOCODED,2026-06-14 00:58:13,overlay,0.46,evidence/CAM-05_5795_1788366412755.jpg
3048,NOT_READABLE,,,truck,grey,northbound,CAM-05,Visat teen Rasta,23.1192572,72.5656704,GEOCODED,2026-06-14 00:58:13,overlay,0.55,evidence/CAM-05_5797_1788366412790.jpg
3050,NOT_READABLE,,,motorcycle,grey,westbound,CAM-05,Visat teen Rasta,23.1192572,72.5656704,GEOCODED,2026-06-14 00:58:13,overlay,0.82,evidence/CAM-05_5798_1788366412807.jpg
3053,NOT_READABLE,,,motorcycle,grey,westbound,CAM-05,Visat teen Rasta,23.1192572,72.5656704,GEOCODED,2026-06-14 00:58:13,overlay,0.56,evidence/CAM-05_5801_1788366412951.jpg
3055,NOT_READABLE,,,car,green,southbound,CAM-05,Visat teen Rasta,23.1192572,72.5656704,GEOCODED,2026-06-14 00:58:13,overlay,0.48,evidence/CAM-05_5802_1788366412974.jpg
3056,NOT_READABLE,,,bicycle,grey,northbound,CAM-05,Visat teen Rasta,23.1192572,72.5656704,GEOCODED,2026-06-14 00:58:13,overlay,0.87,evidence/CAM-05_5807_1788366413006.jpg
3058,NOT_READABLE,,,bus,grey,westbound,CAM-05,Visat teen Rasta,23.1192572,72.5656704,GEOCODED,2026-06-14 00:58:13,overlay,0.47,evidence/CAM-05_5811_1788366413028.jpg
3060,NOT_READABLE,,,motorcycle,grey,stationary,CAM-05,Visat teen Rasta,23.1192572,72.5656704,GEOCODED,2026-06-14 00:58:13,overlay,0.62,evidence/CAM-05_5812_1788366413051.jpg
3063,NOT_READABLE,,,bus,grey,westbound,CAM-05,Visat teen Rasta,23.1192572,72.5656704,GEOCODED,2026-06-14 00:58:13,overlay,0.60,evidence/CAM-05_5814_1788366413096.jpg
3066,NOT_READABLE,,,motorcycle,grey,eastbound,CAM-05,Visat teen Rasta,23.1192572,72.5656704,GEOCODED,2026-06-14 00:58:13,overlay,0.57,evidence/CAM-05_5817_1788366413116.jpg
3069,NOT_READABLE,,,car,grey,northbound,CAM-05,Visat teen Rasta,23.1192572,72.5656704,GEOCODED,2026-06-14 00:58:13,overlay,0.71,evidence/CAM-05_5827_1788366413134.jpg
3072,NOT_READABLE,,,motorcycle,grey,southbound,CAM-05,Visat teen Rasta,23.1192572,72.5656704,GEOCODED,2026-06-14 00:58:13,overlay,0.63,evidence/CAM-05_5829_1788366413154.jpg
3074,NOT_READABLE,,,bicycle,grey,westbound,CAM-05,Visat teen Rasta,23.1192572,72.5656704,GEOCODED,2026-06-14 00:58:13,overlay,0.49,evidence/CAM-05_5833_1788366413175.jpg
3076,NOT_READABLE,,,motorcycle,yellow,southbound,CAM-05,Visat teen Rasta,23.1192572,72.5656704,GEOCODED,2026-06-14 00:58:13,overlay,0.38,evidence/CAM-05_5834_1788366413208.jpg
3078,NOT_READABLE,,,car,grey,northbound,CAM-05,Visat teen Rasta,23.1192572,72.5656704,GEOCODED,2026-06-14 00:58:13,overlay,0.79,evidence/CAM-05_5839_1788366413244.jpg
3080,NOT_READABLE,,,motorcycle,grey,eastbound,CAM-05,Visat teen Rasta,23.1192572,72.5656704,GEOCODED,2026-06-14 00:58:13,overlay,0.48,evidence/CAM-05_5840_1788366413275.jpg
3082,NOT_READABLE,,,motorcycle,grey,westbound,CAM-05,Visat teen Rasta,23.1192572,72.5656704,GEOCODED,2026-06-14 00:58:13,overlay,0.59,evidence/CAM-05_5841_1788366413303.jpg
3084,NOT_READABLE,,,truck,grey,eastbound,CAM-05,Visat teen Rasta,23.1192572,72.5656704,GEOCODED,2026-06-14 00:58:13,overlay,0.74,evidence/CAM-05_5849_1788366413331.jpg
3085,NOT_READABLE,,,bicycle,grey,southbound,CAM-05,Visat teen Rasta,23.1192572,72.5656704,GEOCODED,2026-06-14 00:58:13,overlay,0.57,evidence/CAM-05_5851_1788366413352.jpg
3086,NOT_READABLE,,,truck,grey,stationary,CAM-05,Visat teen Rasta,23.1192572,72.5656704,GEOCODED,2026-06-14 00:58:13,overlay,0.73,evidence/CAM-05_5859_1788366413410.jpg
3087,NOT_READABLE,,,bus,grey,northbound,CAM-05,Visat teen Rasta,23.1192572,72.5656704,GEOCODED,2026-06-14 00:58:13,overlay,0.86,evidence/CAM-05_5604_1788366414020.jpg
3088,NOT_READABLE,,,car,white,northbound,CAM-05,Visat teen Rasta,23.1192572,72.5656704,GEOCODED,2026-06-14 00:58:13,overlay,0.73,evidence/CAM-05_5650_1788366414049.jpg
3329,NOT_READABLE,,,bicycle,grey,southbound,CAM-13,CN-VIDHYALAYA,23.0284,72.5541,APPROXIMATE,2026-06-14 00:58:14,overlay,10.55,evidence/CAM-13_4366_1788366429085.jpg
3090,NOT_READABLE,,,car,red,westbound,CAM-05,Visat teen Rasta,23.1192572,72.5656704,GEOCODED,2026-06-14 00:58:17,overlay,0.68,evidence/CAM-05_5826_1788366415753.jpg
3092,NOT_READABLE,,,truck,grey,northbound,CAM-05,Visat teen Rasta,23.1192572,72.5656704,GEOCODED,2026-06-14 00:58:18,overlay,0.94,evidence/CAM-05_5553_1788366416041.jpg
3093,NOT_READABLE,,,bicycle,grey,westbound,CAM-05,Visat teen Rasta,23.1192572,72.5656704,GEOCODED,2026-06-14 00:58:18,overlay,0.59,evidence/CAM-05_5569_1788366416127.jpg
3383,NOT_READABLE,,,car,white,westbound,CAM-13,CN-VIDHYALAYA,23.0284,72.5541,APPROXIMATE,2026-06-14 00:58:19,overlay,0.85,evidence/CAM-13_4381_1788366437421.jpg
3094,NOT_READABLE,,,motorcycle,grey,eastbound,CAM-05,Visat teen Rasta,23.1192572,72.5656704,GEOCODED,2026-06-14 00:58:20,overlay,2.91,evidence/CAM-05_5537_1788366416292.jpg
3095,NOT_READABLE,,,car,grey,westbound,CAM-05,Visat teen Rasta,23.1192572,72.5656704,GEOCODED,2026-06-14 00:58:20,overlay,3.69,evidence/CAM-05_5539_1788366416313.jpg
3096,NOT_READABLE,,,bus,grey,westbound,CAM-05,Visat teen Rasta,23.1192572,72.5656704,GEOCODED,2026-06-14 00:58:20,overlay,2.15,evidence/CAM-05_5543_1788366416366.jpg
3097,NOT_READABLE,,,bicycle,grey,southbound,CAM-05,Visat teen Rasta,23.1192572,72.5656704,GEOCODED,2026-06-14 00:58:20,overlay,4.39,evidence/CAM-05_5776_1788366416386.jpg
3098,NOT_READABLE,,,motorcycle,green,westbound,CAM-05,Visat teen Rasta,23.1192572,72.5656704,GEOCODED,2026-06-14 00:58:20,overlay,1.46,evidence/CAM-05_5784_1788366416406.jpg
3099,NOT_READABLE,,,bicycle,grey,northbound,CAM-05,Visat teen Rasta,23.1192572,72.5656704,GEOCODED,2026-06-14 00:58:20,overlay,2.45,evidence/CAM-05_5870_1788366416425.jpg
3100,NOT_READABLE,,,car,grey,southbound,CAM-05,Visat teen Rasta,23.1192572,72.5656704,GEOCODED,2026-06-14 00:58:20,overlay,3.75,evidence/CAM-05_5872_1788366416456.jpg
3101,NOT_READABLE,,,car,grey,northbound,CAM-05,Visat teen Rasta,23.1192572,72.5656704,GEOCODED,2026-06-14 00:58:20,overlay,6.68,evidence/CAM-05_5884_1788366416481.jpg
3102,NOT_READABLE,,,car,,westbound,CAM-05,Visat teen Rasta,23.1192572,72.5656704,GEOCODED,2026-06-14 00:58:20,overlay,5.26,evidence/CAM-05_5966_1788366416572.jpg
3103,NOT_READABLE,,,truck,,eastbound,CAM-05,Visat teen Rasta,23.1192572,72.5656704,GEOCODED,2026-06-14 00:58:20,overlay,4.78,evidence/CAM-05_5974_1788366416613.jpg
3104,NOT_READABLE,,,bicycle,,westbound,CAM-05,Visat teen Rasta,23.1192572,72.5656704,GEOCODED,2026-06-14 00:58:20,overlay,1.89,evidence/CAM-05_5975_1788366416638.jpg
3105,NOT_READABLE,,,truck,,stationary,CAM-05,Visat teen Rasta,23.1192572,72.5656704,GEOCODED,2026-06-14 00:58:20,overlay,4.35,evidence/CAM-05_5979_1788366416718.jpg
3106,NOT_READABLE,,,bicycle,,northbound,CAM-05,Visat teen Rasta,23.1192572,72.5656704,GEOCODED,2026-06-14 00:58:20,overlay,6.30,evidence/CAM-05_5981_1788366416743.jpg
3107,NOT_READABLE,,,car,,eastbound,CAM-05,Visat teen Rasta,23.1192572,72.5656704,GEOCODED,2026-06-14 00:58:20,overlay,5.07,evidence/CAM-05_5982_1788366416767.jpg
3108,NOT_READABLE,,,bicycle,,southbound,CAM-05,Visat teen Rasta,23.1192572,72.5656704,GEOCODED,2026-06-14 00:58:20,overlay,9.81,evidence/CAM-05_5983_1788366416797.jpg
3109,NOT_READABLE,,,bus,,westbound,CAM-05,Visat teen Rasta,23.1192572,72.5656704,GEOCODED,2026-06-14 00:58:20,overlay,4.02,evidence/CAM-05_5986_1788366416816.jpg
3110,NOT_READABLE,,,motorcycle,,northbound,CAM-05,Visat teen Rasta,23.1192572,72.5656704,GEOCODED,2026-06-14 00:58:20,overlay,4.94,evidence/CAM-05_5987_1788366416833.jpg
3384,NOT_READABLE,,,truck,grey,eastbound,CAM-13,CN-VIDHYALAYA,23.0284,72.5541,APPROXIMATE,2026-06-14 00:58:20,overlay,3.21,evidence/CAM-13_4386_1788366437647.jpg
3385,NOT_READABLE,,,bus,grey,westbound,CAM-13,CN-VIDHYALAYA,23.0284,72.5541,APPROXIMATE,2026-06-14 00:58:20,overlay,0.83,evidence/CAM-13_4393_1788366437704.jpg
3386,NOT_READABLE,,,bicycle,grey,eastbound,CAM-13,CN-VIDHYALAYA,23.0284,72.5541,APPROXIMATE,2026-06-14 00:58:20,overlay,0.98,evidence/CAM-13_4395_1788366437819.jpg
3387,NOT_READABLE,,,truck,grey,westbound,CAM-13,CN-VIDHYALAYA,23.0284,72.5541,APPROXIMATE,2026-06-14 00:58:20,overlay,4.06,evidence/CAM-13_4415_1788366438012.jpg
3388,NOT_READABLE,,,bicycle,grey,northbound,CAM-13,CN-VIDHYALAYA,23.0284,72.5541,APPROXIMATE,2026-06-14 00:58:20,overlay,0.84,evidence/CAM-13_4420_1788366438038.jpg
3389,NOT_READABLE,,,truck,grey,westbound,CAM-13,CN-VIDHYALAYA,23.0284,72.5541,APPROXIMATE,2026-06-14 00:58:20,overlay,0.59,evidence/CAM-13_4436_1788366438213.jpg
3390,NOT_READABLE,,,truck,grey,northbound,CAM-13,CN-VIDHYALAYA,23.0284,72.5541,APPROXIMATE,2026-06-14 00:58:20,overlay,0.72,evidence/CAM-13_4450_1788366438274.jpg
3391,NOT_READABLE,,,car,grey,westbound,CAM-13,CN-VIDHYALAYA,23.0284,72.5541,APPROXIMATE,2026-06-14 00:58:20,overlay,4.56,evidence/CAM-13_4455_1788366438466.jpg
3392,NOT_READABLE,,,bus,grey,northbound,CAM-13,CN-VIDHYALAYA,23.0284,72.5541,APPROXIMATE,2026-06-14 00:58:20,overlay,0.93,evidence/CAM-13_4472_1788366438546.jpg
3393,NOT_READABLE,,,truck,black,southbound,CAM-13,CN-VIDHYALAYA,23.0284,72.5541,APPROXIMATE,2026-06-14 00:58:20,overlay,4.17,evidence/CAM-13_4507_1788366438597.jpg
3394,NOT_READABLE,,,bus,grey,northbound,CAM-13,CN-VIDHYALAYA,23.0284,72.5541,APPROXIMATE,2026-06-14 00:58:20,overlay,6.32,evidence/CAM-13_4509_1788366438657.jpg
3395,NOT_READABLE,,,bicycle,white,southbound,CAM-13,CN-VIDHYALAYA,23.0284,72.5541,APPROXIMATE,2026-06-14 00:58:20,overlay,12.43,evidence/CAM-13_4533_1788366438688.jpg
3396,NOT_READABLE,,,truck,,stationary,CAM-13,CN-VIDHYALAYA,23.0284,72.5541,APPROXIMATE,2026-06-14 00:58:20,overlay,7.24,evidence/CAM-13_4607_1788366438717.jpg
3397,NOT_READABLE,,,bus,,northbound,CAM-13,CN-VIDHYALAYA,23.0284,72.5541,APPROXIMATE,2026-06-14 00:58:20,overlay,7.60,evidence/CAM-13_4628_1788366438751.jpg
3398,NOT_READABLE,,,truck,,stationary,CAM-13,CN-VIDHYALAYA,23.0284,72.5541,APPROXIMATE,2026-06-14 00:58:20,overlay,6.19,evidence/CAM-13_4629_1788366438790.jpg
3399,NOT_READABLE,,,truck,,stationary,CAM-13,CN-VIDHYALAYA,23.0284,72.5541,APPROXIMATE,2026-06-14 00:58:20,overlay,1.27,evidence/CAM-13_4630_1788366438817.jpg
3400,NOT_READABLE,,,bus,,northbound,CAM-13,CN-VIDHYALAYA,23.0284,72.5541,APPROXIMATE,2026-06-14 00:58:20,overlay,7.72,evidence/CAM-13_4632_1788366438841.jpg
3402,NOT_READABLE,,,car,grey,eastbound,CAM-13,CN-VIDHYALAYA,23.0284,72.5541,APPROXIMATE,2026-06-14 00:58:22,overlay,0.93,evidence/CAM-13_4650_1788366442063.jpg
3416,NOT_READABLE,,,car,blue,stationary,CAM-04,,23.0146,72.5679,APPROXIMATE,2026-06-14 00:58:23,overlay,0.38,evidence/CAM-04_2223_1788366445919.jpg
3403,NOT_READABLE,,,car,white,eastbound,CAM-13,CN-VIDHYALAYA,23.0284,72.5541,APPROXIMATE,2026-06-14 00:58:23,overlay,0.42,evidence/CAM-13_4652_1788366443178.jpg
3244,NOT_READABLE,,,car,grey,southbound,CAM-05,Visat teen Rasta,23.1192572,72.5656704,GEOCODED,2026-06-14 00:58:26,overlay,0.63,evidence/CAM-05_6024_1788366424233.jpg
2657,NOT_READABLE,,,car,grey,stationary,CAM-01,Chiman bhai Bridge,23.0064,72.5698,APPROXIMATE,2026-06-14 00:58:27,overlay,0.99,evidence/CAM-01_4104_1788366385173.jpg
2659,NOT_READABLE,,,motorcycle,purple,eastbound,CAM-01,Chiman bhai Bridge,23.0064,72.5698,APPROXIMATE,2026-06-14 00:58:27,overlay,0.64,evidence/CAM-01_4105_1788366385192.jpg
2661,NOT_READABLE,,,motorcycle,grey,westbound,CAM-01,Chiman bhai Bridge,23.0064,72.5698,APPROXIMATE,2026-06-14 00:58:27,overlay,0.47,evidence/CAM-01_4106_1788366385205.jpg
2663,NOT_READABLE,,,bicycle,grey,northbound,CAM-01,Chiman bhai Bridge,23.0064,72.5698,APPROXIMATE,2026-06-14 00:58:27,overlay,0.36,evidence/CAM-01_4107_1788366385236.jpg
2665,NOT_READABLE,,,bus,grey,southbound,CAM-01,Chiman bhai Bridge,23.0064,72.5698,APPROXIMATE,2026-06-14 00:58:27,overlay,0.68,evidence/CAM-01_4108_1788366385259.jpg
3245,NOT_READABLE,,,car,grey,southbound,CAM-05,Visat teen Rasta,23.1192572,72.5656704,GEOCODED,2026-06-14 00:58:27,overlay,8.87,evidence/CAM-05_5573_1788366424783.jpg
3246,NOT_READABLE,,,bus,grey,westbound,CAM-05,Visat teen Rasta,23.1192572,72.5656704,GEOCODED,2026-06-14 00:58:27,overlay,2.46,evidence/CAM-05_5648_1788366424821.jpg
3247,NOT_READABLE,,,bicycle,grey,eastbound,CAM-05,Visat teen Rasta,23.1192572,72.5656704,GEOCODED,2026-06-14 00:58:27,overlay,0.58,evidence/CAM-05_6013_1788366424914.jpg
3248,NOT_READABLE,,,bicycle,grey,stationary,CAM-05,Visat teen Rasta,23.1192572,72.5656704,GEOCODED,2026-06-14 00:58:27,overlay,8.55,evidence/CAM-05_6087_1788366424934.jpg
3249,NOT_READABLE,,,truck,grey,stationary,CAM-05,Visat teen Rasta,23.1192572,72.5656704,GEOCODED,2026-06-14 00:58:27,overlay,6.22,evidence/CAM-05_6088_1788366425096.jpg
3250,NOT_READABLE,,,car,grey,westbound,CAM-05,Visat teen Rasta,23.1192572,72.5656704,GEOCODED,2026-06-14 00:58:27,overlay,7.48,evidence/CAM-05_6090_1788366425121.jpg
3252,NOT_READABLE,,,bus,grey,southbound,CAM-05,Visat teen Rasta,23.1192572,72.5656704,GEOCODED,2026-06-14 00:58:27,overlay,0.96,evidence/CAM-05_6091_1788366425223.jpg
3254,NOT_READABLE,,,bus,grey,southbound,CAM-05,Visat teen Rasta,23.1192572,72.5656704,GEOCODED,2026-06-14 00:58:27,overlay,8.33,evidence/CAM-05_6092_1788366425250.jpg
3255,NOT_READABLE,,,bus,grey,northbound,CAM-05,Visat teen Rasta,23.1192572,72.5656704,GEOCODED,2026-06-14 00:58:27,overlay,7.81,evidence/CAM-05_6093_1788366425270.jpg
3256,NOT_READABLE,,,truck,grey,eastbound,CAM-05,Visat teen Rasta,23.1192572,72.5656704,GEOCODED,2026-06-14 00:58:27,overlay,0.87,evidence/CAM-05_6096_1788366425295.jpg
3257,NOT_READABLE,,,motorcycle,grey,eastbound,CAM-05,Visat teen Rasta,23.1192572,72.5656704,GEOCODED,2026-06-14 00:58:27,overlay,0.90,evidence/CAM-05_6099_1788366425311.jpg
3258,NOT_READABLE,,,car,grey,westbound,CAM-05,Visat teen Rasta,23.1192572,72.5656704,GEOCODED,2026-06-14 00:58:27,overlay,0.79,evidence/CAM-05_6101_1788366425333.jpg
3259,NOT_READABLE,,,bicycle,grey,eastbound,CAM-05,Visat teen Rasta,23.1192572,72.5656704,GEOCODED,2026-06-14 00:58:27,overlay,0.89,evidence/CAM-05_6102_1788366425353.jpg
3260,NOT_READABLE,,,truck,grey,stationary,CAM-05,Visat teen Rasta,23.1192572,72.5656704,GEOCODED,2026-06-14 00:58:27,overlay,0.80,evidence/CAM-05_6103_1788366425376.jpg
3261,NOT_READABLE,,,truck,grey,southbound,CAM-05,Visat teen Rasta,23.1192572,72.5656704,GEOCODED,2026-06-14 00:58:27,overlay,0.97,evidence/CAM-05_6105_1788366425397.jpg
3262,NOT_READABLE,,,bicycle,grey,northbound,CAM-05,Visat teen Rasta,23.1192572,72.5656704,GEOCODED,2026-06-14 00:58:27,overlay,6.79,evidence/CAM-05_6106_1788366425422.jpg
3263,NOT_READABLE,,,motorcycle,grey,eastbound,CAM-05,Visat teen Rasta,23.1192572,72.5656704,GEOCODED,2026-06-14 00:58:27,overlay,0.87,evidence/CAM-05_6109_1788366425444.jpg
3264,NOT_READABLE,,,truck,grey,southbound,CAM-05,Visat teen Rasta,23.1192572,72.5656704,GEOCODED,2026-06-14 00:58:27,overlay,5.43,evidence/CAM-05_6116_1788366425508.jpg
3265,NOT_READABLE,,,bicycle,grey,northbound,CAM-05,Visat teen Rasta,23.1192572,72.5656704,GEOCODED,2026-06-14 00:58:27,overlay,0.94,evidence/CAM-05_6117_1788366425565.jpg
3266,NOT_READABLE,,,bus,grey,southbound,CAM-05,Visat teen Rasta,23.1192572,72.5656704,GEOCODED,2026-06-14 00:58:27,overlay,0.86,evidence/CAM-05_6120_1788366425601.jpg
3267,NOT_READABLE,,,truck,green,eastbound,CAM-05,Visat teen Rasta,23.1192572,72.5656704,GEOCODED,2026-06-14 00:58:27,overlay,6.83,evidence/CAM-05_6123_1788366425628.jpg
3268,NOT_READABLE,,,bus,grey,southbound,CAM-05,Visat teen Rasta,23.1192572,72.5656704,GEOCODED,2026-06-14 00:58:27,overlay,0.81,evidence/CAM-05_6124_1788366425643.jpg
3269,NOT_READABLE,,,motorcycle,grey,southbound,CAM-05,Visat teen Rasta,23.1192572,72.5656704,GEOCODED,2026-06-14 00:58:27,overlay,0.97,evidence/CAM-05_6125_1788366425678.jpg
3270,NOT_READABLE,,,car,grey,westbound,CAM-05,Visat teen Rasta,23.1192572,72.5656704,GEOCODED,2026-06-14 00:58:27,overlay,0.78,evidence/CAM-05_6126_1788366425703.jpg
3271,NOT_READABLE,,,motorcycle,grey,westbound,CAM-05,Visat teen Rasta,23.1192572,72.5656704,GEOCODED,2026-06-14 00:58:27,overlay,0.51,evidence/CAM-05_6127_1788366425811.jpg
3272,NOT_READABLE,,,bus,grey,southbound,CAM-05,Visat teen Rasta,23.1192572,72.5656704,GEOCODED,2026-06-14 00:58:27,overlay,0.88,evidence/CAM-05_6129_1788366425835.jpg
3273,NOT_READABLE,,,car,grey,westbound,CAM-05,Visat teen Rasta,23.1192572,72.5656704,GEOCODED,2026-06-14 00:58:27,overlay,0.84,evidence/CAM-05_6131_1788366425850.jpg
3274,NOT_READABLE,,,car,grey,westbound,CAM-05,Visat teen Rasta,23.1192572,72.5656704,GEOCODED,2026-06-14 00:58:27,overlay,0.74,evidence/CAM-05_6138_1788366425871.jpg
3275,NOT_READABLE,,,truck,grey,southbound,CAM-05,Visat teen Rasta,23.1192572,72.5656704,GEOCODED,2026-06-14 00:58:27,overlay,0.92,evidence/CAM-05_6139_1788366425892.jpg
3276,NOT_READABLE,,,car,grey,southbound,CAM-05,Visat teen Rasta,23.1192572,72.5656704,GEOCODED,2026-06-14 00:58:27,overlay,0.93,evidence/CAM-05_6144_1788366425913.jpg
3277,NOT_READABLE,,,motorcycle,grey,eastbound,CAM-05,Visat teen Rasta,23.1192572,72.5656704,GEOCODED,2026-06-14 00:58:27,overlay,0.92,evidence/CAM-05_6145_1788366425934.jpg
3278,NOT_READABLE,,,bicycle,grey,northbound,CAM-05,Visat teen Rasta,23.1192572,72.5656704,GEOCODED,2026-06-14 00:58:27,overlay,0.82,evidence/CAM-05_6147_1788366425952.jpg
3279,NOT_READABLE,,,bicycle,grey,northbound,CAM-05,Visat teen Rasta,23.1192572,72.5656704,GEOCODED,2026-06-14 00:58:27,overlay,0.88,evidence/CAM-05_6148_1788366425970.jpg
3280,NOT_READABLE,,,car,grey,northbound,CAM-05,Visat teen Rasta,23.1192572,72.5656704,GEOCODED,2026-06-14 00:58:27,overlay,0.93,evidence/CAM-05_6149_1788366425985.jpg
3281,NOT_READABLE,,,bicycle,grey,southbound,CAM-05,Visat teen Rasta,23.1192572,72.5656704,GEOCODED,2026-06-14 00:58:27,overlay,0.79,evidence/CAM-05_6151_1788366426103.jpg
3282,NOT_READABLE,,,bicycle,grey,westbound,CAM-05,Visat teen Rasta,23.1192572,72.5656704,GEOCODED,2026-06-14 00:58:27,overlay,0.72,evidence/CAM-05_6153_1788366426130.jpg
3283,NOT_READABLE,,,car,grey,westbound,CAM-05,Visat teen Rasta,23.1192572,72.5656704,GEOCODED,2026-06-14 00:58:27,overlay,0.94,evidence/CAM-05_6155_1788366426245.jpg
3284,NOT_READABLE,,,car,grey,westbound,CAM-05,Visat teen Rasta,23.1192572,72.5656704,GEOCODED,2026-06-14 00:58:27,overlay,0.66,evidence/CAM-05_6158_1788366426301.jpg
3285,NOT_READABLE,,,car,grey,stationary,CAM-05,Visat teen Rasta,23.1192572,72.5656704,GEOCODED,2026-06-14 00:58:27,overlay,0.83,evidence/CAM-05_6160_1788366426332.jpg
3286,NOT_READABLE,,,motorcycle,green,southbound,CAM-05,Visat teen Rasta,23.1192572,72.5656704,GEOCODED,2026-06-14 00:58:27,overlay,0.78,evidence/CAM-05_6161_1788366427213.jpg
3287,NOT_READABLE,,,bicycle,blue,westbound,CAM-05,Visat teen Rasta,23.1192572,72.5656704,GEOCODED,2026-06-14 00:58:27,overlay,0.93,evidence/CAM-05_6162_1788366427336.jpg
3288,NOT_READABLE,,,car,grey,westbound,CAM-05,Visat teen Rasta,23.1192572,72.5656704,GEOCODED,2026-06-14 00:58:27,overlay,6.90,evidence/CAM-05_6166_1788366427368.jpg
3289,NOT_READABLE,,,bus,yellow,eastbound,CAM-05,Visat teen Rasta,23.1192572,72.5656704,GEOCODED,2026-06-14 00:58:27,overlay,0.79,evidence/CAM-05_6168_1788366427392.jpg
3290,NOT_READABLE,,,bicycle,grey,eastbound,CAM-05,Visat teen Rasta,23.1192572,72.5656704,GEOCODED,2026-06-14 00:58:27,overlay,8.22,evidence/CAM-05_6173_1788366427497.jpg
3291,NOT_READABLE,,,truck,grey,westbound,CAM-05,Visat teen Rasta,23.1192572,72.5656704,GEOCODED,2026-06-14 00:58:27,overlay,0.88,evidence/CAM-05_6174_1788366427522.jpg
3292,NOT_READABLE,,,car,green,eastbound,CAM-05,Visat teen Rasta,23.1192572,72.5656704,GEOCODED,2026-06-14 00:58:27,overlay,0.61,evidence/CAM-05_6175_1788366427603.jpg
3293,NOT_READABLE,,,car,grey,eastbound,CAM-05,Visat teen Rasta,23.1192572,72.5656704,GEOCODED,2026-06-14 00:58:27,overlay,0.95,evidence/CAM-05_6176_1788366427626.jpg
3294,NOT_READABLE,,,car,orange,westbound,CAM-05,Visat teen Rasta,23.1192572,72.5656704,GEOCODED,2026-06-14 00:58:27,overlay,0.94,evidence/CAM-05_6177_1788366427655.jpg
3295,NOT_READABLE,,,motorcycle,grey,westbound,CAM-05,Visat teen Rasta,23.1192572,72.5656704,GEOCODED,2026-06-14 00:58:27,overlay,0.78,evidence/CAM-05_6179_1788366427738.jpg
3296,NOT_READABLE,,,car,green,westbound,CAM-05,Visat teen Rasta,23.1192572,72.5656704,GEOCODED,2026-06-14 00:58:27,overlay,0.82,evidence/CAM-05_6180_1788366427764.jpg
3297,NOT_READABLE,,,motorcycle,grey,southbound,CAM-05,Visat teen Rasta,23.1192572,72.5656704,GEOCODED,2026-06-14 00:58:27,overlay,0.80,evidence/CAM-05_6181_1788366427861.jpg
3298,NOT_READABLE,,,truck,white,eastbound,CAM-05,Visat teen Rasta,23.1192572,72.5656704,GEOCODED,2026-06-14 00:58:27,overlay,0.57,evidence/CAM-05_6183_1788366427992.jpg
3299,NOT_READABLE,,,car,red,westbound,CAM-05,Visat teen Rasta,23.1192572,72.5656704,GEOCODED,2026-06-14 00:58:27,overlay,0.82,evidence/CAM-05_6184_1788366428107.jpg
3300,NOT_READABLE,,,truck,grey,southbound,CAM-05,Visat teen Rasta,23.1192572,72.5656704,GEOCODED,2026-06-14 00:58:27,overlay,0.59,evidence/CAM-05_6185_1788366428130.jpg
3301,NOT_READABLE,,,bicycle,grey,southbound,CAM-05,Visat teen Rasta,23.1192572,72.5656704,GEOCODED,2026-06-14 00:58:27,overlay,0.87,evidence/CAM-05_6186_1788366428155.jpg
3302,NOT_READABLE,,,car,grey,northbound,CAM-05,Visat teen Rasta,23.1192572,72.5656704,GEOCODED,2026-06-14 00:58:27,overlay,0.79,evidence/CAM-05_6187_1788366428176.jpg
3303,NOT_READABLE,,,motorcycle,white,eastbound,CAM-05,Visat teen Rasta,23.1192572,72.5656704,GEOCODED,2026-06-14 00:58:27,overlay,0.83,evidence/CAM-05_6189_1788366428279.jpg
3304,NOT_READABLE,,,bus,grey,eastbound,CAM-05,Visat teen Rasta,23.1192572,72.5656704,GEOCODED,2026-06-14 00:58:27,overlay,0.65,evidence/CAM-05_6190_1788366428383.jpg
3305,NOT_READABLE,,,bus,grey,southbound,CAM-05,Visat teen Rasta,23.1192572,72.5656704,GEOCODED,2026-06-14 00:58:27,overlay,0.66,evidence/CAM-05_6191_1788366428411.jpg
3306,NOT_READABLE,,,bicycle,grey,eastbound,CAM-05,Visat teen Rasta,23.1192572,72.5656704,GEOCODED,2026-06-14 00:58:27,overlay,0.79,evidence/CAM-05_6192_1788366428598.jpg
3308,NOT_READABLE,,,bicycle,grey,westbound,CAM-05,Visat teen Rasta,23.1192572,72.5656704,GEOCODED,2026-06-14 00:58:27,overlay,0.86,evidence/CAM-05_6193_1788366428614.jpg
3309,NOT_READABLE,,,motorcycle,green,southbound,CAM-05,Visat teen Rasta,23.1192572,72.5656704,GEOCODED,2026-06-14 00:58:27,overlay,0.85,evidence/CAM-05_6194_1788366428639.jpg
3310,NOT_READABLE,,,car,grey,westbound,CAM-05,Visat teen Rasta,23.1192572,72.5656704,GEOCODED,2026-06-14 00:58:27,overlay,0.63,evidence/CAM-05_6195_1788366428662.jpg
3311,NOT_READABLE,,,car,grey,westbound,CAM-05,Visat teen Rasta,23.1192572,72.5656704,GEOCODED,2026-06-14 00:58:27,overlay,0.46,evidence/CAM-05_6196_1788366428683.jpg
3312,NOT_READABLE,,,bus,grey,westbound,CAM-05,Visat teen Rasta,23.1192572,72.5656704,GEOCODED,2026-06-14 00:58:27,overlay,0.45,evidence/CAM-05_6197_1788366428701.jpg
3313,NOT_READABLE,,,bicycle,green,eastbound,CAM-05,Visat teen Rasta,23.1192572,72.5656704,GEOCODED,2026-06-14 00:58:27,overlay,0.71,evidence/CAM-05_6201_1788366428721.jpg
3314,NOT_READABLE,,,bicycle,grey,northbound,CAM-05,Visat teen Rasta,23.1192572,72.5656704,GEOCODED,2026-06-14 00:58:27,overlay,0.60,evidence/CAM-05_6202_1788366428747.jpg
3315,NOT_READABLE,,,bus,grey,southbound,CAM-05,Visat teen Rasta,23.1192572,72.5656704,GEOCODED,2026-06-14 00:58:27,overlay,0.79,evidence/CAM-05_6204_1788366428768.jpg
3316,NOT_READABLE,,,bicycle,white,westbound,CAM-05,Visat teen Rasta,23.1192572,72.5656704,GEOCODED,2026-06-14 00:58:27,overlay,0.89,evidence/CAM-05_6206_1788366428785.jpg
3317,NOT_READABLE,,,car,green,westbound,CAM-05,Visat teen Rasta,23.1192572,72.5656704,GEOCODED,2026-06-14 00:58:27,overlay,0.53,evidence/CAM-05_6208_1788366428819.jpg
3319,NOT_READABLE,,,car,black,southbound,CAM-05,Visat teen Rasta,23.1192572,72.5656704,GEOCODED,2026-06-14 00:58:27,overlay,0.85,evidence/CAM-05_6209_1788366428957.jpg
3320,NOT_READABLE,,,car,grey,eastbound,CAM-05,Visat teen Rasta,23.1192572,72.5656704,GEOCODED,2026-06-14 00:58:27,overlay,0.82,evidence/CAM-05_6210_1788366428977.jpg
3322,NOT_READABLE,,,car,grey,southbound,CAM-05,Visat teen Rasta,23.1192572,72.5656704,GEOCODED,2026-06-14 00:58:27,overlay,0.72,evidence/CAM-05_6211_1788366428992.jpg
3324,NOT_READABLE,,,car,grey,northbound,CAM-05,Visat teen Rasta,23.1192572,72.5656704,GEOCODED,2026-06-14 00:58:27,overlay,0.97,evidence/CAM-05_6214_1788366429024.jpg
3326,NOT_READABLE,,,bicycle,grey,southbound,CAM-05,Visat teen Rasta,23.1192572,72.5656704,GEOCODED,2026-06-14 00:58:27,overlay,0.97,evidence/CAM-05_6216_1788366429040.jpg
3327,NOT_READABLE,,,bicycle,green,stationary,CAM-05,Visat teen Rasta,23.1192572,72.5656704,GEOCODED,2026-06-14 00:58:27,overlay,0.49,evidence/CAM-05_6217_1788366429059.jpg
3328,NOT_READABLE,,,motorcycle,orange,southbound,CAM-05,Visat teen Rasta,23.1192572,72.5656704,GEOCODED,2026-06-14 00:58:27,overlay,0.69,evidence/CAM-05_6218_1788366429076.jpg
3330,NOT_READABLE,,,motorcycle,grey,northbound,CAM-05,Visat teen Rasta,23.1192572,72.5656704,GEOCODED,2026-06-14 00:58:27,overlay,0.55,evidence/CAM-05_6219_1788366429101.jpg
3331,NOT_READABLE,,,motorcycle,grey,westbound,CAM-05,Visat teen Rasta,23.1192572,72.5656704,GEOCODED,2026-06-14 00:58:27,overlay,0.60,evidence/CAM-05_6220_1788366429120.jpg
3332,NOT_READABLE,,,bus,orange,southbound,CAM-05,Visat teen Rasta,23.1192572,72.5656704,GEOCODED,2026-06-14 00:58:27,overlay,0.59,evidence/CAM-05_6221_1788366429141.jpg
3333,NOT_READABLE,,,bus,grey,westbound,CAM-05,Visat teen Rasta,23.1192572,72.5656704,GEOCODED,2026-06-14 00:58:27,overlay,0.43,evidence/CAM-05_6227_1788366429160.jpg
3334,NOT_READABLE,,,bus,black,eastbound,CAM-05,Visat teen Rasta,23.1192572,72.5656704,GEOCODED,2026-06-14 00:58:27,overlay,0.48,evidence/CAM-05_6229_1788366429181.jpg
3335,NOT_READABLE,,,motorcycle,grey,westbound,CAM-05,Visat teen Rasta,23.1192572,72.5656704,GEOCODED,2026-06-14 00:58:27,overlay,0.50,evidence/CAM-05_6230_1788366429199.jpg
3336,NOT_READABLE,,,motorcycle,grey,eastbound,CAM-05,Visat teen Rasta,23.1192572,72.5656704,GEOCODED,2026-06-14 00:58:27,overlay,0.82,evidence/CAM-05_6231_1788366429215.jpg
3337,NOT_READABLE,,,bicycle,green,southbound,CAM-05,Visat teen Rasta,23.1192572,72.5656704,GEOCODED,2026-06-14 00:58:27,overlay,0.94,evidence/CAM-05_6232_1788366429235.jpg
3338,NOT_READABLE,,,bicycle,grey,southbound,CAM-05,Visat teen Rasta,23.1192572,72.5656704,GEOCODED,2026-06-14 00:58:27,overlay,0.77,evidence/CAM-05_6233_1788366429254.jpg
3339,NOT_READABLE,,,bus,grey,southbound,CAM-05,Visat teen Rasta,23.1192572,72.5656704,GEOCODED,2026-06-14 00:58:27,overlay,0.73,evidence/CAM-05_6236_1788366429273.jpg
3340,NOT_READABLE,,,car,grey,southbound,CAM-05,Visat teen Rasta,23.1192572,72.5656704,GEOCODED,2026-06-14 00:58:27,overlay,0.89,evidence/CAM-05_6238_1788366429289.jpg
3341,NOT_READABLE,,,truck,grey,eastbound,CAM-05,Visat teen Rasta,23.1192572,72.5656704,GEOCODED,2026-06-14 00:58:27,overlay,0.49,evidence/CAM-05_6239_1788366429303.jpg
3342,NOT_READABLE,,,car,black,southbound,CAM-05,Visat teen Rasta,23.1192572,72.5656704,GEOCODED,2026-06-14 00:58:27,overlay,0.95,evidence/CAM-05_6243_1788366429319.jpg
3343,NOT_READABLE,,,motorcycle,grey,westbound,CAM-05,Visat teen Rasta,23.1192572,72.5656704,GEOCODED,2026-06-14 00:58:27,overlay,0.81,evidence/CAM-05_6244_1788366429335.jpg
3344,NOT_READABLE,,,bicycle,grey,eastbound,CAM-05,Visat teen Rasta,23.1192572,72.5656704,GEOCODED,2026-06-14 00:58:27,overlay,0.96,evidence/CAM-05_6245_1788366429470.jpg
3345,NOT_READABLE,,,bus,grey,northbound,CAM-05,Visat teen Rasta,23.1192572,72.5656704,GEOCODED,2026-06-14 00:58:27,overlay,0.47,evidence/CAM-05_6251_1788366429500.jpg
3346,NOT_READABLE,,,bicycle,grey,eastbound,CAM-05,Visat teen Rasta,23.1192572,72.5656704,GEOCODED,2026-06-14 00:58:27,overlay,0.51,evidence/CAM-05_6253_1788366429533.jpg
3347,NOT_READABLE,,,car,black,stationary,CAM-05,Visat teen Rasta,23.1192572,72.5656704,GEOCODED,2026-06-14 00:58:27,overlay,0.66,evidence/CAM-05_6256_1788366429560.jpg
3348,NOT_READABLE,,,motorcycle,grey,northbound,CAM-05,Visat teen Rasta,23.1192572,72.5656704,GEOCODED,2026-06-14 00:58:27,overlay,0.36,evidence/CAM-05_6257_1788366429617.jpg
3349,NOT_READABLE,,,motorcycle,black,southbound,CAM-05,Visat teen Rasta,23.1192572,72.5656704,GEOCODED,2026-06-14 00:58:27,overlay,0.48,evidence/CAM-05_6258_1788366429806.jpg
3350,NOT_READABLE,,,bus,grey,northbound,CAM-05,Visat teen Rasta,23.1192572,72.5656704,GEOCODED,2026-06-14 00:58:27,overlay,0.73,evidence/CAM-05_6259_1788366429833.jpg
3351,NOT_READABLE,,,bus,grey,eastbound,CAM-05,Visat teen Rasta,23.1192572,72.5656704,GEOCODED,2026-06-14 00:58:27,overlay,0.93,evidence/CAM-05_6260_1788366429945.jpg
3352,NOT_READABLE,,,car,grey,northbound,CAM-05,Visat teen Rasta,23.1192572,72.5656704,GEOCODED,2026-06-14 00:58:27,overlay,0.93,evidence/CAM-05_6261_1788366429967.jpg
3353,NOT_READABLE,,,bicycle,grey,stationary,CAM-05,Visat teen Rasta,23.1192572,72.5656704,GEOCODED,2026-06-14 00:58:27,overlay,0.54,evidence/CAM-05_6263_1788366429983.jpg
3354,NOT_READABLE,,,car,blue,eastbound,CAM-05,Visat teen Rasta,23.1192572,72.5656704,GEOCODED,2026-06-14 00:58:27,overlay,0.63,evidence/CAM-05_6265_1788366429999.jpg
3355,NOT_READABLE,,,car,grey,westbound,CAM-05,Visat teen Rasta,23.1192572,72.5656704,GEOCODED,2026-06-14 00:58:27,overlay,0.81,evidence/CAM-05_6266_1788366430016.jpg
3356,NOT_READABLE,,,bicycle,grey,northbound,CAM-05,Visat teen Rasta,23.1192572,72.5656704,GEOCODED,2026-06-14 00:58:27,overlay,0.92,evidence/CAM-05_6271_1788366430035.jpg
3357,NOT_READABLE,,,bicycle,grey,westbound,CAM-05,Visat teen Rasta,23.1192572,72.5656704,GEOCODED,2026-06-14 00:58:27,overlay,0.49,evidence/CAM-05_6275_1788366430053.jpg
3358,NOT_READABLE,,,bus,grey,stationary,CAM-05,Visat teen Rasta,23.1192572,72.5656704,GEOCODED,2026-06-14 00:58:27,overlay,0.69,evidence/CAM-05_6288_1788366430071.jpg
3359,NOT_READABLE,,,bicycle,grey,southbound,CAM-05,Visat teen Rasta,23.1192572,72.5656704,GEOCODED,2026-06-14 00:58:27,overlay,0.97,evidence/CAM-05_6289_1788366430087.jpg
2669,NOT_READABLE,,,car,purple,stationary,CAM-01,Chiman bhai Bridge,23.0064,72.5698,APPROXIMATE,2026-06-14 00:58:27,overlay,0.56,evidence/CAM-01_4101_1788366385449.jpg
3360,NOT_READABLE,,,motorcycle,grey,northbound,CAM-05,Visat teen Rasta,23.1192572,72.5656704,GEOCODED,2026-06-14 00:58:28,overlay,7.32,evidence/CAM-05_6089_1788366430612.jpg
3361,NOT_READABLE,,,motorcycle,grey,stationary,CAM-05,Visat teen Rasta,23.1192572,72.5656704,GEOCODED,2026-06-14 00:58:28,overlay,3.82,evidence/CAM-05_6094_1788366430729.jpg
3362,NOT_READABLE,,,bus,grey,southbound,CAM-05,Visat teen Rasta,23.1192572,72.5656704,GEOCODED,2026-06-14 00:58:28,overlay,3.78,evidence/CAM-05_6095_1788366430862.jpg
3363,NOT_READABLE,,,motorcycle,grey,southbound,CAM-05,Visat teen Rasta,23.1192572,72.5656704,GEOCODED,2026-06-14 00:58:28,overlay,7.44,evidence/CAM-05_6113_1788366430890.jpg
3364,NOT_READABLE,,,car,grey,eastbound,CAM-05,Visat teen Rasta,23.1192572,72.5656704,GEOCODED,2026-06-14 00:58:28,overlay,2.13,evidence/CAM-05_6122_1788366431074.jpg
3365,NOT_READABLE,,,bicycle,grey,stationary,CAM-05,Visat teen Rasta,23.1192572,72.5656704,GEOCODED,2026-06-14 00:58:28,overlay,6.50,evidence/CAM-05_6132_1788366431097.jpg
3366,NOT_READABLE,,,bicycle,green,northbound,CAM-05,Visat teen Rasta,23.1192572,72.5656704,GEOCODED,2026-06-14 00:58:28,overlay,1.99,evidence/CAM-05_6154_1788366431112.jpg
3367,NOT_READABLE,,,car,,stationary,CAM-05,Visat teen Rasta,23.1192572,72.5656704,GEOCODED,2026-06-14 00:58:28,overlay,10.99,evidence/CAM-05_6311_1788366431140.jpg
3368,NOT_READABLE,,,motorcycle,,stationary,CAM-05,Visat teen Rasta,23.1192572,72.5656704,GEOCODED,2026-06-14 00:58:28,overlay,3.13,evidence/CAM-05_6312_1788366431170.jpg
3369,NOT_READABLE,,,bus,,stationary,CAM-05,Visat teen Rasta,23.1192572,72.5656704,GEOCODED,2026-06-14 00:58:28,overlay,4.42,evidence/CAM-05_6313_1788366431200.jpg
3370,NOT_READABLE,,,truck,,stationary,CAM-05,Visat teen Rasta,23.1192572,72.5656704,GEOCODED,2026-06-14 00:58:28,overlay,7.41,evidence/CAM-05_6315_1788366431232.jpg
3372,NOT_READABLE,,,truck,,westbound,CAM-05,Visat teen Rasta,23.1192572,72.5656704,GEOCODED,2026-06-14 00:58:28,overlay,6.47,evidence/CAM-05_6320_1788366431281.jpg
3373,NOT_READABLE,,,truck,,stationary,CAM-05,Visat teen Rasta,23.1192572,72.5656704,GEOCODED,2026-06-14 00:58:28,overlay,5.87,evidence/CAM-05_6327_1788366431341.jpg
3374,NOT_READABLE,,,car,,southbound,CAM-05,Visat teen Rasta,23.1192572,72.5656704,GEOCODED,2026-06-14 00:58:28,overlay,7.37,evidence/CAM-05_6330_1788366431436.jpg
3375,NOT_READABLE,,,motorcycle,,northbound,CAM-05,Visat teen Rasta,23.1192572,72.5656704,GEOCODED,2026-06-14 00:58:28,overlay,9.72,evidence/CAM-05_6340_1788366431451.jpg
3376,NOT_READABLE,,,bus,,southbound,CAM-05,Visat teen Rasta,23.1192572,72.5656704,GEOCODED,2026-06-14 00:58:28,overlay,4.45,evidence/CAM-05_6344_1788366431683.jpg
2672,NOT_READABLE,,,bus,blue,southbound,CAM-01,Chiman bhai Bridge,23.0064,72.5698,APPROXIMATE,2026-06-14 00:58:29,overlay,0.49,evidence/CAM-01_4187_1788366386524.jpg
3380,NOT_READABLE,,,car,grey,eastbound,CAM-05,Visat teen Rasta,23.1192572,72.5656704,GEOCODED,2026-06-14 00:58:31,overlay,0.84,evidence/CAM-05_6412_1788366432384.jpg
3381,NOT_READABLE,,,car,grey,eastbound,CAM-05,Visat teen Rasta,23.1192572,72.5656704,GEOCODED,2026-06-14 00:58:31,overlay,0.49,evidence/CAM-05_6417_1788366432412.jpg
2673,NOT_READABLE,,,truck,orange,eastbound,CAM-01,Chiman bhai Bridge,23.0064,72.5698,APPROXIMATE,2026-06-14 00:58:32,overlay,0.53,evidence/CAM-01_4323_1788366388310.jpg
2689,NOT_READABLE,,,truck,grey,stationary,CAM-01,Chiman bhai Bridge,23.0064,72.5698,APPROXIMATE,2026-06-14 00:58:33,overlay,0.40,evidence/CAM-01_4336_1788366389775.jpg
2737,NOT_READABLE,,,truck,blue,stationary,CAM-01,Chiman bhai Bridge,23.0064,72.5698,APPROXIMATE,2026-06-14 00:58:35,overlay,0.52,evidence/CAM-01_4332_1788366399514.jpg
2739,NOT_READABLE,,,car,grey,stationary,CAM-01,Chiman bhai Bridge,23.0064,72.5698,APPROXIMATE,2026-06-14 00:58:35,overlay,0.41,evidence/CAM-01_4338_1788366399589.jpg
3494,NOT_READABLE,,,car,grey,stationary,CAM-04,,23.0146,72.5679,APPROXIMATE,2026-06-14 00:58:35,overlay,0.35,evidence/CAM-04_2226_1788366453868.jpg
3495,NOT_READABLE,,,car,red,stationary,CAM-04,,23.0146,72.5679,APPROXIMATE,2026-06-14 00:58:35,overlay,0.36,evidence/CAM-04_2228_1788366454011.jpg
2751,NOT_READABLE,,,truck,yellow,stationary,CAM-01,Chiman bhai Bridge,23.0064,72.5698,APPROXIMATE,2026-06-14 00:58:36,overlay,0.56,evidence/CAM-01_4339_1788366401049.jpg
2753,NOT_READABLE,,,bus,yellow,eastbound,CAM-01,Chiman bhai Bridge,23.0064,72.5698,APPROXIMATE,2026-06-14 00:58:36,overlay,3.60,evidence/CAM-01_4342_1788366401064.jpg
2755,NOT_READABLE,,,motorcycle,grey,eastbound,CAM-01,Chiman bhai Bridge,23.0064,72.5698,APPROXIMATE,2026-06-14 00:58:36,overlay,10.99,evidence/CAM-01_4343_1788366401080.jpg
2757,NOT_READABLE,,,truck,yellow,southbound,CAM-01,Chiman bhai Bridge,23.0064,72.5698,APPROXIMATE,2026-06-14 00:58:36,overlay,0.58,evidence/CAM-01_4345_1788366401098.jpg
2759,NOT_READABLE,,,motorcycle,purple,southbound,CAM-01,Chiman bhai Bridge,23.0064,72.5698,APPROXIMATE,2026-06-14 00:58:36,overlay,0.53,evidence/CAM-01_4346_1788366401118.jpg
2761,NOT_READABLE,,,car,grey,southbound,CAM-01,Chiman bhai Bridge,23.0064,72.5698,APPROXIMATE,2026-06-14 00:58:36,overlay,19.11,evidence/CAM-01_4347_1788366401134.jpg
2763,NOT_READABLE,,,motorcycle,red,eastbound,CAM-01,Chiman bhai Bridge,23.0064,72.5698,APPROXIMATE,2026-06-14 00:58:36,overlay,0.48,evidence/CAM-01_4348_1788366401152.jpg
2765,NOT_READABLE,,,bicycle,orange,westbound,CAM-01,Chiman bhai Bridge,23.0064,72.5698,APPROXIMATE,2026-06-14 00:58:36,overlay,0.66,evidence/CAM-01_4349_1788366401169.jpg
2767,NOT_READABLE,,,motorcycle,orange,westbound,CAM-01,Chiman bhai Bridge,23.0064,72.5698,APPROXIMATE,2026-06-14 00:58:36,overlay,0.44,evidence/CAM-01_4350_1788366401187.jpg
2770,NOT_READABLE,,,car,grey,northbound,CAM-01,Chiman bhai Bridge,23.0064,72.5698,APPROXIMATE,2026-06-14 00:58:36,overlay,0.68,evidence/CAM-01_4351_1788366401206.jpg
2772,NOT_READABLE,,,truck,grey,southbound,CAM-01,Chiman bhai Bridge,23.0064,72.5698,APPROXIMATE,2026-06-14 00:58:36,overlay,38.27,evidence/CAM-01_4352_1788366401272.jpg
3498,NOT_READABLE,,,car,blue,stationary,CAM-04,,23.0146,72.5679,APPROXIMATE,2026-06-14 00:58:37,overlay,0.59,evidence/CAM-04_2229_1788366456994.jpg
2779,NOT_READABLE,,,motorcycle,orange,eastbound,CAM-01,Chiman bhai Bridge,23.0064,72.5698,APPROXIMATE,2026-06-14 00:58:37,overlay,0.46,evidence/CAM-01_4408_1788366401861.jpg
2793,NOT_READABLE,,,car,red,northbound,CAM-01,Chiman bhai Bridge,23.0064,72.5698,APPROXIMATE,2026-06-14 00:58:37,overlay,0.63,evidence/CAM-01_4401_1788366403655.jpg
3431,NOT_READABLE,,,car,grey,southbound,CAM-13,CN-VIDHYALAYA,23.0284,72.5541,APPROXIMATE,2026-06-14 00:58:38,overlay,0.89,evidence/CAM-13_4670_1788366447774.jpg
3433,NOT_READABLE,,,car,white,stationary,CAM-13,CN-VIDHYALAYA,23.0284,72.5541,APPROXIMATE,2026-06-14 00:58:38,overlay,0.91,evidence/CAM-13_4671_1788366447798.jpg
2818,NOT_READABLE,,,truck,blue,stationary,CAM-01,Chiman bhai Bridge,23.0064,72.5698,APPROXIMATE,2026-06-14 00:58:39,overlay,0.43,evidence/CAM-01_4612_1788366405999.jpg
2824,NOT_READABLE,,,car,white,eastbound,CAM-01,Chiman bhai Bridge,23.0064,72.5698,APPROXIMATE,2026-06-14 00:58:39,overlay,0.34,evidence/CAM-01_4615_1788366406322.jpg
2826,NOT_READABLE,,,car,red,eastbound,CAM-01,Chiman bhai Bridge,23.0064,72.5698,APPROXIMATE,2026-06-14 00:58:39,overlay,0.37,evidence/CAM-01_4616_1788366406385.jpg
3503,NOT_READABLE,,,car,blue,eastbound,CAM-04,,23.0146,72.5679,APPROXIMATE,2026-06-14 00:58:40,overlay,0.86,evidence/CAM-04_2225_1788366458231.jpg
2855,NOT_READABLE,,,car,grey,westbound,CAM-01,Chiman bhai Bridge,23.0064,72.5698,APPROXIMATE,2026-06-14 00:58:40,overlay,0.40,evidence/CAM-01_4613_1788366408045.jpg
2858,NOT_READABLE,,,car,white,northbound,CAM-01,Chiman bhai Bridge,23.0064,72.5698,APPROXIMATE,2026-06-14 00:58:40,overlay,0.72,evidence/CAM-01_4617_1788366408068.jpg
3491,NOT_READABLE,,,bus,grey,eastbound,CAM-13,CN-VIDHYALAYA,23.0284,72.5541,APPROXIMATE,2026-06-14 00:58:40,overlay,0.95,evidence/CAM-13_4669_1788366451485.jpg
3492,NOT_READABLE,,,car,grey,northbound,CAM-13,CN-VIDHYALAYA,23.0284,72.5541,APPROXIMATE,2026-06-14 00:58:40,overlay,0.61,evidence/CAM-13_4676_1788366451593.jpg
2925,NOT_READABLE,,,bus,grey,stationary,CAM-01,Chiman bhai Bridge,23.0064,72.5698,APPROXIMATE,2026-06-14 00:58:42,overlay,2.09,evidence/CAM-01_4619_1788366409975.jpg
2927,NOT_READABLE,,,bus,yellow,northbound,CAM-01,Chiman bhai Bridge,23.0064,72.5698,APPROXIMATE,2026-06-14 00:58:42,overlay,2.38,evidence/CAM-01_4620_1788366410014.jpg
3580,NOT_READABLE,,,car,red,southbound,CAM-04,,23.0146,72.5679,APPROXIMATE,2026-06-14 00:58:43,overlay,0.48,evidence/CAM-04_2227_1788366464739.jpg
3583,NOT_READABLE,,,car,blue,eastbound,CAM-04,,23.0146,72.5679,APPROXIMATE,2026-06-14 00:58:43,overlay,0.54,evidence/CAM-04_2231_1788366464764.jpg
3586,NOT_READABLE,,,bicycle,blue,northbound,CAM-04,,23.0146,72.5679,APPROXIMATE,2026-06-14 00:58:43,overlay,0.99,evidence/CAM-04_2288_1788366464782.jpg
3589,NOT_READABLE,,,bus,yellow,westbound,CAM-04,,23.0146,72.5679,APPROXIMATE,2026-06-14 00:58:43,overlay,0.51,evidence/CAM-04_2313_1788366464807.jpg
3591,NOT_READABLE,,,car,blue,eastbound,CAM-04,,23.0146,72.5679,APPROXIMATE,2026-06-14 00:58:43,overlay,0.66,evidence/CAM-04_2319_1788366464835.jpg
3594,NOT_READABLE,,,truck,white,northbound,CAM-04,,23.0146,72.5679,APPROXIMATE,2026-06-14 00:58:43,overlay,0.88,evidence/CAM-04_2325_1788366464858.jpg
3596,NOT_READABLE,,,bicycle,yellow,southbound,CAM-04,,23.0146,72.5679,APPROXIMATE,2026-06-14 00:58:43,overlay,0.87,evidence/CAM-04_2327_1788366464902.jpg
3599,NOT_READABLE,,,car,blue,southbound,CAM-04,,23.0146,72.5679,APPROXIMATE,2026-06-14 00:58:43,overlay,0.91,evidence/CAM-04_2332_1788366465000.jpg
3601,NOT_READABLE,,,bicycle,blue,southbound,CAM-04,,23.0146,72.5679,APPROXIMATE,2026-06-14 00:58:43,overlay,1.00,evidence/CAM-04_2341_1788366465116.jpg
3602,NOT_READABLE,,,motorcycle,blue,northbound,CAM-04,,23.0146,72.5679,APPROXIMATE,2026-06-14 00:58:43,overlay,0.48,evidence/CAM-04_2360_1788366465133.jpg
3605,NOT_READABLE,,,motorcycle,yellow,northbound,CAM-04,,23.0146,72.5679,APPROXIMATE,2026-06-14 00:58:43,overlay,0.68,evidence/CAM-04_2361_1788366465177.jpg
3607,NOT_READABLE,,,bus,white,eastbound,CAM-04,,23.0146,72.5679,APPROXIMATE,2026-06-14 00:58:43,overlay,0.47,evidence/CAM-04_2379_1788366465203.jpg
3608,NOT_READABLE,,,bus,white,northbound,CAM-04,,23.0146,72.5679,APPROXIMATE,2026-06-14 00:58:43,overlay,0.49,evidence/CAM-04_2387_1788366465232.jpg
3609,NOT_READABLE,,,car,white,northbound,CAM-04,,23.0146,72.5679,APPROXIMATE,2026-06-14 00:58:43,overlay,0.73,evidence/CAM-04_2391_1788366465262.jpg
3610,NOT_READABLE,,,bicycle,blue,southbound,CAM-04,,23.0146,72.5679,APPROXIMATE,2026-06-14 00:58:43,overlay,0.98,evidence/CAM-04_2397_1788366465290.jpg
3611,NOT_READABLE,,,bicycle,white,westbound,CAM-04,,23.0146,72.5679,APPROXIMATE,2026-06-14 00:58:43,overlay,0.44,evidence/CAM-04_2400_1788366465317.jpg
3612,NOT_READABLE,,,bicycle,white,northbound,CAM-04,,23.0146,72.5679,APPROXIMATE,2026-06-14 00:58:43,overlay,0.82,evidence/CAM-04_2408_1788366465344.jpg
3613,NOT_READABLE,,,truck,purple,northbound,CAM-04,,23.0146,72.5679,APPROXIMATE,2026-06-14 00:58:43,overlay,0.47,evidence/CAM-04_2413_1788366465483.jpg
3614,NOT_READABLE,,,motorcycle,blue,northbound,CAM-04,,23.0146,72.5679,APPROXIMATE,2026-06-14 00:58:43,overlay,1.00,evidence/CAM-04_2421_1788366465502.jpg
3615,NOT_READABLE,,,motorcycle,blue,westbound,CAM-04,,23.0146,72.5679,APPROXIMATE,2026-06-14 00:58:43,overlay,0.63,evidence/CAM-04_2425_1788366465517.jpg
3616,NOT_READABLE,,,motorcycle,white,westbound,CAM-04,,23.0146,72.5679,APPROXIMATE,2026-06-14 00:58:43,overlay,0.79,evidence/CAM-04_2437_1788366465535.jpg
3617,NOT_READABLE,,,truck,white,northbound,CAM-04,,23.0146,72.5679,APPROXIMATE,2026-06-14 00:58:43,overlay,0.55,evidence/CAM-04_2439_1788366465587.jpg
2983,NOT_READABLE,,,car,red,eastbound,CAM-01,Chiman bhai Bridge,23.0064,72.5698,APPROXIMATE,2026-06-14 00:58:43,overlay,0.93,evidence/CAM-01_4645_1788366411673.jpg
2985,NOT_READABLE,,,car,white,stationary,CAM-01,Chiman bhai Bridge,23.0064,72.5698,APPROXIMATE,2026-06-14 00:58:43,overlay,0.43,evidence/CAM-01_4646_1788366411704.jpg
3618,NOT_READABLE,,,truck,blue,stationary,CAM-04,,23.0146,72.5679,APPROXIMATE,2026-06-14 00:58:44,overlay,0.37,evidence/CAM-04_2563_1788366466970.jpg
3619,NOT_READABLE,,,motorcycle,blue,northbound,CAM-04,,23.0146,72.5679,APPROXIMATE,2026-06-14 00:58:44,overlay,0.79,evidence/CAM-04_2490_1788366467706.jpg
3623,NOT_READABLE,,,bus,purple,eastbound,CAM-04,,23.0146,72.5679,APPROXIMATE,2026-06-14 00:58:45,overlay,0.47,evidence/CAM-04_2230_1788366468664.jpg
3624,NOT_READABLE,,,car,blue,stationary,CAM-04,,23.0146,72.5679,APPROXIMATE,2026-06-14 00:58:45,overlay,1.00,evidence/CAM-04_2234_1788366468695.jpg
3625,NOT_READABLE,,,truck,blue,eastbound,CAM-04,,23.0146,72.5679,APPROXIMATE,2026-06-14 00:58:45,overlay,1.98,evidence/CAM-04_2238_1788366468724.jpg
3626,NOT_READABLE,,,car,white,westbound,CAM-04,,23.0146,72.5679,APPROXIMATE,2026-06-14 00:58:45,overlay,0.98,evidence/CAM-04_2239_1788366468928.jpg
3628,NOT_READABLE,,,car,white,southbound,CAM-04,,23.0146,72.5679,APPROXIMATE,2026-06-14 00:58:45,overlay,0.99,evidence/CAM-04_2241_1788366468978.jpg
3630,NOT_READABLE,,,motorcycle,blue,eastbound,CAM-04,,23.0146,72.5679,APPROXIMATE,2026-06-14 00:58:45,overlay,0.80,evidence/CAM-04_2243_1788366469010.jpg
3632,NOT_READABLE,,,car,blue,eastbound,CAM-04,,23.0146,72.5679,APPROXIMATE,2026-06-14 00:58:45,overlay,0.95,evidence/CAM-04_2244_1788366469028.jpg
3635,NOT_READABLE,,,bus,blue,northbound,CAM-04,,23.0146,72.5679,APPROXIMATE,2026-06-14 00:58:45,overlay,0.96,evidence/CAM-04_2246_1788366469094.jpg
3636,NOT_READABLE,,,motorcycle,white,westbound,CAM-04,,23.0146,72.5679,APPROXIMATE,2026-06-14 00:58:45,overlay,0.99,evidence/CAM-04_2247_1788366469157.jpg
3637,NOT_READABLE,,,bus,blue,eastbound,CAM-04,,23.0146,72.5679,APPROXIMATE,2026-06-14 00:58:45,overlay,0.96,evidence/CAM-04_2249_1788366469179.jpg
3638,NOT_READABLE,,,bicycle,blue,stationary,CAM-04,,23.0146,72.5679,APPROXIMATE,2026-06-14 00:58:45,overlay,1.00,evidence/CAM-04_2252_1788366469214.jpg
3639,NOT_READABLE,,,car,blue,westbound,CAM-04,,23.0146,72.5679,APPROXIMATE,2026-06-14 00:58:45,overlay,0.90,evidence/CAM-04_2253_1788366469241.jpg
3640,NOT_READABLE,,,bicycle,white,southbound,CAM-04,,23.0146,72.5679,APPROXIMATE,2026-06-14 00:58:45,overlay,1.00,evidence/CAM-04_2254_1788366469272.jpg
3641,NOT_READABLE,,,motorcycle,blue,westbound,CAM-04,,23.0146,72.5679,APPROXIMATE,2026-06-14 00:58:45,overlay,1.00,evidence/CAM-04_2255_1788366469368.jpg
3643,NOT_READABLE,,,bus,blue,southbound,CAM-04,,23.0146,72.5679,APPROXIMATE,2026-06-14 00:58:45,overlay,0.99,evidence/CAM-04_2256_1788366469391.jpg
3645,NOT_READABLE,,,motorcycle,blue,northbound,CAM-04,,23.0146,72.5679,APPROXIMATE,2026-06-14 00:58:45,overlay,0.98,evidence/CAM-04_2260_1788366469415.jpg
3648,NOT_READABLE,,,bus,white,northbound,CAM-04,,23.0146,72.5679,APPROXIMATE,2026-06-14 00:58:45,overlay,0.99,evidence/CAM-04_2263_1788366469552.jpg
3649,NOT_READABLE,,,truck,blue,southbound,CAM-04,,23.0146,72.5679,APPROXIMATE,2026-06-14 00:58:45,overlay,0.98,evidence/CAM-04_2264_1788366469620.jpg
3650,NOT_READABLE,,,motorcycle,blue,northbound,CAM-04,,23.0146,72.5679,APPROXIMATE,2026-06-14 00:58:45,overlay,0.95,evidence/CAM-04_2266_1788366469652.jpg
3651,NOT_READABLE,,,bicycle,blue,eastbound,CAM-04,,23.0146,72.5679,APPROXIMATE,2026-06-14 00:58:45,overlay,0.92,evidence/CAM-04_2267_1788366469852.jpg
3652,NOT_READABLE,,,bicycle,white,eastbound,CAM-04,,23.0146,72.5679,APPROXIMATE,2026-06-14 00:58:45,overlay,5.66,evidence/CAM-04_2271_1788366469883.jpg
3654,NOT_READABLE,,,motorcycle,white,eastbound,CAM-04,,23.0146,72.5679,APPROXIMATE,2026-06-14 00:58:45,overlay,0.94,evidence/CAM-04_2272_1788366469964.jpg
3655,NOT_READABLE,,,bicycle,blue,westbound,CAM-04,,23.0146,72.5679,APPROXIMATE,2026-06-14 00:58:45,overlay,0.97,evidence/CAM-04_2277_1788366469997.jpg
3656,NOT_READABLE,,,motorcycle,white,eastbound,CAM-04,,23.0146,72.5679,APPROXIMATE,2026-06-14 00:58:45,overlay,0.93,evidence/CAM-04_2279_1788366470028.jpg
3657,NOT_READABLE,,,motorcycle,white,northbound,CAM-04,,23.0146,72.5679,APPROXIMATE,2026-06-14 00:58:45,overlay,0.82,evidence/CAM-04_2280_1788366470054.jpg
3658,NOT_READABLE,,,bicycle,blue,northbound,CAM-04,,23.0146,72.5679,APPROXIMATE,2026-06-14 00:58:45,overlay,0.99,evidence/CAM-04_2284_1788366470105.jpg
3659,NOT_READABLE,,,motorcycle,blue,southbound,CAM-04,,23.0146,72.5679,APPROXIMATE,2026-06-14 00:58:45,overlay,0.99,evidence/CAM-04_2285_1788366470137.jpg
3660,NOT_READABLE,,,motorcycle,blue,westbound,CAM-04,,23.0146,72.5679,APPROXIMATE,2026-06-14 00:58:45,overlay,0.98,evidence/CAM-04_2289_1788366470222.jpg
3661,NOT_READABLE,,,car,blue,southbound,CAM-04,,23.0146,72.5679,APPROXIMATE,2026-06-14 00:58:45,overlay,0.93,evidence/CAM-04_2290_1788366470242.jpg
3662,NOT_READABLE,,,car,blue,northbound,CAM-04,,23.0146,72.5679,APPROXIMATE,2026-06-14 00:58:45,overlay,0.96,evidence/CAM-04_2292_1788366470264.jpg
3663,NOT_READABLE,,,motorcycle,cyan,eastbound,CAM-04,,23.0146,72.5679,APPROXIMATE,2026-06-14 00:58:45,overlay,0.93,evidence/CAM-04_2293_1788366470285.jpg
3664,NOT_READABLE,,,bicycle,blue,westbound,CAM-04,,23.0146,72.5679,APPROXIMATE,2026-06-14 00:58:45,overlay,0.86,evidence/CAM-04_2294_1788366470321.jpg
3665,NOT_READABLE,,,motorcycle,blue,northbound,CAM-04,,23.0146,72.5679,APPROXIMATE,2026-06-14 00:58:45,overlay,0.94,evidence/CAM-04_2296_1788366470354.jpg
3666,NOT_READABLE,,,bus,blue,southbound,CAM-04,,23.0146,72.5679,APPROXIMATE,2026-06-14 00:58:45,overlay,0.98,evidence/CAM-04_2298_1788366470379.jpg
3667,NOT_READABLE,,,bicycle,blue,westbound,CAM-04,,23.0146,72.5679,APPROXIMATE,2026-06-14 00:58:45,overlay,1.00,evidence/CAM-04_2299_1788366470402.jpg
3668,NOT_READABLE,,,car,blue,westbound,CAM-04,,23.0146,72.5679,APPROXIMATE,2026-06-14 00:58:45,overlay,0.98,evidence/CAM-04_2301_1788366470431.jpg
3669,NOT_READABLE,,,motorcycle,blue,westbound,CAM-04,,23.0146,72.5679,APPROXIMATE,2026-06-14 00:58:45,overlay,0.97,evidence/CAM-04_2304_1788366470461.jpg
3670,NOT_READABLE,,,motorcycle,blue,stationary,CAM-04,,23.0146,72.5679,APPROXIMATE,2026-06-14 00:58:45,overlay,1.00,evidence/CAM-04_2306_1788366470483.jpg
3671,NOT_READABLE,,,bus,white,westbound,CAM-04,,23.0146,72.5679,APPROXIMATE,2026-06-14 00:58:45,overlay,0.97,evidence/CAM-04_2308_1788366470605.jpg
3672,NOT_READABLE,,,motorcycle,white,southbound,CAM-04,,23.0146,72.5679,APPROXIMATE,2026-06-14 00:58:45,overlay,0.96,evidence/CAM-04_2312_1788366470635.jpg
3673,NOT_READABLE,,,bus,white,eastbound,CAM-04,,23.0146,72.5679,APPROXIMATE,2026-06-14 00:58:45,overlay,0.97,evidence/CAM-04_2316_1788366470664.jpg
3674,NOT_READABLE,,,truck,white,northbound,CAM-04,,23.0146,72.5679,APPROXIMATE,2026-06-14 00:58:45,overlay,0.88,evidence/CAM-04_2318_1788366470699.jpg
3675,NOT_READABLE,,,bicycle,orange,westbound,CAM-04,,23.0146,72.5679,APPROXIMATE,2026-06-14 00:58:45,overlay,1.00,evidence/CAM-04_2321_1788366470723.jpg
3676,NOT_READABLE,,,truck,white,westbound,CAM-04,,23.0146,72.5679,APPROXIMATE,2026-06-14 00:58:45,overlay,0.49,evidence/CAM-04_2328_1788366470780.jpg
3677,NOT_READABLE,,,bus,white,eastbound,CAM-04,,23.0146,72.5679,APPROXIMATE,2026-06-14 00:58:45,overlay,0.66,evidence/CAM-04_2330_1788366470802.jpg
3678,NOT_READABLE,,,bicycle,white,northbound,CAM-04,,23.0146,72.5679,APPROXIMATE,2026-06-14 00:58:45,overlay,0.95,evidence/CAM-04_2331_1788366470839.jpg
3679,NOT_READABLE,,,bicycle,white,westbound,CAM-04,,23.0146,72.5679,APPROXIMATE,2026-06-14 00:58:45,overlay,0.89,evidence/CAM-04_2333_1788366470866.jpg
3680,NOT_READABLE,,,motorcycle,blue,eastbound,CAM-04,,23.0146,72.5679,APPROXIMATE,2026-06-14 00:58:45,overlay,0.78,evidence/CAM-04_2339_1788366470895.jpg
3681,NOT_READABLE,,,truck,purple,southbound,CAM-04,,23.0146,72.5679,APPROXIMATE,2026-06-14 00:58:45,overlay,0.92,evidence/CAM-04_2344_1788366470985.jpg
3682,NOT_READABLE,,,bicycle,blue,northbound,CAM-04,,23.0146,72.5679,APPROXIMATE,2026-06-14 00:58:45,overlay,0.86,evidence/CAM-04_2353_1788366471036.jpg
3683,NOT_READABLE,,,truck,blue,westbound,CAM-04,,23.0146,72.5679,APPROXIMATE,2026-06-14 00:58:45,overlay,0.76,evidence/CAM-04_2355_1788366471066.jpg
3684,NOT_READABLE,,,motorcycle,blue,westbound,CAM-04,,23.0146,72.5679,APPROXIMATE,2026-06-14 00:58:45,overlay,0.85,evidence/CAM-04_2359_1788366471243.jpg
3685,NOT_READABLE,,,truck,white,eastbound,CAM-04,,23.0146,72.5679,APPROXIMATE,2026-06-14 00:58:45,overlay,0.82,evidence/CAM-04_2367_1788366471280.jpg
3687,NOT_READABLE,,,motorcycle,blue,eastbound,CAM-04,,23.0146,72.5679,APPROXIMATE,2026-06-14 00:58:45,overlay,0.82,evidence/CAM-04_2369_1788366471299.jpg
3688,NOT_READABLE,,,bicycle,blue,eastbound,CAM-04,,23.0146,72.5679,APPROXIMATE,2026-06-14 00:58:45,overlay,0.95,evidence/CAM-04_2370_1788366471342.jpg
3689,NOT_READABLE,,,motorcycle,blue,westbound,CAM-04,,23.0146,72.5679,APPROXIMATE,2026-06-14 00:58:45,overlay,0.94,evidence/CAM-04_2376_1788366471386.jpg
3690,NOT_READABLE,,,motorcycle,white,westbound,CAM-04,,23.0146,72.5679,APPROXIMATE,2026-06-14 00:58:45,overlay,0.48,evidence/CAM-04_2383_1788366471415.jpg
3691,NOT_READABLE,,,bus,cyan,southbound,CAM-04,,23.0146,72.5679,APPROXIMATE,2026-06-14 00:58:45,overlay,0.83,evidence/CAM-04_2388_1788366471440.jpg
3692,NOT_READABLE,,,bus,white,southbound,CAM-04,,23.0146,72.5679,APPROXIMATE,2026-06-14 00:58:45,overlay,0.90,evidence/CAM-04_2389_1788366471469.jpg
3693,NOT_READABLE,,,motorcycle,cyan,eastbound,CAM-04,,23.0146,72.5679,APPROXIMATE,2026-06-14 00:58:45,overlay,0.76,evidence/CAM-04_2410_1788366471496.jpg
3695,NOT_READABLE,,,car,white,westbound,CAM-04,,23.0146,72.5679,APPROXIMATE,2026-06-14 00:58:45,overlay,0.47,evidence/CAM-04_2416_1788366471515.jpg
3696,NOT_READABLE,,,car,blue,westbound,CAM-04,,23.0146,72.5679,APPROXIMATE,2026-06-14 00:58:45,overlay,0.93,evidence/CAM-04_2419_1788366471541.jpg
3697,NOT_READABLE,,,bicycle,blue,eastbound,CAM-04,,23.0146,72.5679,APPROXIMATE,2026-06-14 00:58:45,overlay,0.56,evidence/CAM-04_2480_1788366471576.jpg
3698,NOT_READABLE,,,motorcycle,blue,eastbound,CAM-04,,23.0146,72.5679,APPROXIMATE,2026-06-14 00:58:45,overlay,0.91,evidence/CAM-04_2482_1788366471604.jpg
3699,NOT_READABLE,,,bus,white,southbound,CAM-04,,23.0146,72.5679,APPROXIMATE,2026-06-14 00:58:45,overlay,0.84,evidence/CAM-04_2483_1788366471634.jpg
3700,NOT_READABLE,,,bus,blue,eastbound,CAM-04,,23.0146,72.5679,APPROXIMATE,2026-06-14 00:58:45,overlay,0.89,evidence/CAM-04_2484_1788366471662.jpg
3701,NOT_READABLE,,,bicycle,white,southbound,CAM-04,,23.0146,72.5679,APPROXIMATE,2026-06-14 00:58:45,overlay,0.59,evidence/CAM-04_2486_1788366471696.jpg
3702,NOT_READABLE,,,bicycle,blue,southbound,CAM-04,,23.0146,72.5679,APPROXIMATE,2026-06-14 00:58:45,overlay,0.97,evidence/CAM-04_2487_1788366471813.jpg
3703,NOT_READABLE,,,truck,white,northbound,CAM-04,,23.0146,72.5679,APPROXIMATE,2026-06-14 00:58:45,overlay,0.65,evidence/CAM-04_2491_1788366471885.jpg
3704,NOT_READABLE,,,truck,white,northbound,CAM-04,,23.0146,72.5679,APPROXIMATE,2026-06-14 00:58:45,overlay,0.46,evidence/CAM-04_2494_1788366471927.jpg
3705,NOT_READABLE,,,motorcycle,orange,westbound,CAM-04,,23.0146,72.5679,APPROXIMATE,2026-06-14 00:58:45,overlay,0.74,evidence/CAM-04_2496_1788366471957.jpg
3706,NOT_READABLE,,,bicycle,white,eastbound,CAM-04,,23.0146,72.5679,APPROXIMATE,2026-06-14 00:58:45,overlay,0.61,evidence/CAM-04_2501_1788366471988.jpg
3707,NOT_READABLE,,,bus,blue,westbound,CAM-04,,23.0146,72.5679,APPROXIMATE,2026-06-14 00:58:45,overlay,0.96,evidence/CAM-04_2504_1788366472013.jpg
3708,NOT_READABLE,,,bicycle,white,northbound,CAM-04,,23.0146,72.5679,APPROXIMATE,2026-06-14 00:58:45,overlay,0.65,evidence/CAM-04_2507_1788366472032.jpg
3709,NOT_READABLE,,,truck,white,southbound,CAM-04,,23.0146,72.5679,APPROXIMATE,2026-06-14 00:58:45,overlay,0.64,evidence/CAM-04_2508_1788366472062.jpg
3710,NOT_READABLE,,,bus,yellow,westbound,CAM-04,,23.0146,72.5679,APPROXIMATE,2026-06-14 00:58:45,overlay,0.47,evidence/CAM-04_2511_1788366472093.jpg
3711,NOT_READABLE,,,truck,blue,northbound,CAM-04,,23.0146,72.5679,APPROXIMATE,2026-06-14 00:58:45,overlay,0.86,evidence/CAM-04_2514_1788366472125.jpg
3712,NOT_READABLE,,,bicycle,white,westbound,CAM-04,,23.0146,72.5679,APPROXIMATE,2026-06-14 00:58:45,overlay,0.48,evidence/CAM-04_2518_1788366472155.jpg
3713,NOT_READABLE,,,motorcycle,blue,westbound,CAM-04,,23.0146,72.5679,APPROXIMATE,2026-06-14 00:58:45,overlay,0.46,evidence/CAM-04_2520_1788366472181.jpg
3714,NOT_READABLE,,,bus,white,eastbound,CAM-04,,23.0146,72.5679,APPROXIMATE,2026-06-14 00:58:45,overlay,0.45,evidence/CAM-04_2522_1788366472205.jpg
3715,NOT_READABLE,,,motorcycle,blue,eastbound,CAM-04,,23.0146,72.5679,APPROXIMATE,2026-06-14 00:58:45,overlay,0.87,evidence/CAM-04_2525_1788366472229.jpg
3716,NOT_READABLE,,,car,purple,westbound,CAM-04,,23.0146,72.5679,APPROXIMATE,2026-06-14 00:58:45,overlay,0.48,evidence/CAM-04_2530_1788366472252.jpg
3717,NOT_READABLE,,,motorcycle,blue,southbound,CAM-04,,23.0146,72.5679,APPROXIMATE,2026-06-14 00:58:45,overlay,0.87,evidence/CAM-04_2536_1788366472281.jpg
3718,NOT_READABLE,,,motorcycle,white,stationary,CAM-04,,23.0146,72.5679,APPROXIMATE,2026-06-14 00:58:45,overlay,0.81,evidence/CAM-04_2539_1788366472300.jpg
3719,NOT_READABLE,,,bus,white,westbound,CAM-04,,23.0146,72.5679,APPROXIMATE,2026-06-14 00:58:45,overlay,0.46,evidence/CAM-04_2546_1788366472318.jpg
3720,NOT_READABLE,,,bicycle,blue,westbound,CAM-04,,23.0146,72.5679,APPROXIMATE,2026-06-14 00:58:46,overlay,3.60,evidence/CAM-04_2233_1788366473070.jpg
3721,NOT_READABLE,,,bus,blue,southbound,CAM-04,,23.0146,72.5679,APPROXIMATE,2026-06-14 00:58:46,overlay,3.71,evidence/CAM-04_2235_1788366473368.jpg
3722,NOT_READABLE,,,car,blue,stationary,CAM-04,,23.0146,72.5679,APPROXIMATE,2026-06-14 00:58:46,overlay,10.70,evidence/CAM-04_2236_1788366473398.jpg
3723,NOT_READABLE,,,truck,blue,eastbound,CAM-04,,23.0146,72.5679,APPROXIMATE,2026-06-14 00:58:46,overlay,3.04,evidence/CAM-04_2237_1788366473504.jpg
3725,NOT_READABLE,,,bicycle,blue,eastbound,CAM-04,,23.0146,72.5679,APPROXIMATE,2026-06-14 00:58:46,overlay,2.95,evidence/CAM-04_2242_1788366473543.jpg
3727,NOT_READABLE,,,bicycle,blue,westbound,CAM-04,,23.0146,72.5679,APPROXIMATE,2026-06-14 00:58:46,overlay,5.29,evidence/CAM-04_2251_1788366473571.jpg
3728,NOT_READABLE,,,motorcycle,purple,northbound,CAM-04,,23.0146,72.5679,APPROXIMATE,2026-06-14 00:58:46,overlay,2.34,evidence/CAM-04_2265_1788366473596.jpg
3729,NOT_READABLE,,,bicycle,blue,northbound,CAM-04,,23.0146,72.5679,APPROXIMATE,2026-06-14 00:58:46,overlay,3.89,evidence/CAM-04_2269_1788366473618.jpg
3730,NOT_READABLE,,,car,blue,westbound,CAM-04,,23.0146,72.5679,APPROXIMATE,2026-06-14 00:58:46,overlay,1.01,evidence/CAM-04_2281_1788366473888.jpg
3731,NOT_READABLE,,,bicycle,blue,eastbound,CAM-04,,23.0146,72.5679,APPROXIMATE,2026-06-14 00:58:46,overlay,1.40,evidence/CAM-04_2302_1788366474003.jpg
3734,NOT_READABLE,,,truck,yellow,southbound,CAM-04,,23.0146,72.5679,APPROXIMATE,2026-06-14 00:58:46,overlay,3.75,evidence/CAM-04_2307_1788366474029.jpg
3736,NOT_READABLE,,,car,blue,westbound,CAM-04,,23.0146,72.5679,APPROXIMATE,2026-06-14 00:58:46,overlay,2.11,evidence/CAM-04_2566_1788366474101.jpg
3737,NOT_READABLE,,,bus,white,stationary,CAM-04,,23.0146,72.5679,APPROXIMATE,2026-06-14 00:58:46,overlay,3.15,evidence/CAM-04_2567_1788366474135.jpg
3738,NOT_READABLE,,,motorcycle,white,southbound,CAM-04,,23.0146,72.5679,APPROXIMATE,2026-06-14 00:58:46,overlay,3.61,evidence/CAM-04_2591_1788366474165.jpg
3739,NOT_READABLE,,,bus,,eastbound,CAM-04,,23.0146,72.5679,APPROXIMATE,2026-06-14 00:58:46,overlay,4.74,evidence/CAM-04_2679_1788366474185.jpg
3740,NOT_READABLE,,,bus,,northbound,CAM-04,,23.0146,72.5679,APPROXIMATE,2026-06-14 00:58:46,overlay,4.31,evidence/CAM-04_2684_1788366474370.jpg
3741,NOT_READABLE,,,truck,,northbound,CAM-04,,23.0146,72.5679,APPROXIMATE,2026-06-14 00:58:46,overlay,3.87,evidence/CAM-04_2685_1788366474399.jpg
3742,NOT_READABLE,,,truck,,stationary,CAM-04,,23.0146,72.5679,APPROXIMATE,2026-06-14 00:58:46,overlay,3.23,evidence/CAM-04_2686_1788366474600.jpg
3743,NOT_READABLE,,,car,,stationary,CAM-04,,23.0146,72.5679,APPROXIMATE,2026-06-14 00:58:46,overlay,3.21,evidence/CAM-04_2689_1788366474671.jpg
3744,NOT_READABLE,,,bus,,westbound,CAM-04,,23.0146,72.5679,APPROXIMATE,2026-06-14 00:58:46,overlay,4.30,evidence/CAM-04_2692_1788366474865.jpg
3064,NOT_READABLE,,,truck,orange,stationary,CAM-01,Chiman bhai Bridge,23.0064,72.5698,APPROXIMATE,2026-06-14 00:58:47,overlay,0.54,evidence/CAM-01_4652_1788366413106.jpg
3067,NOT_READABLE,,,car,red,stationary,CAM-01,Chiman bhai Bridge,23.0064,72.5698,APPROXIMATE,2026-06-14 00:58:47,overlay,0.74,evidence/CAM-01_4653_1788366413121.jpg
3070,NOT_READABLE,,,car,cyan,stationary,CAM-01,Chiman bhai Bridge,23.0064,72.5698,APPROXIMATE,2026-06-14 00:58:47,overlay,0.35,evidence/CAM-01_4654_1788366413138.jpg
3089,NOT_READABLE,,,car,white,eastbound,CAM-01,Chiman bhai Bridge,23.0064,72.5698,APPROXIMATE,2026-06-14 00:58:48,overlay,0.72,evidence/CAM-01_4664_1788366414817.jpg
3091,NOT_READABLE,,,truck,grey,stationary,CAM-01,Chiman bhai Bridge,23.0064,72.5698,APPROXIMATE,2026-06-14 00:58:49,overlay,0.35,evidence/CAM-01_4665_1788366415787.jpg
3907,NOT_READABLE,,,car,red,eastbound,CAM-04,,23.0146,72.5679,APPROXIMATE,2026-06-14 00:58:50,overlay,0.74,evidence/CAM-04_2716_1788366481450.jpg
3912,NOT_READABLE,,,car,red,stationary,CAM-04,,23.0146,72.5679,APPROXIMATE,2026-06-14 00:58:50,overlay,0.43,evidence/CAM-04_2718_1788366481725.jpg
3568,NOT_READABLE,,,car,grey,stationary,CAM-13,CN-VIDHYALAYA,23.0284,72.5541,APPROXIMATE,2026-06-14 00:58:50,overlay,5.37,evidence/CAM-13_4928_1788366464285.jpg
3570,NOT_READABLE,,,motorcycle,grey,eastbound,CAM-13,CN-VIDHYALAYA,23.0284,72.5541,APPROXIMATE,2026-06-14 00:58:50,overlay,2.74,evidence/CAM-13_4929_1788366464398.jpg
3572,NOT_READABLE,,,truck,grey,northbound,CAM-13,CN-VIDHYALAYA,23.0284,72.5541,APPROXIMATE,2026-06-14 00:58:50,overlay,3.34,evidence/CAM-13_4930_1788366464455.jpg
3574,NOT_READABLE,,,bus,grey,southbound,CAM-13,CN-VIDHYALAYA,23.0284,72.5541,APPROXIMATE,2026-06-14 00:58:50,overlay,2.02,evidence/CAM-13_4931_1788366464521.jpg
3576,NOT_READABLE,,,bicycle,grey,eastbound,CAM-13,CN-VIDHYALAYA,23.0284,72.5541,APPROXIMATE,2026-06-14 00:58:50,overlay,2.35,evidence/CAM-13_4932_1788366464642.jpg
3577,NOT_READABLE,,,motorcycle,grey,stationary,CAM-13,CN-VIDHYALAYA,23.0284,72.5541,APPROXIMATE,2026-06-14 00:58:50,overlay,4.14,evidence/CAM-13_4933_1788366464708.jpg
3579,NOT_READABLE,,,bicycle,grey,westbound,CAM-13,CN-VIDHYALAYA,23.0284,72.5541,APPROXIMATE,2026-06-14 00:58:50,overlay,4.66,evidence/CAM-13_4934_1788366464740.jpg
3582,NOT_READABLE,,,motorcycle,grey,northbound,CAM-13,CN-VIDHYALAYA,23.0284,72.5541,APPROXIMATE,2026-06-14 00:58:50,overlay,5.82,evidence/CAM-13_4935_1788366464761.jpg
3585,NOT_READABLE,,,bus,grey,westbound,CAM-13,CN-VIDHYALAYA,23.0284,72.5541,APPROXIMATE,2026-06-14 00:58:50,overlay,4.07,evidence/CAM-13_4936_1788366464780.jpg
3587,NOT_READABLE,,,bicycle,black,southbound,CAM-13,CN-VIDHYALAYA,23.0284,72.5541,APPROXIMATE,2026-06-14 00:58:50,overlay,5.28,evidence/CAM-13_4938_1788366464801.jpg
3931,NOT_READABLE,,,motorcycle,purple,stationary,CAM-04,,23.0146,72.5679,APPROXIMATE,2026-06-14 00:58:50,overlay,0.55,evidence/CAM-04_2717_1788366482314.jpg
3201,NOT_READABLE,,,car,white,southbound,CAM-01,Chiman bhai Bridge,23.0064,72.5698,APPROXIMATE,2026-06-14 00:58:51,overlay,0.64,evidence/CAM-01_4730_1788366420659.jpg
3939,NOT_READABLE,,,car,blue,westbound,CAM-04,,23.0146,72.5679,APPROXIMATE,2026-06-14 00:58:52,overlay,0.78,evidence/CAM-04_2712_1788366482847.jpg
3942,NOT_READABLE,,,car,red,stationary,CAM-04,,23.0146,72.5679,APPROXIMATE,2026-06-14 00:58:52,overlay,0.57,evidence/CAM-04_2714_1788366482871.jpg
3208,NOT_READABLE,,,car,white,stationary,CAM-01,Chiman bhai Bridge,23.0064,72.5698,APPROXIMATE,2026-06-14 00:58:52,overlay,0.64,evidence/CAM-01_4729_1788366421233.jpg
3210,NOT_READABLE,,,car,white,northbound,CAM-01,Chiman bhai Bridge,23.0064,72.5698,APPROXIMATE,2026-06-14 00:58:52,overlay,0.82,evidence/CAM-01_4731_1788366421366.jpg
3212,NOT_READABLE,,,car,white,northbound,CAM-01,Chiman bhai Bridge,23.0064,72.5698,APPROXIMATE,2026-06-14 00:58:52,overlay,0.86,evidence/CAM-01_4732_1788366421390.jpg
3214,NOT_READABLE,,,car,grey,westbound,CAM-01,Chiman bhai Bridge,23.0064,72.5698,APPROXIMATE,2026-06-14 00:58:52,overlay,0.60,evidence/CAM-01_4735_1788366421492.jpg
3215,NOT_READABLE,,,car,white,northbound,CAM-01,Chiman bhai Bridge,23.0064,72.5698,APPROXIMATE,2026-06-14 00:58:52,overlay,0.74,evidence/CAM-01_4737_1788366421506.jpg
3217,NOT_READABLE,,,car,white,stationary,CAM-01,Chiman bhai Bridge,23.0064,72.5698,APPROXIMATE,2026-06-14 00:58:52,overlay,0.69,evidence/CAM-01_4738_1788366421531.jpg
3219,NOT_READABLE,,,car,grey,northbound,CAM-01,Chiman bhai Bridge,23.0064,72.5698,APPROXIMATE,2026-06-14 00:58:52,overlay,0.45,evidence/CAM-01_4741_1788366421626.jpg
3221,NOT_READABLE,,,car,white,stationary,CAM-01,Chiman bhai Bridge,23.0064,72.5698,APPROXIMATE,2026-06-14 00:58:52,overlay,0.36,evidence/CAM-01_4748_1788366421741.jpg
3253,NOT_READABLE,,,motorcycle,grey,stationary,CAM-01,Chiman bhai Bridge,23.0064,72.5698,APPROXIMATE,2026-06-14 00:58:53,overlay,0.33,evidence/CAM-01_4948_1788366425249.jpg
3622,NOT_READABLE,,,bicycle,white,westbound,CAM-13,CN-VIDHYALAYA,23.0284,72.5541,APPROXIMATE,2026-06-14 00:58:54,overlay,0.44,evidence/CAM-13_5037_1788366468663.jpg
3307,NOT_READABLE,,,car,white,northbound,CAM-01,Chiman bhai Bridge,23.0064,72.5698,APPROXIMATE,2026-06-14 00:58:54,overlay,0.74,evidence/CAM-01_4954_1788366428597.jpg
3318,NOT_READABLE,,,motorcycle,yellow,northbound,CAM-01,Chiman bhai Bridge,23.0064,72.5698,APPROXIMATE,2026-06-14 00:58:55,overlay,0.70,evidence/CAM-01_4854_1788366428955.jpg
3321,NOT_READABLE,,,car,white,eastbound,CAM-01,Chiman bhai Bridge,23.0064,72.5698,APPROXIMATE,2026-06-14 00:58:55,overlay,0.72,evidence/CAM-01_4927_1788366428972.jpg
3323,NOT_READABLE,,,motorcycle,grey,stationary,CAM-01,Chiman bhai Bridge,23.0064,72.5698,APPROXIMATE,2026-06-14 00:58:55,overlay,1.00,evidence/CAM-01_4956_1788366429010.jpg
3325,NOT_READABLE,,,bicycle,grey,northbound,CAM-01,Chiman bhai Bridge,23.0064,72.5698,APPROXIMATE,2026-06-14 00:58:55,overlay,0.65,evidence/CAM-01_4957_1788366429030.jpg
3732,NOT_READABLE,,,car,grey,eastbound,CAM-13,CN-VIDHYALAYA,23.0284,72.5541,APPROXIMATE,2026-06-14 00:58:55,overlay,0.81,evidence/CAM-13_5021_1788366474025.jpg
3733,NOT_READABLE,,,bicycle,grey,northbound,CAM-13,CN-VIDHYALAYA,23.0284,72.5541,APPROXIMATE,2026-06-14 00:58:55,overlay,0.62,evidence/CAM-13_5059_1788366474040.jpg
3735,NOT_READABLE,,,car,grey,northbound,CAM-13,CN-VIDHYALAYA,23.0284,72.5541,APPROXIMATE,2026-06-14 00:58:55,overlay,0.73,evidence/CAM-13_5091_1788366474073.jpg
3404,NOT_READABLE,,,car,red,eastbound,CAM-05,Visat teen Rasta,23.1192572,72.5656704,GEOCODED,2026-06-14 00:58:56,overlay,0.70,evidence/CAM-05_6532_1788366443199.jpg
3405,NOT_READABLE,,,motorcycle,grey,southbound,CAM-05,Visat teen Rasta,23.1192572,72.5656704,GEOCODED,2026-06-14 00:58:56,overlay,0.48,evidence/CAM-05_6642_1788366443223.jpg
3787,NOT_READABLE,,,truck,grey,westbound,CAM-13,CN-VIDHYALAYA,23.0284,72.5541,APPROXIMATE,2026-06-14 00:58:56,overlay,0.97,evidence/CAM-13_5208_1788366477697.jpg
3789,NOT_READABLE,,,motorcycle,white,westbound,CAM-13,CN-VIDHYALAYA,23.0284,72.5541,APPROXIMATE,2026-06-14 00:58:56,overlay,3.76,evidence/CAM-13_5220_1788366477711.jpg
3791,NOT_READABLE,,,motorcycle,grey,northbound,CAM-13,CN-VIDHYALAYA,23.0284,72.5541,APPROXIMATE,2026-06-14 00:58:56,overlay,0.96,evidence/CAM-13_5223_1788366477727.jpg
3793,NOT_READABLE,,,car,grey,eastbound,CAM-13,CN-VIDHYALAYA,23.0284,72.5541,APPROXIMATE,2026-06-14 00:58:56,overlay,0.49,evidence/CAM-13_5226_1788366477740.jpg
3796,NOT_READABLE,,,truck,grey,westbound,CAM-13,CN-VIDHYALAYA,23.0284,72.5541,APPROXIMATE,2026-06-14 00:58:56,overlay,0.49,evidence/CAM-13_5249_1788366477879.jpg
3798,NOT_READABLE,,,bus,black,northbound,CAM-13,CN-VIDHYALAYA,23.0284,72.5541,APPROXIMATE,2026-06-14 00:58:56,overlay,0.62,evidence/CAM-13_5255_1788366478080.jpg
3800,NOT_READABLE,,,truck,grey,northbound,CAM-13,CN-VIDHYALAYA,23.0284,72.5541,APPROXIMATE,2026-06-14 00:58:56,overlay,0.90,evidence/CAM-13_5263_1788366478104.jpg
3801,NOT_READABLE,,,bicycle,black,northbound,CAM-13,CN-VIDHYALAYA,23.0284,72.5541,APPROXIMATE,2026-06-14 00:58:56,overlay,0.59,evidence/CAM-13_5282_1788366478120.jpg
3803,NOT_READABLE,,,bus,black,stationary,CAM-13,CN-VIDHYALAYA,23.0284,72.5541,APPROXIMATE,2026-06-14 00:58:56,overlay,0.52,evidence/CAM-13_5290_1788366478149.jpg
3804,NOT_READABLE,,,bus,black,southbound,CAM-13,CN-VIDHYALAYA,23.0284,72.5541,APPROXIMATE,2026-06-14 00:58:56,overlay,0.89,evidence/CAM-13_5292_1788366478260.jpg
3806,NOT_READABLE,,,motorcycle,black,southbound,CAM-13,CN-VIDHYALAYA,23.0284,72.5541,APPROXIMATE,2026-06-14 00:58:56,overlay,0.41,evidence/CAM-13_5296_1788366478289.jpg
3807,NOT_READABLE,,,motorcycle,black,stationary,CAM-13,CN-VIDHYALAYA,23.0284,72.5541,APPROXIMATE,2026-06-14 00:58:56,overlay,0.77,evidence/CAM-13_5310_1788366478530.jpg
3810,NOT_READABLE,,,bus,grey,southbound,CAM-13,CN-VIDHYALAYA,23.0284,72.5541,APPROXIMATE,2026-06-14 00:58:56,overlay,0.91,evidence/CAM-13_5318_1788366478796.jpg
3812,NOT_READABLE,,,car,grey,westbound,CAM-13,CN-VIDHYALAYA,23.0284,72.5541,APPROXIMATE,2026-06-14 00:58:56,overlay,0.69,evidence/CAM-13_5324_1788366479069.jpg
3814,NOT_READABLE,,,bicycle,white,southbound,CAM-13,CN-VIDHYALAYA,23.0284,72.5541,APPROXIMATE,2026-06-14 00:58:56,overlay,0.88,evidence/CAM-13_5327_1788366479090.jpg
3816,NOT_READABLE,,,truck,grey,eastbound,CAM-13,CN-VIDHYALAYA,23.0284,72.5541,APPROXIMATE,2026-06-14 00:58:56,overlay,0.52,evidence/CAM-13_5341_1788366479120.jpg
3818,NOT_READABLE,,,bus,grey,stationary,CAM-13,CN-VIDHYALAYA,23.0284,72.5541,APPROXIMATE,2026-06-14 00:58:56,overlay,0.79,evidence/CAM-13_5349_1788366479141.jpg
3820,NOT_READABLE,,,truck,grey,westbound,CAM-13,CN-VIDHYALAYA,23.0284,72.5541,APPROXIMATE,2026-06-14 00:58:56,overlay,0.65,evidence/CAM-13_5354_1788366479162.jpg
3822,NOT_READABLE,,,car,black,eastbound,CAM-13,CN-VIDHYALAYA,23.0284,72.5541,APPROXIMATE,2026-06-14 00:58:56,overlay,0.53,evidence/CAM-13_5358_1788366479185.jpg
3824,NOT_READABLE,,,truck,black,northbound,CAM-13,CN-VIDHYALAYA,23.0284,72.5541,APPROXIMATE,2026-06-14 00:58:56,overlay,0.47,evidence/CAM-13_5397_1788366479212.jpg
3826,NOT_READABLE,,,car,grey,westbound,CAM-13,CN-VIDHYALAYA,23.0284,72.5541,APPROXIMATE,2026-06-14 00:58:56,overlay,0.81,evidence/CAM-13_5403_1788366479229.jpg
3828,NOT_READABLE,,,car,grey,southbound,CAM-13,CN-VIDHYALAYA,23.0284,72.5541,APPROXIMATE,2026-06-14 00:58:56,overlay,0.52,evidence/CAM-13_5410_1788366479248.jpg
3829,NOT_READABLE,,,motorcycle,blue,stationary,CAM-13,CN-VIDHYALAYA,23.0284,72.5541,APPROXIMATE,2026-06-14 00:58:56,overlay,0.48,evidence/CAM-13_5431_1788366479264.jpg
4149,NOT_READABLE,,,car,grey,southbound,CAM-13,CN-VIDHYALAYA,23.0284,72.5541,APPROXIMATE,2026-06-14 00:58:56,overlay,0.91,evidence/CAM-13_5204_1788366491253.jpg
4151,NOT_READABLE,,,bicycle,grey,westbound,CAM-13,CN-VIDHYALAYA,23.0284,72.5541,APPROXIMATE,2026-06-14 00:58:56,overlay,0.91,evidence/CAM-13_5206_1788366491326.jpg
4152,NOT_READABLE,,,bicycle,grey,eastbound,CAM-13,CN-VIDHYALAYA,23.0284,72.5541,APPROXIMATE,2026-06-14 00:58:56,overlay,0.98,evidence/CAM-13_5207_1788366491365.jpg
4153,NOT_READABLE,,,motorcycle,grey,southbound,CAM-13,CN-VIDHYALAYA,23.0284,72.5541,APPROXIMATE,2026-06-14 00:58:56,overlay,0.83,evidence/CAM-13_5216_1788366491392.jpg
4154,NOT_READABLE,,,car,grey,westbound,CAM-13,CN-VIDHYALAYA,23.0284,72.5541,APPROXIMATE,2026-06-14 00:58:56,overlay,0.90,evidence/CAM-13_5222_1788366491424.jpg
4155,NOT_READABLE,,,car,grey,westbound,CAM-13,CN-VIDHYALAYA,23.0284,72.5541,APPROXIMATE,2026-06-14 00:58:56,overlay,0.82,evidence/CAM-13_5228_1788366491443.jpg
4156,NOT_READABLE,,,motorcycle,grey,westbound,CAM-13,CN-VIDHYALAYA,23.0284,72.5541,APPROXIMATE,2026-06-14 00:58:56,overlay,0.94,evidence/CAM-13_5229_1788366491468.jpg
4157,NOT_READABLE,,,motorcycle,grey,westbound,CAM-13,CN-VIDHYALAYA,23.0284,72.5541,APPROXIMATE,2026-06-14 00:58:56,overlay,0.83,evidence/CAM-13_5231_1788366491490.jpg
4158,NOT_READABLE,,,truck,grey,southbound,CAM-13,CN-VIDHYALAYA,23.0284,72.5541,APPROXIMATE,2026-06-14 00:58:56,overlay,0.89,evidence/CAM-13_5233_1788366491510.jpg
4159,NOT_READABLE,,,motorcycle,grey,eastbound,CAM-13,CN-VIDHYALAYA,23.0284,72.5541,APPROXIMATE,2026-06-14 00:58:56,overlay,0.85,evidence/CAM-13_5236_1788366491527.jpg
4160,NOT_READABLE,,,motorcycle,grey,northbound,CAM-13,CN-VIDHYALAYA,23.0284,72.5541,APPROXIMATE,2026-06-14 00:58:56,overlay,0.80,evidence/CAM-13_5238_1788366491548.jpg
4161,NOT_READABLE,,,bus,grey,southbound,CAM-13,CN-VIDHYALAYA,23.0284,72.5541,APPROXIMATE,2026-06-14 00:58:56,overlay,0.83,evidence/CAM-13_5240_1788366491574.jpg
4162,NOT_READABLE,,,bus,grey,westbound,CAM-13,CN-VIDHYALAYA,23.0284,72.5541,APPROXIMATE,2026-06-14 00:58:56,overlay,0.81,evidence/CAM-13_5241_1788366491592.jpg
4163,NOT_READABLE,,,car,grey,eastbound,CAM-13,CN-VIDHYALAYA,23.0284,72.5541,APPROXIMATE,2026-06-14 00:58:56,overlay,0.73,evidence/CAM-13_5243_1788366491612.jpg
4164,NOT_READABLE,,,bus,grey,northbound,CAM-13,CN-VIDHYALAYA,23.0284,72.5541,APPROXIMATE,2026-06-14 00:58:56,overlay,0.84,evidence/CAM-13_5246_1788366491633.jpg
4165,NOT_READABLE,,,bicycle,grey,northbound,CAM-13,CN-VIDHYALAYA,23.0284,72.5541,APPROXIMATE,2026-06-14 00:58:56,overlay,0.85,evidence/CAM-13_5247_1788366491653.jpg
4166,NOT_READABLE,,,bus,grey,northbound,CAM-13,CN-VIDHYALAYA,23.0284,72.5541,APPROXIMATE,2026-06-14 00:58:56,overlay,0.87,evidence/CAM-13_5253_1788366491668.jpg
4167,NOT_READABLE,,,truck,black,eastbound,CAM-13,CN-VIDHYALAYA,23.0284,72.5541,APPROXIMATE,2026-06-14 00:58:56,overlay,0.85,evidence/CAM-13_5266_1788366491685.jpg
4168,NOT_READABLE,,,truck,grey,eastbound,CAM-13,CN-VIDHYALAYA,23.0284,72.5541,APPROXIMATE,2026-06-14 00:58:56,overlay,0.85,evidence/CAM-13_5269_1788366491704.jpg
4169,NOT_READABLE,,,car,grey,eastbound,CAM-13,CN-VIDHYALAYA,23.0284,72.5541,APPROXIMATE,2026-06-14 00:58:56,overlay,0.95,evidence/CAM-13_5271_1788366491739.jpg
4170,NOT_READABLE,,,car,grey,eastbound,CAM-13,CN-VIDHYALAYA,23.0284,72.5541,APPROXIMATE,2026-06-14 00:58:56,overlay,0.66,evidence/CAM-13_5272_1788366491764.jpg
4171,NOT_READABLE,,,car,grey,northbound,CAM-13,CN-VIDHYALAYA,23.0284,72.5541,APPROXIMATE,2026-06-14 00:58:56,overlay,0.81,evidence/CAM-13_5273_1788366491787.jpg
4172,NOT_READABLE,,,truck,white,eastbound,CAM-13,CN-VIDHYALAYA,23.0284,72.5541,APPROXIMATE,2026-06-14 00:58:56,overlay,0.58,evidence/CAM-13_5274_1788366491808.jpg
4173,NOT_READABLE,,,truck,black,eastbound,CAM-13,CN-VIDHYALAYA,23.0284,72.5541,APPROXIMATE,2026-06-14 00:58:56,overlay,0.67,evidence/CAM-13_5279_1788366491827.jpg
4174,NOT_READABLE,,,bus,white,northbound,CAM-13,CN-VIDHYALAYA,23.0284,72.5541,APPROXIMATE,2026-06-14 00:58:56,overlay,0.65,evidence/CAM-13_5283_1788366491850.jpg
4175,NOT_READABLE,,,motorcycle,grey,westbound,CAM-13,CN-VIDHYALAYA,23.0284,72.5541,APPROXIMATE,2026-06-14 00:58:56,overlay,0.69,evidence/CAM-13_5285_1788366491870.jpg
4176,NOT_READABLE,,,motorcycle,grey,westbound,CAM-13,CN-VIDHYALAYA,23.0284,72.5541,APPROXIMATE,2026-06-14 00:58:56,overlay,0.85,evidence/CAM-13_5306_1788366491891.jpg
4177,NOT_READABLE,,,truck,grey,northbound,CAM-13,CN-VIDHYALAYA,23.0284,72.5541,APPROXIMATE,2026-06-14 00:58:56,overlay,0.84,evidence/CAM-13_5317_1788366491909.jpg
4178,NOT_READABLE,,,car,grey,northbound,CAM-13,CN-VIDHYALAYA,23.0284,72.5541,APPROXIMATE,2026-06-14 00:58:56,overlay,0.77,evidence/CAM-13_5320_1788366491928.jpg
4179,NOT_READABLE,,,car,grey,eastbound,CAM-13,CN-VIDHYALAYA,23.0284,72.5541,APPROXIMATE,2026-06-14 00:58:56,overlay,0.45,evidence/CAM-13_5333_1788366491949.jpg
4180,NOT_READABLE,,,car,grey,westbound,CAM-13,CN-VIDHYALAYA,23.0284,72.5541,APPROXIMATE,2026-06-14 00:58:56,overlay,0.48,evidence/CAM-13_5344_1788366492009.jpg
4181,NOT_READABLE,,,bicycle,grey,eastbound,CAM-13,CN-VIDHYALAYA,23.0284,72.5541,APPROXIMATE,2026-06-14 00:58:56,overlay,0.51,evidence/CAM-13_5350_1788366492031.jpg
4182,NOT_READABLE,,,car,grey,eastbound,CAM-13,CN-VIDHYALAYA,23.0284,72.5541,APPROXIMATE,2026-06-14 00:58:56,overlay,0.85,evidence/CAM-13_5361_1788366492045.jpg
4183,NOT_READABLE,,,car,grey,northbound,CAM-13,CN-VIDHYALAYA,23.0284,72.5541,APPROXIMATE,2026-06-14 00:58:56,overlay,0.67,evidence/CAM-13_5380_1788366492060.jpg
4184,NOT_READABLE,,,truck,grey,southbound,CAM-13,CN-VIDHYALAYA,23.0284,72.5541,APPROXIMATE,2026-06-14 00:58:56,overlay,0.53,evidence/CAM-13_5396_1788366492082.jpg
4185,NOT_READABLE,,,car,grey,westbound,CAM-13,CN-VIDHYALAYA,23.0284,72.5541,APPROXIMATE,2026-06-14 00:58:56,overlay,0.89,evidence/CAM-13_5442_1788366492103.jpg
4186,NOT_READABLE,,,bus,grey,northbound,CAM-13,CN-VIDHYALAYA,23.0284,72.5541,APPROXIMATE,2026-06-14 00:58:56,overlay,0.86,evidence/CAM-13_5467_1788366492126.jpg
4187,NOT_READABLE,,,car,grey,northbound,CAM-13,CN-VIDHYALAYA,23.0284,72.5541,APPROXIMATE,2026-06-14 00:58:56,overlay,0.89,evidence/CAM-13_5468_1788366492144.jpg
4188,NOT_READABLE,,,car,white,westbound,CAM-13,CN-VIDHYALAYA,23.0284,72.5541,APPROXIMATE,2026-06-14 00:58:56,overlay,0.84,evidence/CAM-13_5473_1788366492162.jpg
4189,NOT_READABLE,,,car,grey,eastbound,CAM-13,CN-VIDHYALAYA,23.0284,72.5541,APPROXIMATE,2026-06-14 00:58:56,overlay,0.78,evidence/CAM-13_5475_1788366492181.jpg
4190,NOT_READABLE,,,motorcycle,grey,stationary,CAM-13,CN-VIDHYALAYA,23.0284,72.5541,APPROXIMATE,2026-06-14 00:58:56,overlay,0.82,evidence/CAM-13_5483_1788366492205.jpg
4191,NOT_READABLE,,,motorcycle,black,northbound,CAM-13,CN-VIDHYALAYA,23.0284,72.5541,APPROXIMATE,2026-06-14 00:58:56,overlay,0.51,evidence/CAM-13_5492_1788366492225.jpg
4192,NOT_READABLE,,,truck,grey,stationary,CAM-13,CN-VIDHYALAYA,23.0284,72.5541,APPROXIMATE,2026-06-14 00:58:56,overlay,0.45,evidence/CAM-13_5544_1788366492243.jpg
4193,NOT_READABLE,,,bus,black,northbound,CAM-13,CN-VIDHYALAYA,23.0284,72.5541,APPROXIMATE,2026-06-14 00:58:56,overlay,0.58,evidence/CAM-13_5553_1788366492262.jpg
4194,NOT_READABLE,,,car,grey,eastbound,CAM-13,CN-VIDHYALAYA,23.0284,72.5541,APPROXIMATE,2026-06-14 00:58:56,overlay,0.45,evidence/CAM-13_5563_1788366492284.jpg
4195,NOT_READABLE,,,bus,grey,eastbound,CAM-13,CN-VIDHYALAYA,23.0284,72.5541,APPROXIMATE,2026-06-14 00:58:56,overlay,0.48,evidence/CAM-13_5568_1788366492301.jpg
4196,NOT_READABLE,,,bus,black,westbound,CAM-13,CN-VIDHYALAYA,23.0284,72.5541,APPROXIMATE,2026-06-14 00:58:56,overlay,0.60,evidence/CAM-13_5591_1788366492358.jpg
4198,NOT_READABLE,,,bicycle,grey,westbound,CAM-13,CN-VIDHYALAYA,23.0284,72.5541,APPROXIMATE,2026-06-14 00:58:56,overlay,0.70,evidence/CAM-13_5605_1788366492379.jpg
4199,NOT_READABLE,,,bicycle,grey,westbound,CAM-13,CN-VIDHYALAYA,23.0284,72.5541,APPROXIMATE,2026-06-14 00:58:56,overlay,0.64,evidence/CAM-13_5625_1788366492392.jpg
4200,NOT_READABLE,,,bicycle,grey,westbound,CAM-13,CN-VIDHYALAYA,23.0284,72.5541,APPROXIMATE,2026-06-14 00:58:56,overlay,0.40,evidence/CAM-13_5626_1788366492405.jpg
4201,NOT_READABLE,,,motorcycle,grey,westbound,CAM-13,CN-VIDHYALAYA,23.0284,72.5541,APPROXIMATE,2026-06-14 00:58:56,overlay,0.42,evidence/CAM-13_5627_1788366492422.jpg
4202,NOT_READABLE,,,car,black,southbound,CAM-13,CN-VIDHYALAYA,23.0284,72.5541,APPROXIMATE,2026-06-14 00:58:56,overlay,0.52,evidence/CAM-13_5628_1788366492442.jpg
4203,NOT_READABLE,,,truck,orange,eastbound,CAM-13,CN-VIDHYALAYA,23.0284,72.5541,APPROXIMATE,2026-06-14 00:58:56,overlay,0.75,evidence/CAM-13_5630_1788366492463.jpg
4204,NOT_READABLE,,,truck,grey,northbound,CAM-13,CN-VIDHYALAYA,23.0284,72.5541,APPROXIMATE,2026-06-14 00:58:56,overlay,0.93,evidence/CAM-13_5631_1788366492484.jpg
4205,NOT_READABLE,,,truck,white,southbound,CAM-13,CN-VIDHYALAYA,23.0284,72.5541,APPROXIMATE,2026-06-14 00:58:56,overlay,0.47,evidence/CAM-13_5636_1788366492502.jpg
4206,NOT_READABLE,,,bus,grey,southbound,CAM-13,CN-VIDHYALAYA,23.0284,72.5541,APPROXIMATE,2026-06-14 00:58:56,overlay,0.39,evidence/CAM-13_5638_1788366492523.jpg
4207,NOT_READABLE,,,car,white,northbound,CAM-13,CN-VIDHYALAYA,23.0284,72.5541,APPROXIMATE,2026-06-14 00:58:56,overlay,0.56,evidence/CAM-13_5639_1788366492542.jpg
4208,NOT_READABLE,,,car,black,northbound,CAM-13,CN-VIDHYALAYA,23.0284,72.5541,APPROXIMATE,2026-06-14 00:58:56,overlay,0.45,evidence/CAM-13_5641_1788366492562.jpg
4209,NOT_READABLE,,,car,grey,southbound,CAM-13,CN-VIDHYALAYA,23.0284,72.5541,APPROXIMATE,2026-06-14 00:58:56,overlay,0.55,evidence/CAM-13_5642_1788366492588.jpg
4210,NOT_READABLE,,,bicycle,grey,northbound,CAM-13,CN-VIDHYALAYA,23.0284,72.5541,APPROXIMATE,2026-06-14 00:58:56,overlay,0.61,evidence/CAM-13_5643_1788366492617.jpg
4211,NOT_READABLE,,,car,grey,stationary,CAM-13,CN-VIDHYALAYA,23.0284,72.5541,APPROXIMATE,2026-06-14 00:58:56,overlay,0.64,evidence/CAM-13_5648_1788366492639.jpg
4212,NOT_READABLE,,,motorcycle,grey,eastbound,CAM-13,CN-VIDHYALAYA,23.0284,72.5541,APPROXIMATE,2026-06-14 00:58:56,overlay,0.71,evidence/CAM-13_5649_1788366492666.jpg
4213,NOT_READABLE,,,truck,grey,eastbound,CAM-13,CN-VIDHYALAYA,23.0284,72.5541,APPROXIMATE,2026-06-14 00:58:56,overlay,0.35,evidence/CAM-13_5650_1788366492687.jpg
4214,NOT_READABLE,,,motorcycle,black,eastbound,CAM-13,CN-VIDHYALAYA,23.0284,72.5541,APPROXIMATE,2026-06-14 00:58:56,overlay,0.38,evidence/CAM-13_5656_1788366492705.jpg
4215,NOT_READABLE,,,bicycle,white,westbound,CAM-13,CN-VIDHYALAYA,23.0284,72.5541,APPROXIMATE,2026-06-14 00:58:56,overlay,0.69,evidence/CAM-13_5657_1788366492720.jpg
4216,NOT_READABLE,,,motorcycle,grey,northbound,CAM-13,CN-VIDHYALAYA,23.0284,72.5541,APPROXIMATE,2026-06-14 00:58:56,overlay,0.63,evidence/CAM-13_5658_1788366492735.jpg
4217,NOT_READABLE,,,bus,grey,southbound,CAM-13,CN-VIDHYALAYA,23.0284,72.5541,APPROXIMATE,2026-06-14 00:58:56,overlay,0.52,evidence/CAM-13_5665_1788366492750.jpg
4218,NOT_READABLE,,,bicycle,grey,westbound,CAM-13,CN-VIDHYALAYA,23.0284,72.5541,APPROXIMATE,2026-06-14 00:58:56,overlay,0.54,evidence/CAM-13_5666_1788366492768.jpg
4219,NOT_READABLE,,,bus,black,eastbound,CAM-13,CN-VIDHYALAYA,23.0284,72.5541,APPROXIMATE,2026-06-14 00:58:56,overlay,0.62,evidence/CAM-13_5674_1788366492785.jpg
4220,NOT_READABLE,,,bus,white,northbound,CAM-13,CN-VIDHYALAYA,23.0284,72.5541,APPROXIMATE,2026-06-14 00:58:56,overlay,0.47,evidence/CAM-13_5676_1788366492807.jpg
4221,NOT_READABLE,,,motorcycle,grey,northbound,CAM-13,CN-VIDHYALAYA,23.0284,72.5541,APPROXIMATE,2026-06-14 00:58:56,overlay,0.38,evidence/CAM-13_5682_1788366492827.jpg
4222,NOT_READABLE,,,bus,grey,stationary,CAM-13,CN-VIDHYALAYA,23.0284,72.5541,APPROXIMATE,2026-06-14 00:58:56,overlay,0.41,evidence/CAM-13_5701_1788366492846.jpg
4223,NOT_READABLE,,,truck,grey,stationary,CAM-13,CN-VIDHYALAYA,23.0284,72.5541,APPROXIMATE,2026-06-14 00:58:56,overlay,0.65,evidence/CAM-13_5715_1788366492863.jpg
3840,NOT_READABLE,,,car,grey,northbound,CAM-13,CN-VIDHYALAYA,23.0284,72.5541,APPROXIMATE,2026-06-14 00:58:57,overlay,0.95,evidence/CAM-13_4953_1788366479762.jpg
3842,NOT_READABLE,,,truck,grey,westbound,CAM-13,CN-VIDHYALAYA,23.0284,72.5541,APPROXIMATE,2026-06-14 00:58:57,overlay,0.93,evidence/CAM-13_5209_1788366479780.jpg
3844,NOT_READABLE,,,bicycle,grey,westbound,CAM-13,CN-VIDHYALAYA,23.0284,72.5541,APPROXIMATE,2026-06-14 00:58:57,overlay,0.95,evidence/CAM-13_5215_1788366479797.jpg
3846,NOT_READABLE,,,truck,grey,eastbound,CAM-13,CN-VIDHYALAYA,23.0284,72.5541,APPROXIMATE,2026-06-14 00:58:57,overlay,0.97,evidence/CAM-13_5224_1788366479814.jpg
3848,NOT_READABLE,,,truck,grey,northbound,CAM-13,CN-VIDHYALAYA,23.0284,72.5541,APPROXIMATE,2026-06-14 00:58:57,overlay,0.85,evidence/CAM-13_5234_1788366479831.jpg
3850,NOT_READABLE,,,bicycle,grey,northbound,CAM-13,CN-VIDHYALAYA,23.0284,72.5541,APPROXIMATE,2026-06-14 00:58:57,overlay,0.77,evidence/CAM-13_5239_1788366479846.jpg
3852,NOT_READABLE,,,motorcycle,white,southbound,CAM-13,CN-VIDHYALAYA,23.0284,72.5541,APPROXIMATE,2026-06-14 00:58:57,overlay,0.70,evidence/CAM-13_5244_1788366479863.jpg
3854,NOT_READABLE,,,car,grey,southbound,CAM-13,CN-VIDHYALAYA,23.0284,72.5541,APPROXIMATE,2026-06-14 00:58:57,overlay,0.83,evidence/CAM-13_5245_1788366479885.jpg
3856,NOT_READABLE,,,motorcycle,grey,northbound,CAM-13,CN-VIDHYALAYA,23.0284,72.5541,APPROXIMATE,2026-06-14 00:58:57,overlay,0.84,evidence/CAM-13_5251_1788366479900.jpg
3858,NOT_READABLE,,,bicycle,grey,northbound,CAM-13,CN-VIDHYALAYA,23.0284,72.5541,APPROXIMATE,2026-06-14 00:58:57,overlay,0.89,evidence/CAM-13_5252_1788366479916.jpg
3860,NOT_READABLE,,,truck,grey,westbound,CAM-13,CN-VIDHYALAYA,23.0284,72.5541,APPROXIMATE,2026-06-14 00:58:57,overlay,0.80,evidence/CAM-13_5254_1788366479931.jpg
3862,NOT_READABLE,,,bicycle,black,southbound,CAM-13,CN-VIDHYALAYA,23.0284,72.5541,APPROXIMATE,2026-06-14 00:58:57,overlay,0.55,evidence/CAM-13_5259_1788366479946.jpg
3864,NOT_READABLE,,,bus,grey,westbound,CAM-13,CN-VIDHYALAYA,23.0284,72.5541,APPROXIMATE,2026-06-14 00:58:57,overlay,0.57,evidence/CAM-13_5264_1788366479961.jpg
3866,NOT_READABLE,,,truck,grey,northbound,CAM-13,CN-VIDHYALAYA,23.0284,72.5541,APPROXIMATE,2026-06-14 00:58:57,overlay,0.77,evidence/CAM-13_5265_1788366479978.jpg
3868,NOT_READABLE,,,bicycle,grey,westbound,CAM-13,CN-VIDHYALAYA,23.0284,72.5541,APPROXIMATE,2026-06-14 00:58:57,overlay,0.70,evidence/CAM-13_5267_1788366479993.jpg
3870,NOT_READABLE,,,truck,grey,northbound,CAM-13,CN-VIDHYALAYA,23.0284,72.5541,APPROXIMATE,2026-06-14 00:58:57,overlay,0.92,evidence/CAM-13_5275_1788366480007.jpg
3872,NOT_READABLE,,,motorcycle,grey,eastbound,CAM-13,CN-VIDHYALAYA,23.0284,72.5541,APPROXIMATE,2026-06-14 00:58:57,overlay,0.71,evidence/CAM-13_5277_1788366480023.jpg
3874,NOT_READABLE,,,car,grey,stationary,CAM-13,CN-VIDHYALAYA,23.0284,72.5541,APPROXIMATE,2026-06-14 00:58:57,overlay,0.55,evidence/CAM-13_5288_1788366480038.jpg
3876,NOT_READABLE,,,bicycle,grey,eastbound,CAM-13,CN-VIDHYALAYA,23.0284,72.5541,APPROXIMATE,2026-06-14 00:58:57,overlay,0.58,evidence/CAM-13_5291_1788366480054.jpg
3878,NOT_READABLE,,,bus,grey,southbound,CAM-13,CN-VIDHYALAYA,23.0284,72.5541,APPROXIMATE,2026-06-14 00:58:57,overlay,0.78,evidence/CAM-13_5299_1788366480070.jpg
3880,NOT_READABLE,,,truck,grey,westbound,CAM-13,CN-VIDHYALAYA,23.0284,72.5541,APPROXIMATE,2026-06-14 00:58:57,overlay,0.51,evidence/CAM-13_5303_1788366480086.jpg
3883,NOT_READABLE,,,bicycle,grey,eastbound,CAM-13,CN-VIDHYALAYA,23.0284,72.5541,APPROXIMATE,2026-06-14 00:58:57,overlay,0.53,evidence/CAM-13_5305_1788366480275.jpg
3885,NOT_READABLE,,,truck,grey,eastbound,CAM-13,CN-VIDHYALAYA,23.0284,72.5541,APPROXIMATE,2026-06-14 00:58:57,overlay,0.45,evidence/CAM-13_5308_1788366480514.jpg
3887,NOT_READABLE,,,truck,grey,southbound,CAM-13,CN-VIDHYALAYA,23.0284,72.5541,APPROXIMATE,2026-06-14 00:58:57,overlay,0.57,evidence/CAM-13_5309_1788366480648.jpg
3889,NOT_READABLE,,,motorcycle,grey,southbound,CAM-13,CN-VIDHYALAYA,23.0284,72.5541,APPROXIMATE,2026-06-14 00:58:57,overlay,0.84,evidence/CAM-13_5312_1788366480702.jpg
3891,NOT_READABLE,,,bicycle,grey,westbound,CAM-13,CN-VIDHYALAYA,23.0284,72.5541,APPROXIMATE,2026-06-14 00:58:57,overlay,0.49,evidence/CAM-13_5314_1788366480852.jpg
3892,NOT_READABLE,,,car,grey,westbound,CAM-13,CN-VIDHYALAYA,23.0284,72.5541,APPROXIMATE,2026-06-14 00:58:57,overlay,0.76,evidence/CAM-13_5315_1788366480955.jpg
3894,NOT_READABLE,,,bus,white,westbound,CAM-13,CN-VIDHYALAYA,23.0284,72.5541,APPROXIMATE,2026-06-14 00:58:57,overlay,0.48,evidence/CAM-13_5319_1788366481034.jpg
3896,NOT_READABLE,,,bus,grey,northbound,CAM-13,CN-VIDHYALAYA,23.0284,72.5541,APPROXIMATE,2026-06-14 00:58:57,overlay,0.50,evidence/CAM-13_5323_1788366481052.jpg
3898,NOT_READABLE,,,car,grey,westbound,CAM-13,CN-VIDHYALAYA,23.0284,72.5541,APPROXIMATE,2026-06-14 00:58:57,overlay,0.79,evidence/CAM-13_5334_1788366481074.jpg
3900,NOT_READABLE,,,motorcycle,black,southbound,CAM-13,CN-VIDHYALAYA,23.0284,72.5541,APPROXIMATE,2026-06-14 00:58:57,overlay,0.51,evidence/CAM-13_5335_1788366481091.jpg
3902,NOT_READABLE,,,car,black,westbound,CAM-13,CN-VIDHYALAYA,23.0284,72.5541,APPROXIMATE,2026-06-14 00:58:57,overlay,0.49,evidence/CAM-13_5343_1788366481108.jpg
3904,NOT_READABLE,,,motorcycle,grey,southbound,CAM-13,CN-VIDHYALAYA,23.0284,72.5541,APPROXIMATE,2026-06-14 00:58:57,overlay,0.54,evidence/CAM-13_5345_1788366481450.jpg
3906,NOT_READABLE,,,motorcycle,grey,eastbound,CAM-13,CN-VIDHYALAYA,23.0284,72.5541,APPROXIMATE,2026-06-14 00:58:57,overlay,0.66,evidence/CAM-13_5351_1788366481672.jpg
3908,NOT_READABLE,,,car,grey,westbound,CAM-13,CN-VIDHYALAYA,23.0284,72.5541,APPROXIMATE,2026-06-14 00:58:57,overlay,0.59,evidence/CAM-13_5352_1788366481699.jpg
3910,NOT_READABLE,,,car,grey,southbound,CAM-13,CN-VIDHYALAYA,23.0284,72.5541,APPROXIMATE,2026-06-14 00:58:57,overlay,0.78,evidence/CAM-13_5359_1788366481727.jpg
3913,NOT_READABLE,,,bus,grey,southbound,CAM-13,CN-VIDHYALAYA,23.0284,72.5541,APPROXIMATE,2026-06-14 00:58:57,overlay,0.46,evidence/CAM-13_5368_1788366481861.jpg
3916,NOT_READABLE,,,car,grey,stationary,CAM-13,CN-VIDHYALAYA,23.0284,72.5541,APPROXIMATE,2026-06-14 00:58:57,overlay,0.38,evidence/CAM-13_5371_1788366481905.jpg
3918,NOT_READABLE,,,motorcycle,black,westbound,CAM-13,CN-VIDHYALAYA,23.0284,72.5541,APPROXIMATE,2026-06-14 00:58:57,overlay,0.83,evidence/CAM-13_5375_1788366481937.jpg
3920,NOT_READABLE,,,bicycle,white,eastbound,CAM-13,CN-VIDHYALAYA,23.0284,72.5541,APPROXIMATE,2026-06-14 00:58:57,overlay,0.51,evidence/CAM-13_5387_1788366481965.jpg
3922,NOT_READABLE,,,truck,grey,southbound,CAM-13,CN-VIDHYALAYA,23.0284,72.5541,APPROXIMATE,2026-06-14 00:58:57,overlay,0.45,evidence/CAM-13_5393_1788366481984.jpg
3924,NOT_READABLE,,,motorcycle,grey,stationary,CAM-13,CN-VIDHYALAYA,23.0284,72.5541,APPROXIMATE,2026-06-14 00:58:57,overlay,0.59,evidence/CAM-13_5405_1788366482004.jpg
3926,NOT_READABLE,,,bus,black,stationary,CAM-13,CN-VIDHYALAYA,23.0284,72.5541,APPROXIMATE,2026-06-14 00:58:57,overlay,0.37,evidence/CAM-13_5420_1788366482026.jpg
3927,NOT_READABLE,,,truck,grey,southbound,CAM-13,CN-VIDHYALAYA,23.0284,72.5541,APPROXIMATE,2026-06-14 00:58:57,overlay,0.46,evidence/CAM-13_5452_1788366482050.jpg
3929,NOT_READABLE,,,truck,grey,eastbound,CAM-13,CN-VIDHYALAYA,23.0284,72.5541,APPROXIMATE,2026-06-14 00:58:57,overlay,0.78,evidence/CAM-13_5457_1788366482183.jpg
3932,NOT_READABLE,,,bicycle,grey,westbound,CAM-13,CN-VIDHYALAYA,23.0284,72.5541,APPROXIMATE,2026-06-14 00:58:57,overlay,0.81,evidence/CAM-13_5463_1788366482316.jpg
3934,NOT_READABLE,,,motorcycle,grey,eastbound,CAM-13,CN-VIDHYALAYA,23.0284,72.5541,APPROXIMATE,2026-06-14 00:58:57,overlay,0.95,evidence/CAM-13_5474_1788366482546.jpg
3935,NOT_READABLE,,,motorcycle,grey,westbound,CAM-13,CN-VIDHYALAYA,23.0284,72.5541,APPROXIMATE,2026-06-14 00:58:57,overlay,0.67,evidence/CAM-13_5481_1788366482572.jpg
3937,NOT_READABLE,,,car,white,northbound,CAM-13,CN-VIDHYALAYA,23.0284,72.5541,APPROXIMATE,2026-06-14 00:58:57,overlay,0.62,evidence/CAM-13_5485_1788366482755.jpg
3938,NOT_READABLE,,,truck,grey,eastbound,CAM-13,CN-VIDHYALAYA,23.0284,72.5541,APPROXIMATE,2026-06-14 00:58:57,overlay,0.49,evidence/CAM-13_5486_1788366482845.jpg
3941,NOT_READABLE,,,motorcycle,black,westbound,CAM-13,CN-VIDHYALAYA,23.0284,72.5541,APPROXIMATE,2026-06-14 00:58:57,overlay,0.39,evidence/CAM-13_5487_1788366482870.jpg
3943,NOT_READABLE,,,car,grey,northbound,CAM-13,CN-VIDHYALAYA,23.0284,72.5541,APPROXIMATE,2026-06-14 00:58:57,overlay,0.53,evidence/CAM-13_5488_1788366482894.jpg
3945,NOT_READABLE,,,bicycle,grey,westbound,CAM-13,CN-VIDHYALAYA,23.0284,72.5541,APPROXIMATE,2026-06-14 00:58:57,overlay,0.47,evidence/CAM-13_5496_1788366482986.jpg
3947,NOT_READABLE,,,bus,grey,northbound,CAM-13,CN-VIDHYALAYA,23.0284,72.5541,APPROXIMATE,2026-06-14 00:58:57,overlay,0.44,evidence/CAM-13_5503_1788366483028.jpg
4225,NOT_READABLE,,,car,grey,westbound,CAM-13,CN-VIDHYALAYA,23.0284,72.5541,APPROXIMATE,2026-06-14 00:58:58,overlay,2.04,evidence/CAM-13_5718_1788366493439.jpg
4030,NOT_READABLE,,,bicycle,grey,eastbound,CAM-13,CN-VIDHYALAYA,23.0284,72.5541,APPROXIMATE,2026-06-14 00:58:58,overlay,0.84,evidence/CAM-13_5217_1788366486680.jpg
4031,NOT_READABLE,,,motorcycle,black,eastbound,CAM-13,CN-VIDHYALAYA,23.0284,72.5541,APPROXIMATE,2026-06-14 00:58:58,overlay,0.56,evidence/CAM-13_5248_1788366486699.jpg
4034,NOT_READABLE,,,car,grey,eastbound,CAM-13,CN-VIDHYALAYA,23.0284,72.5541,APPROXIMATE,2026-06-14 00:58:58,overlay,0.66,evidence/CAM-13_5257_1788366486718.jpg
4036,NOT_READABLE,,,bicycle,grey,westbound,CAM-13,CN-VIDHYALAYA,23.0284,72.5541,APPROXIMATE,2026-06-14 00:58:58,overlay,0.88,evidence/CAM-13_5258_1788366486753.jpg
4038,NOT_READABLE,,,bus,grey,northbound,CAM-13,CN-VIDHYALAYA,23.0284,72.5541,APPROXIMATE,2026-06-14 00:58:58,overlay,0.66,evidence/CAM-13_5276_1788366486775.jpg
4040,NOT_READABLE,,,truck,grey,northbound,CAM-13,CN-VIDHYALAYA,23.0284,72.5541,APPROXIMATE,2026-06-14 00:58:58,overlay,0.63,evidence/CAM-13_5280_1788366486794.jpg
4043,NOT_READABLE,,,bus,grey,stationary,CAM-13,CN-VIDHYALAYA,23.0284,72.5541,APPROXIMATE,2026-06-14 00:58:58,overlay,0.42,evidence/CAM-13_5311_1788366486807.jpg
4045,NOT_READABLE,,,motorcycle,grey,eastbound,CAM-13,CN-VIDHYALAYA,23.0284,72.5541,APPROXIMATE,2026-06-14 00:58:58,overlay,0.45,evidence/CAM-13_5316_1788366486823.jpg
4047,NOT_READABLE,,,car,black,eastbound,CAM-13,CN-VIDHYALAYA,23.0284,72.5541,APPROXIMATE,2026-06-14 00:58:58,overlay,0.61,evidence/CAM-13_5321_1788366486843.jpg
4049,NOT_READABLE,,,bicycle,grey,eastbound,CAM-13,CN-VIDHYALAYA,23.0284,72.5541,APPROXIMATE,2026-06-14 00:58:58,overlay,0.81,evidence/CAM-13_5330_1788366486865.jpg
4051,NOT_READABLE,,,car,grey,westbound,CAM-13,CN-VIDHYALAYA,23.0284,72.5541,APPROXIMATE,2026-06-14 00:58:58,overlay,0.54,evidence/CAM-13_5331_1788366486890.jpg
4053,NOT_READABLE,,,bicycle,black,eastbound,CAM-13,CN-VIDHYALAYA,23.0284,72.5541,APPROXIMATE,2026-06-14 00:58:58,overlay,0.89,evidence/CAM-13_5332_1788366486909.jpg
4055,NOT_READABLE,,,bicycle,grey,eastbound,CAM-13,CN-VIDHYALAYA,23.0284,72.5541,APPROXIMATE,2026-06-14 00:58:58,overlay,0.53,evidence/CAM-13_5353_1788366486931.jpg
4057,NOT_READABLE,,,car,grey,westbound,CAM-13,CN-VIDHYALAYA,23.0284,72.5541,APPROXIMATE,2026-06-14 00:58:58,overlay,0.46,evidence/CAM-13_5362_1788366486957.jpg
4059,NOT_READABLE,,,car,grey,northbound,CAM-13,CN-VIDHYALAYA,23.0284,72.5541,APPROXIMATE,2026-06-14 00:58:58,overlay,0.77,evidence/CAM-13_5364_1788366486979.jpg
4061,NOT_READABLE,,,truck,grey,eastbound,CAM-13,CN-VIDHYALAYA,23.0284,72.5541,APPROXIMATE,2026-06-14 00:58:58,overlay,0.36,evidence/CAM-13_5365_1788366487004.jpg
4062,NOT_READABLE,,,bus,white,stationary,CAM-13,CN-VIDHYALAYA,23.0284,72.5541,APPROXIMATE,2026-06-14 00:58:58,overlay,0.38,evidence/CAM-13_5367_1788366487025.jpg
4064,NOT_READABLE,,,truck,grey,northbound,CAM-13,CN-VIDHYALAYA,23.0284,72.5541,APPROXIMATE,2026-06-14 00:58:58,overlay,0.72,evidence/CAM-13_5383_1788366487046.jpg
4066,NOT_READABLE,,,bus,black,northbound,CAM-13,CN-VIDHYALAYA,23.0284,72.5541,APPROXIMATE,2026-06-14 00:58:58,overlay,0.74,evidence/CAM-13_5386_1788366487066.jpg
4068,NOT_READABLE,,,motorcycle,grey,eastbound,CAM-13,CN-VIDHYALAYA,23.0284,72.5541,APPROXIMATE,2026-06-14 00:58:58,overlay,0.42,evidence/CAM-13_5402_1788366487101.jpg
4070,NOT_READABLE,,,bus,white,stationary,CAM-13,CN-VIDHYALAYA,23.0284,72.5541,APPROXIMATE,2026-06-14 00:58:58,overlay,0.40,evidence/CAM-13_5412_1788366487122.jpg
4073,NOT_READABLE,,,car,grey,southbound,CAM-13,CN-VIDHYALAYA,23.0284,72.5541,APPROXIMATE,2026-06-14 00:58:58,overlay,0.37,evidence/CAM-13_5432_1788366487142.jpg
4075,NOT_READABLE,,,motorcycle,grey,northbound,CAM-13,CN-VIDHYALAYA,23.0284,72.5541,APPROXIMATE,2026-06-14 00:58:58,overlay,0.99,evidence/CAM-13_5453_1788366487170.jpg
4077,NOT_READABLE,,,car,grey,northbound,CAM-13,CN-VIDHYALAYA,23.0284,72.5541,APPROXIMATE,2026-06-14 00:58:58,overlay,0.82,evidence/CAM-13_5459_1788366487211.jpg
4079,NOT_READABLE,,,truck,orange,westbound,CAM-13,CN-VIDHYALAYA,23.0284,72.5541,APPROXIMATE,2026-06-14 00:58:58,overlay,0.57,evidence/CAM-13_5495_1788366487237.jpg
4081,NOT_READABLE,,,truck,grey,eastbound,CAM-13,CN-VIDHYALAYA,23.0284,72.5541,APPROXIMATE,2026-06-14 00:58:58,overlay,0.43,evidence/CAM-13_5507_1788366487261.jpg
4083,NOT_READABLE,,,car,grey,westbound,CAM-13,CN-VIDHYALAYA,23.0284,72.5541,APPROXIMATE,2026-06-14 00:58:58,overlay,0.78,evidence/CAM-13_5512_1788366487291.jpg
4085,NOT_READABLE,,,bicycle,grey,southbound,CAM-13,CN-VIDHYALAYA,23.0284,72.5541,APPROXIMATE,2026-06-14 00:58:58,overlay,0.41,evidence/CAM-13_5514_1788366487319.jpg
4087,NOT_READABLE,,,bus,grey,northbound,CAM-13,CN-VIDHYALAYA,23.0284,72.5541,APPROXIMATE,2026-06-14 00:58:58,overlay,0.87,evidence/CAM-13_5515_1788366487341.jpg
4089,NOT_READABLE,,,car,red,southbound,CAM-13,CN-VIDHYALAYA,23.0284,72.5541,APPROXIMATE,2026-06-14 00:58:58,overlay,0.48,evidence/CAM-13_5550_1788366487363.jpg
4091,NOT_READABLE,,,bicycle,grey,westbound,CAM-13,CN-VIDHYALAYA,23.0284,72.5541,APPROXIMATE,2026-06-14 00:58:58,overlay,0.40,evidence/CAM-13_5564_1788366487384.jpg
4094,NOT_READABLE,,,bicycle,grey,stationary,CAM-13,CN-VIDHYALAYA,23.0284,72.5541,APPROXIMATE,2026-06-14 00:58:58,overlay,0.40,evidence/CAM-13_5572_1788366487399.jpg
4096,NOT_READABLE,,,bus,grey,stationary,CAM-13,CN-VIDHYALAYA,23.0284,72.5541,APPROXIMATE,2026-06-14 00:58:58,overlay,0.43,evidence/CAM-13_5584_1788366487419.jpg
4098,NOT_READABLE,,,motorcycle,black,stationary,CAM-13,CN-VIDHYALAYA,23.0284,72.5541,APPROXIMATE,2026-06-14 00:58:58,overlay,0.39,evidence/CAM-13_5595_1788366487443.jpg
4100,NOT_READABLE,,,motorcycle,grey,stationary,CAM-13,CN-VIDHYALAYA,23.0284,72.5541,APPROXIMATE,2026-06-14 00:58:58,overlay,0.32,evidence/CAM-13_5596_1788366487462.jpg
4226,NOT_READABLE,,,bicycle,grey,westbound,CAM-13,CN-VIDHYALAYA,23.0284,72.5541,APPROXIMATE,2026-06-14 00:58:58,overlay,0.58,evidence/CAM-13_5039_1788366493608.jpg
4227,NOT_READABLE,,,bicycle,grey,northbound,CAM-13,CN-VIDHYALAYA,23.0284,72.5541,APPROXIMATE,2026-06-14 00:58:58,overlay,1.00,evidence/CAM-13_5199_1788366493630.jpg
4228,NOT_READABLE,,,car,grey,westbound,CAM-13,CN-VIDHYALAYA,23.0284,72.5541,APPROXIMATE,2026-06-14 00:58:58,overlay,3.00,evidence/CAM-13_5200_1788366493648.jpg
4229,NOT_READABLE,,,bus,grey,westbound,CAM-13,CN-VIDHYALAYA,23.0284,72.5541,APPROXIMATE,2026-06-14 00:58:58,overlay,4.37,evidence/CAM-13_5201_1788366493670.jpg
4230,NOT_READABLE,,,bus,grey,eastbound,CAM-13,CN-VIDHYALAYA,23.0284,72.5541,APPROXIMATE,2026-06-14 00:58:58,overlay,3.38,evidence/CAM-13_5202_1788366493692.jpg
4231,NOT_READABLE,,,truck,grey,eastbound,CAM-13,CN-VIDHYALAYA,23.0284,72.5541,APPROXIMATE,2026-06-14 00:58:58,overlay,6.94,evidence/CAM-13_5203_1788366493716.jpg
4232,NOT_READABLE,,,bus,grey,southbound,CAM-13,CN-VIDHYALAYA,23.0284,72.5541,APPROXIMATE,2026-06-14 00:58:58,overlay,0.98,evidence/CAM-13_5205_1788366493741.jpg
4233,NOT_READABLE,,,car,grey,westbound,CAM-13,CN-VIDHYALAYA,23.0284,72.5541,APPROXIMATE,2026-06-14 00:58:58,overlay,0.93,evidence/CAM-13_5210_1788366493761.jpg
4234,NOT_READABLE,,,motorcycle,black,southbound,CAM-13,CN-VIDHYALAYA,23.0284,72.5541,APPROXIMATE,2026-06-14 00:58:58,overlay,1.62,evidence/CAM-13_5211_1788366493779.jpg
4235,NOT_READABLE,,,bus,grey,westbound,CAM-13,CN-VIDHYALAYA,23.0284,72.5541,APPROXIMATE,2026-06-14 00:58:58,overlay,2.20,evidence/CAM-13_5212_1788366493798.jpg
4236,NOT_READABLE,,,car,grey,northbound,CAM-13,CN-VIDHYALAYA,23.0284,72.5541,APPROXIMATE,2026-06-14 00:58:58,overlay,0.99,evidence/CAM-13_5213_1788366493816.jpg
4237,NOT_READABLE,,,motorcycle,grey,southbound,CAM-13,CN-VIDHYALAYA,23.0284,72.5541,APPROXIMATE,2026-06-14 00:58:58,overlay,3.07,evidence/CAM-13_5214_1788366493832.jpg
4238,NOT_READABLE,,,bus,grey,eastbound,CAM-13,CN-VIDHYALAYA,23.0284,72.5541,APPROXIMATE,2026-06-14 00:58:58,overlay,1.16,evidence/CAM-13_5218_1788366493848.jpg
4239,NOT_READABLE,,,bus,grey,eastbound,CAM-13,CN-VIDHYALAYA,23.0284,72.5541,APPROXIMATE,2026-06-14 00:58:58,overlay,0.91,evidence/CAM-13_5219_1788366493866.jpg
4240,NOT_READABLE,,,motorcycle,black,eastbound,CAM-13,CN-VIDHYALAYA,23.0284,72.5541,APPROXIMATE,2026-06-14 00:58:58,overlay,2.94,evidence/CAM-13_5221_1788366493885.jpg
4241,NOT_READABLE,,,bicycle,grey,westbound,CAM-13,CN-VIDHYALAYA,23.0284,72.5541,APPROXIMATE,2026-06-14 00:58:58,overlay,0.88,evidence/CAM-13_5227_1788366493909.jpg
4242,NOT_READABLE,,,truck,white,northbound,CAM-13,CN-VIDHYALAYA,23.0284,72.5541,APPROXIMATE,2026-06-14 00:58:58,overlay,0.55,evidence/CAM-13_5230_1788366493928.jpg
4243,NOT_READABLE,,,bus,grey,westbound,CAM-13,CN-VIDHYALAYA,23.0284,72.5541,APPROXIMATE,2026-06-14 00:58:58,overlay,3.80,evidence/CAM-13_5232_1788366493972.jpg
4244,NOT_READABLE,,,bus,grey,southbound,CAM-13,CN-VIDHYALAYA,23.0284,72.5541,APPROXIMATE,2026-06-14 00:58:58,overlay,0.70,evidence/CAM-13_5235_1788366493992.jpg
4245,NOT_READABLE,,,bus,orange,northbound,CAM-13,CN-VIDHYALAYA,23.0284,72.5541,APPROXIMATE,2026-06-14 00:58:58,overlay,0.83,evidence/CAM-13_5242_1788366494010.jpg
4246,NOT_READABLE,,,motorcycle,black,westbound,CAM-13,CN-VIDHYALAYA,23.0284,72.5541,APPROXIMATE,2026-06-14 00:58:58,overlay,2.17,evidence/CAM-13_5250_1788366494026.jpg
4247,NOT_READABLE,,,bus,grey,northbound,CAM-13,CN-VIDHYALAYA,23.0284,72.5541,APPROXIMATE,2026-06-14 00:58:58,overlay,0.87,evidence/CAM-13_5256_1788366494050.jpg
4248,NOT_READABLE,,,bicycle,grey,westbound,CAM-13,CN-VIDHYALAYA,23.0284,72.5541,APPROXIMATE,2026-06-14 00:58:58,overlay,0.88,evidence/CAM-13_5260_1788366494066.jpg
4249,NOT_READABLE,,,bus,grey,southbound,CAM-13,CN-VIDHYALAYA,23.0284,72.5541,APPROXIMATE,2026-06-14 00:58:58,overlay,4.40,evidence/CAM-13_5261_1788366494082.jpg
4250,NOT_READABLE,,,bicycle,black,northbound,CAM-13,CN-VIDHYALAYA,23.0284,72.5541,APPROXIMATE,2026-06-14 00:58:58,overlay,0.86,evidence/CAM-13_5268_1788366494098.jpg
4251,NOT_READABLE,,,truck,grey,westbound,CAM-13,CN-VIDHYALAYA,23.0284,72.5541,APPROXIMATE,2026-06-14 00:58:58,overlay,0.85,evidence/CAM-13_5281_1788366494113.jpg
4252,NOT_READABLE,,,truck,grey,southbound,CAM-13,CN-VIDHYALAYA,23.0284,72.5541,APPROXIMATE,2026-06-14 00:58:58,overlay,0.94,evidence/CAM-13_5284_1788366494126.jpg
4253,NOT_READABLE,,,motorcycle,grey,northbound,CAM-13,CN-VIDHYALAYA,23.0284,72.5541,APPROXIMATE,2026-06-14 00:58:58,overlay,0.87,evidence/CAM-13_5287_1788366494139.jpg
4254,NOT_READABLE,,,bicycle,grey,southbound,CAM-13,CN-VIDHYALAYA,23.0284,72.5541,APPROXIMATE,2026-06-14 00:58:58,overlay,0.60,evidence/CAM-13_5295_1788366494153.jpg
4255,NOT_READABLE,,,bus,black,westbound,CAM-13,CN-VIDHYALAYA,23.0284,72.5541,APPROXIMATE,2026-06-14 00:58:58,overlay,0.64,evidence/CAM-13_5301_1788366494169.jpg
4256,NOT_READABLE,,,motorcycle,grey,southbound,CAM-13,CN-VIDHYALAYA,23.0284,72.5541,APPROXIMATE,2026-06-14 00:58:58,overlay,0.88,evidence/CAM-13_5313_1788366494185.jpg
4257,NOT_READABLE,,,car,grey,northbound,CAM-13,CN-VIDHYALAYA,23.0284,72.5541,APPROXIMATE,2026-06-14 00:58:58,overlay,0.93,evidence/CAM-13_5322_1788366494209.jpg
4258,NOT_READABLE,,,car,grey,northbound,CAM-13,CN-VIDHYALAYA,23.0284,72.5541,APPROXIMATE,2026-06-14 00:58:58,overlay,0.81,evidence/CAM-13_5326_1788366494228.jpg
4259,NOT_READABLE,,,motorcycle,grey,eastbound,CAM-13,CN-VIDHYALAYA,23.0284,72.5541,APPROXIMATE,2026-06-14 00:58:58,overlay,0.79,evidence/CAM-13_5337_1788366494248.jpg
4260,NOT_READABLE,,,motorcycle,grey,northbound,CAM-13,CN-VIDHYALAYA,23.0284,72.5541,APPROXIMATE,2026-06-14 00:58:58,overlay,0.64,evidence/CAM-13_5342_1788366494272.jpg
4261,NOT_READABLE,,,truck,grey,stationary,CAM-13,CN-VIDHYALAYA,23.0284,72.5541,APPROXIMATE,2026-06-14 00:58:58,overlay,0.71,evidence/CAM-13_5355_1788366494288.jpg
4262,NOT_READABLE,,,bus,grey,eastbound,CAM-13,CN-VIDHYALAYA,23.0284,72.5541,APPROXIMATE,2026-06-14 00:58:58,overlay,0.56,evidence/CAM-13_5390_1788366494304.jpg
4263,NOT_READABLE,,,bicycle,grey,westbound,CAM-13,CN-VIDHYALAYA,23.0284,72.5541,APPROXIMATE,2026-06-14 00:58:58,overlay,3.95,evidence/CAM-13_5437_1788366494362.jpg
4264,NOT_READABLE,,,car,grey,eastbound,CAM-13,CN-VIDHYALAYA,23.0284,72.5541,APPROXIMATE,2026-06-14 00:58:58,overlay,6.40,evidence/CAM-13_5438_1788366494403.jpg
4265,NOT_READABLE,,,bicycle,grey,westbound,CAM-13,CN-VIDHYALAYA,23.0284,72.5541,APPROXIMATE,2026-06-14 00:58:58,overlay,1.09,evidence/CAM-13_5439_1788366494417.jpg
4266,NOT_READABLE,,,bus,grey,northbound,CAM-13,CN-VIDHYALAYA,23.0284,72.5541,APPROXIMATE,2026-06-14 00:58:58,overlay,1.70,evidence/CAM-13_5440_1788366494457.jpg
4267,NOT_READABLE,,,truck,grey,westbound,CAM-13,CN-VIDHYALAYA,23.0284,72.5541,APPROXIMATE,2026-06-14 00:58:58,overlay,0.78,evidence/CAM-13_5441_1788366494480.jpg
4268,NOT_READABLE,,,car,grey,westbound,CAM-13,CN-VIDHYALAYA,23.0284,72.5541,APPROXIMATE,2026-06-14 00:58:58,overlay,0.95,evidence/CAM-13_5443_1788366494581.jpg
4269,NOT_READABLE,,,bus,grey,eastbound,CAM-13,CN-VIDHYALAYA,23.0284,72.5541,APPROXIMATE,2026-06-14 00:58:58,overlay,0.92,evidence/CAM-13_5444_1788366494605.jpg
4270,NOT_READABLE,,,car,grey,westbound,CAM-13,CN-VIDHYALAYA,23.0284,72.5541,APPROXIMATE,2026-06-14 00:58:58,overlay,0.93,evidence/CAM-13_5447_1788366494619.jpg
4271,NOT_READABLE,,,bus,grey,northbound,CAM-13,CN-VIDHYALAYA,23.0284,72.5541,APPROXIMATE,2026-06-14 00:58:58,overlay,0.87,evidence/CAM-13_5461_1788366494734.jpg
4272,NOT_READABLE,,,bus,grey,westbound,CAM-13,CN-VIDHYALAYA,23.0284,72.5541,APPROXIMATE,2026-06-14 00:58:58,overlay,0.92,evidence/CAM-13_5462_1788366494759.jpg
4273,NOT_READABLE,,,bicycle,grey,northbound,CAM-13,CN-VIDHYALAYA,23.0284,72.5541,APPROXIMATE,2026-06-14 00:58:58,overlay,0.63,evidence/CAM-13_5472_1788366494851.jpg
4274,NOT_READABLE,,,car,grey,southbound,CAM-13,CN-VIDHYALAYA,23.0284,72.5541,APPROXIMATE,2026-06-14 00:58:58,overlay,0.90,evidence/CAM-13_5476_1788366494877.jpg
4275,NOT_READABLE,,,motorcycle,grey,westbound,CAM-13,CN-VIDHYALAYA,23.0284,72.5541,APPROXIMATE,2026-06-14 00:58:58,overlay,0.84,evidence/CAM-13_5478_1788366494899.jpg
4276,NOT_READABLE,,,bus,grey,northbound,CAM-13,CN-VIDHYALAYA,23.0284,72.5541,APPROXIMATE,2026-06-14 00:58:58,overlay,1.67,evidence/CAM-13_5480_1788366494979.jpg
4278,NOT_READABLE,,,bus,grey,eastbound,CAM-13,CN-VIDHYALAYA,23.0284,72.5541,APPROXIMATE,2026-06-14 00:58:58,overlay,3.21,evidence/CAM-13_5498_1788366495012.jpg
4279,NOT_READABLE,,,car,black,eastbound,CAM-13,CN-VIDHYALAYA,23.0284,72.5541,APPROXIMATE,2026-06-14 00:58:58,overlay,0.56,evidence/CAM-13_5505_1788366495040.jpg
4281,NOT_READABLE,,,motorcycle,grey,eastbound,CAM-13,CN-VIDHYALAYA,23.0284,72.5541,APPROXIMATE,2026-06-14 00:58:58,overlay,0.89,evidence/CAM-13_5543_1788366495064.jpg
4282,NOT_READABLE,,,bicycle,black,westbound,CAM-13,CN-VIDHYALAYA,23.0284,72.5541,APPROXIMATE,2026-06-14 00:58:58,overlay,0.85,evidence/CAM-13_5545_1788366495082.jpg
4283,NOT_READABLE,,,bus,grey,northbound,CAM-13,CN-VIDHYALAYA,23.0284,72.5541,APPROXIMATE,2026-06-14 00:58:58,overlay,0.58,evidence/CAM-13_5551_1788366495104.jpg
4284,NOT_READABLE,,,car,grey,eastbound,CAM-13,CN-VIDHYALAYA,23.0284,72.5541,APPROXIMATE,2026-06-14 00:58:58,overlay,0.76,evidence/CAM-13_5552_1788366495123.jpg
4285,NOT_READABLE,,,bus,grey,westbound,CAM-13,CN-VIDHYALAYA,23.0284,72.5541,APPROXIMATE,2026-06-14 00:58:58,overlay,0.89,evidence/CAM-13_5582_1788366495146.jpg
4286,NOT_READABLE,,,truck,black,westbound,CAM-13,CN-VIDHYALAYA,23.0284,72.5541,APPROXIMATE,2026-06-14 00:58:58,overlay,0.82,evidence/CAM-13_5621_1788366495163.jpg
4287,NOT_READABLE,,,truck,grey,westbound,CAM-13,CN-VIDHYALAYA,23.0284,72.5541,APPROXIMATE,2026-06-14 00:58:58,overlay,0.49,evidence/CAM-13_5624_1788366495183.jpg
4288,NOT_READABLE,,,bicycle,grey,northbound,CAM-13,CN-VIDHYALAYA,23.0284,72.5541,APPROXIMATE,2026-06-14 00:58:58,overlay,0.58,evidence/CAM-13_5632_1788366495198.jpg
4289,NOT_READABLE,,,bus,grey,westbound,CAM-13,CN-VIDHYALAYA,23.0284,72.5541,APPROXIMATE,2026-06-14 00:58:58,overlay,0.69,evidence/CAM-13_5634_1788366495219.jpg
4290,NOT_READABLE,,,motorcycle,grey,eastbound,CAM-13,CN-VIDHYALAYA,23.0284,72.5541,APPROXIMATE,2026-06-14 00:58:58,overlay,0.55,evidence/CAM-13_5644_1788366495244.jpg
4291,NOT_READABLE,,,motorcycle,black,westbound,CAM-13,CN-VIDHYALAYA,23.0284,72.5541,APPROXIMATE,2026-06-14 00:58:58,overlay,0.58,evidence/CAM-13_5647_1788366495278.jpg
4292,NOT_READABLE,,,bicycle,black,southbound,CAM-13,CN-VIDHYALAYA,23.0284,72.5541,APPROXIMATE,2026-06-14 00:58:58,overlay,0.60,evidence/CAM-13_5655_1788366495403.jpg
4293,NOT_READABLE,,,truck,grey,westbound,CAM-13,CN-VIDHYALAYA,23.0284,72.5541,APPROXIMATE,2026-06-14 00:58:58,overlay,0.60,evidence/CAM-13_5661_1788366495432.jpg
4294,NOT_READABLE,,,truck,grey,eastbound,CAM-13,CN-VIDHYALAYA,23.0284,72.5541,APPROXIMATE,2026-06-14 00:58:58,overlay,0.47,evidence/CAM-13_5667_1788366495534.jpg
4295,NOT_READABLE,,,car,grey,westbound,CAM-13,CN-VIDHYALAYA,23.0284,72.5541,APPROXIMATE,2026-06-14 00:58:58,overlay,0.49,evidence/CAM-13_5668_1788366495556.jpg
4296,NOT_READABLE,,,bicycle,grey,westbound,CAM-13,CN-VIDHYALAYA,23.0284,72.5541,APPROXIMATE,2026-06-14 00:58:58,overlay,0.92,evidence/CAM-13_5719_1788366495571.jpg
4297,NOT_READABLE,,,bicycle,grey,southbound,CAM-13,CN-VIDHYALAYA,23.0284,72.5541,APPROXIMATE,2026-06-14 00:58:58,overlay,0.79,evidence/CAM-13_5722_1788366495677.jpg
4298,NOT_READABLE,,,car,grey,northbound,CAM-13,CN-VIDHYALAYA,23.0284,72.5541,APPROXIMATE,2026-06-14 00:58:58,overlay,0.80,evidence/CAM-13_5723_1788366495699.jpg
4299,NOT_READABLE,,,car,grey,westbound,CAM-13,CN-VIDHYALAYA,23.0284,72.5541,APPROXIMATE,2026-06-14 00:58:58,overlay,0.81,evidence/CAM-13_5724_1788366495820.jpg
4300,NOT_READABLE,,,motorcycle,grey,northbound,CAM-13,CN-VIDHYALAYA,23.0284,72.5541,APPROXIMATE,2026-06-14 00:58:58,overlay,0.82,evidence/CAM-13_5725_1788366495848.jpg
4301,NOT_READABLE,,,bus,grey,eastbound,CAM-13,CN-VIDHYALAYA,23.0284,72.5541,APPROXIMATE,2026-06-14 00:58:58,overlay,0.63,evidence/CAM-13_5728_1788366495866.jpg
4302,NOT_READABLE,,,bicycle,grey,eastbound,CAM-13,CN-VIDHYALAYA,23.0284,72.5541,APPROXIMATE,2026-06-14 00:58:58,overlay,0.78,evidence/CAM-13_5733_1788366495883.jpg
4303,NOT_READABLE,,,motorcycle,grey,westbound,CAM-13,CN-VIDHYALAYA,23.0284,72.5541,APPROXIMATE,2026-06-14 00:58:58,overlay,0.52,evidence/CAM-13_5734_1788366495904.jpg
4304,NOT_READABLE,,,truck,grey,southbound,CAM-13,CN-VIDHYALAYA,23.0284,72.5541,APPROXIMATE,2026-06-14 00:58:58,overlay,0.79,evidence/CAM-13_5735_1788366495924.jpg
4305,NOT_READABLE,,,bus,grey,westbound,CAM-13,CN-VIDHYALAYA,23.0284,72.5541,APPROXIMATE,2026-06-14 00:58:58,overlay,0.45,evidence/CAM-13_5737_1788366495948.jpg
4306,NOT_READABLE,,,car,grey,westbound,CAM-13,CN-VIDHYALAYA,23.0284,72.5541,APPROXIMATE,2026-06-14 00:58:58,overlay,1.78,evidence/CAM-13_5738_1788366495970.jpg
4307,NOT_READABLE,,,bicycle,grey,northbound,CAM-13,CN-VIDHYALAYA,23.0284,72.5541,APPROXIMATE,2026-06-14 00:58:58,overlay,0.69,evidence/CAM-13_5744_1788366495993.jpg
4308,NOT_READABLE,,,bicycle,orange,westbound,CAM-13,CN-VIDHYALAYA,23.0284,72.5541,APPROXIMATE,2026-06-14 00:58:58,overlay,0.49,evidence/CAM-13_5745_1788366496023.jpg
4309,NOT_READABLE,,,car,grey,stationary,CAM-13,CN-VIDHYALAYA,23.0284,72.5541,APPROXIMATE,2026-06-14 00:58:58,overlay,0.64,evidence/CAM-13_5746_1788366496041.jpg
4310,NOT_READABLE,,,motorcycle,grey,northbound,CAM-13,CN-VIDHYALAYA,23.0284,72.5541,APPROXIMATE,2026-06-14 00:58:58,overlay,0.62,evidence/CAM-13_5747_1788366496059.jpg
4311,NOT_READABLE,,,car,black,westbound,CAM-13,CN-VIDHYALAYA,23.0284,72.5541,APPROXIMATE,2026-06-14 00:58:58,overlay,0.57,evidence/CAM-13_5756_1788366496078.jpg
4312,NOT_READABLE,,,car,grey,eastbound,CAM-13,CN-VIDHYALAYA,23.0284,72.5541,APPROXIMATE,2026-06-14 00:58:58,overlay,0.49,evidence/CAM-13_5758_1788366496094.jpg
4313,NOT_READABLE,,,bus,black,westbound,CAM-13,CN-VIDHYALAYA,23.0284,72.5541,APPROXIMATE,2026-06-14 00:58:58,overlay,0.41,evidence/CAM-13_5763_1788366496110.jpg
4314,NOT_READABLE,,,bus,white,eastbound,CAM-13,CN-VIDHYALAYA,23.0284,72.5541,APPROXIMATE,2026-06-14 00:58:58,overlay,0.63,evidence/CAM-13_5770_1788366496125.jpg
4315,NOT_READABLE,,,truck,grey,southbound,CAM-13,CN-VIDHYALAYA,23.0284,72.5541,APPROXIMATE,2026-06-14 00:58:58,overlay,0.74,evidence/CAM-13_5773_1788366496157.jpg
4316,NOT_READABLE,,,motorcycle,grey,westbound,CAM-13,CN-VIDHYALAYA,23.0284,72.5541,APPROXIMATE,2026-06-14 00:58:58,overlay,0.40,evidence/CAM-13_5775_1788366496182.jpg
4317,NOT_READABLE,,,bus,grey,southbound,CAM-13,CN-VIDHYALAYA,23.0284,72.5541,APPROXIMATE,2026-06-14 00:58:58,overlay,0.48,evidence/CAM-13_5780_1788366496210.jpg
4318,NOT_READABLE,,,motorcycle,grey,westbound,CAM-13,CN-VIDHYALAYA,23.0284,72.5541,APPROXIMATE,2026-06-14 00:58:58,overlay,0.70,evidence/CAM-13_5789_1788366496236.jpg
4319,NOT_READABLE,,,car,grey,northbound,CAM-13,CN-VIDHYALAYA,23.0284,72.5541,APPROXIMATE,2026-06-14 00:58:58,overlay,0.37,evidence/CAM-13_5790_1788366496252.jpg
4320,NOT_READABLE,,,truck,orange,eastbound,CAM-13,CN-VIDHYALAYA,23.0284,72.5541,APPROXIMATE,2026-06-14 00:58:58,overlay,0.41,evidence/CAM-13_5797_1788366496287.jpg
4321,NOT_READABLE,,,car,grey,eastbound,CAM-13,CN-VIDHYALAYA,23.0284,72.5541,APPROXIMATE,2026-06-14 00:58:58,overlay,0.48,evidence/CAM-13_5800_1788366496316.jpg
4322,NOT_READABLE,,,car,black,northbound,CAM-13,CN-VIDHYALAYA,23.0284,72.5541,APPROXIMATE,2026-06-14 00:58:58,overlay,0.56,evidence/CAM-13_5803_1788366496347.jpg
4323,NOT_READABLE,,,bus,grey,northbound,CAM-13,CN-VIDHYALAYA,23.0284,72.5541,APPROXIMATE,2026-06-14 00:58:58,overlay,0.86,evidence/CAM-13_5807_1788366496373.jpg
4324,NOT_READABLE,,,bicycle,white,southbound,CAM-13,CN-VIDHYALAYA,23.0284,72.5541,APPROXIMATE,2026-06-14 00:58:58,overlay,0.52,evidence/CAM-13_5820_1788366496390.jpg
4325,NOT_READABLE,,,bus,,westbound,CAM-13,CN-VIDHYALAYA,23.0284,72.5541,APPROXIMATE,2026-06-14 00:58:58,overlay,3.59,evidence/CAM-13_5859_1788366496405.jpg
4326,NOT_READABLE,,,truck,,southbound,CAM-13,CN-VIDHYALAYA,23.0284,72.5541,APPROXIMATE,2026-06-14 00:58:58,overlay,3.08,evidence/CAM-13_5865_1788366496429.jpg
3417,NOT_READABLE,,,car,red,westbound,CAM-05,Visat teen Rasta,23.1192572,72.5656704,GEOCODED,2026-06-14 00:58:59,overlay,0.51,evidence/CAM-05_6690_1788366446039.jpg
3371,NOT_READABLE,,,car,white,southbound,CAM-01,Chiman bhai Bridge,23.0064,72.5698,APPROXIMATE,2026-06-14 00:58:59,overlay,0.69,evidence/CAM-01_4958_1788366431236.jpg
3377,NOT_READABLE,,,motorcycle,orange,northbound,CAM-01,Chiman bhai Bridge,23.0064,72.5698,APPROXIMATE,2026-06-14 00:59:00,overlay,1.91,evidence/CAM-01_4979_1788366432236.jpg
3378,NOT_READABLE,,,bicycle,orange,eastbound,CAM-01,Chiman bhai Bridge,23.0064,72.5698,APPROXIMATE,2026-06-14 00:59:00,overlay,2.17,evidence/CAM-01_5003_1788366432259.jpg
3379,NOT_READABLE,,,bus,yellow,westbound,CAM-01,Chiman bhai Bridge,23.0064,72.5698,APPROXIMATE,2026-06-14 00:59:00,overlay,1.93,evidence/CAM-01_5007_1788366432288.jpg
4327,NOT_READABLE,,,truck,,stationary,CAM-13,CN-VIDHYALAYA,23.0284,72.5541,APPROXIMATE,2026-06-14 00:59:01,overlay,38.24,evidence/CAM-13_5914_1788366497084.jpg
3382,NOT_READABLE,,,car,red,northbound,CAM-01,Chiman bhai Bridge,23.0064,72.5698,APPROXIMATE,2026-06-14 00:59:02,overlay,0.88,evidence/CAM-01_5230_1788366435119.jpg
3401,NOT_READABLE,,,car,white,northbound,CAM-01,Chiman bhai Bridge,23.0064,72.5698,APPROXIMATE,2026-06-14 00:59:02,overlay,0.58,evidence/CAM-01_5242_1788366441713.jpg
3406,NOT_READABLE,,,car,grey,stationary,CAM-01,Chiman bhai Bridge,23.0064,72.5698,APPROXIMATE,2026-06-14 00:59:04,overlay,0.54,evidence/CAM-01_5234_1788366444209.jpg
3407,NOT_READABLE,,,bus,green,westbound,CAM-01,Chiman bhai Bridge,23.0064,72.5698,APPROXIMATE,2026-06-14 00:59:04,overlay,1.53,evidence/CAM-01_5248_1788366445232.jpg
3408,NOT_READABLE,,,bicycle,grey,southbound,CAM-01,Chiman bhai Bridge,23.0064,72.5698,APPROXIMATE,2026-06-14 00:59:04,overlay,1.62,evidence/CAM-01_5250_1788366445249.jpg
3409,NOT_READABLE,,,motorcycle,red,westbound,CAM-01,Chiman bhai Bridge,23.0064,72.5698,APPROXIMATE,2026-06-14 00:59:04,overlay,1.01,evidence/CAM-01_5251_1788366445401.jpg
3410,NOT_READABLE,,,bicycle,grey,eastbound,CAM-01,Chiman bhai Bridge,23.0064,72.5698,APPROXIMATE,2026-06-14 00:59:04,overlay,35.44,evidence/CAM-01_5252_1788366445426.jpg
3411,NOT_READABLE,,,truck,purple,eastbound,CAM-01,Chiman bhai Bridge,23.0064,72.5698,APPROXIMATE,2026-06-14 00:59:04,overlay,0.49,evidence/CAM-01_5253_1788366445519.jpg
3412,NOT_READABLE,,,bus,grey,northbound,CAM-01,Chiman bhai Bridge,23.0064,72.5698,APPROXIMATE,2026-06-14 00:59:04,overlay,12.98,evidence/CAM-01_5257_1788366445600.jpg
3413,NOT_READABLE,,,truck,purple,southbound,CAM-01,Chiman bhai Bridge,23.0064,72.5698,APPROXIMATE,2026-06-14 00:59:04,overlay,7.81,evidence/CAM-01_5269_1788366445793.jpg
3414,NOT_READABLE,,,bicycle,orange,stationary,CAM-01,Chiman bhai Bridge,23.0064,72.5698,APPROXIMATE,2026-06-14 00:59:04,overlay,2.21,evidence/CAM-01_5274_1788366445893.jpg
3415,NOT_READABLE,,,car,white,westbound,CAM-01,Chiman bhai Bridge,23.0064,72.5698,APPROXIMATE,2026-06-14 00:59:04,overlay,0.49,evidence/CAM-01_5276_1788366445918.jpg
3418,NOT_READABLE,,,car,red,westbound,CAM-01,Chiman bhai Bridge,23.0064,72.5698,APPROXIMATE,2026-06-14 00:59:04,overlay,1.63,evidence/CAM-01_5243_1788366446333.jpg
3419,NOT_READABLE,,,car,red,eastbound,CAM-01,Chiman bhai Bridge,23.0064,72.5698,APPROXIMATE,2026-06-14 00:59:04,overlay,6.53,evidence/CAM-01_5244_1788366446359.jpg
3420,NOT_READABLE,,,bus,red,westbound,CAM-01,Chiman bhai Bridge,23.0064,72.5698,APPROXIMATE,2026-06-14 00:59:04,overlay,0.98,evidence/CAM-01_5245_1788366446729.jpg
3421,NOT_READABLE,,,car,black,eastbound,CAM-01,Chiman bhai Bridge,23.0064,72.5698,APPROXIMATE,2026-06-14 00:59:04,overlay,0.65,evidence/CAM-01_5246_1788366446836.jpg
3422,NOT_READABLE,,,bicycle,grey,southbound,CAM-01,Chiman bhai Bridge,23.0064,72.5698,APPROXIMATE,2026-06-14 00:59:04,overlay,0.97,evidence/CAM-01_5247_1788366446950.jpg
3423,NOT_READABLE,,,car,red,northbound,CAM-01,Chiman bhai Bridge,23.0064,72.5698,APPROXIMATE,2026-06-14 00:59:04,overlay,7.56,evidence/CAM-01_5255_1788366446979.jpg
3424,NOT_READABLE,,,motorcycle,purple,stationary,CAM-01,Chiman bhai Bridge,23.0064,72.5698,APPROXIMATE,2026-06-14 00:59:04,overlay,0.67,evidence/CAM-01_5256_1788366447125.jpg
3425,NOT_READABLE,,,motorcycle,red,eastbound,CAM-01,Chiman bhai Bridge,23.0064,72.5698,APPROXIMATE,2026-06-14 00:59:04,overlay,7.05,evidence/CAM-01_5258_1788366447226.jpg
3426,NOT_READABLE,,,motorcycle,yellow,westbound,CAM-01,Chiman bhai Bridge,23.0064,72.5698,APPROXIMATE,2026-06-14 00:59:04,overlay,10.15,evidence/CAM-01_5259_1788366447247.jpg
3427,NOT_READABLE,,,bicycle,blue,eastbound,CAM-01,Chiman bhai Bridge,23.0064,72.5698,APPROXIMATE,2026-06-14 00:59:04,overlay,3.80,evidence/CAM-01_5261_1788366447409.jpg
3428,NOT_READABLE,,,truck,grey,northbound,CAM-01,Chiman bhai Bridge,23.0064,72.5698,APPROXIMATE,2026-06-14 00:59:04,overlay,4.75,evidence/CAM-01_5262_1788366447435.jpg
3429,NOT_READABLE,,,motorcycle,grey,stationary,CAM-01,Chiman bhai Bridge,23.0064,72.5698,APPROXIMATE,2026-06-14 00:59:04,overlay,3.68,evidence/CAM-01_5263_1788366447545.jpg
3430,NOT_READABLE,,,bicycle,blue,eastbound,CAM-01,Chiman bhai Bridge,23.0064,72.5698,APPROXIMATE,2026-06-14 00:59:04,overlay,2.99,evidence/CAM-01_5264_1788366447663.jpg
3432,NOT_READABLE,,,truck,grey,southbound,CAM-01,Chiman bhai Bridge,23.0064,72.5698,APPROXIMATE,2026-06-14 00:59:04,overlay,16.22,evidence/CAM-01_5268_1788366447795.jpg
3434,NOT_READABLE,,,bicycle,grey,southbound,CAM-01,Chiman bhai Bridge,23.0064,72.5698,APPROXIMATE,2026-06-14 00:59:04,overlay,4.25,evidence/CAM-01_5279_1788366447827.jpg
3435,NOT_READABLE,,,car,grey,southbound,CAM-01,Chiman bhai Bridge,23.0064,72.5698,APPROXIMATE,2026-06-14 00:59:04,overlay,1.26,evidence/CAM-01_5280_1788366447991.jpg
3436,NOT_READABLE,,,motorcycle,grey,westbound,CAM-01,Chiman bhai Bridge,23.0064,72.5698,APPROXIMATE,2026-06-14 00:59:04,overlay,1.00,evidence/CAM-01_5281_1788366448006.jpg
3437,NOT_READABLE,,,bus,grey,eastbound,CAM-01,Chiman bhai Bridge,23.0064,72.5698,APPROXIMATE,2026-06-14 00:59:04,overlay,3.91,evidence/CAM-01_5282_1788366448028.jpg
3438,NOT_READABLE,,,truck,grey,stationary,CAM-01,Chiman bhai Bridge,23.0064,72.5698,APPROXIMATE,2026-06-14 00:59:04,overlay,0.99,evidence/CAM-01_5283_1788366448048.jpg
3439,NOT_READABLE,,,car,purple,westbound,CAM-01,Chiman bhai Bridge,23.0064,72.5698,APPROXIMATE,2026-06-14 00:59:04,overlay,4.64,evidence/CAM-01_5284_1788366448068.jpg
3440,NOT_READABLE,,,car,grey,westbound,CAM-01,Chiman bhai Bridge,23.0064,72.5698,APPROXIMATE,2026-06-14 00:59:04,overlay,5.08,evidence/CAM-01_5285_1788366448092.jpg
3441,NOT_READABLE,,,motorcycle,yellow,westbound,CAM-01,Chiman bhai Bridge,23.0064,72.5698,APPROXIMATE,2026-06-14 00:59:04,overlay,0.98,evidence/CAM-01_5288_1788366448113.jpg
3442,NOT_READABLE,,,bus,yellow,northbound,CAM-01,Chiman bhai Bridge,23.0064,72.5698,APPROXIMATE,2026-06-14 00:59:04,overlay,0.70,evidence/CAM-01_5289_1788366448131.jpg
3443,NOT_READABLE,,,car,yellow,eastbound,CAM-01,Chiman bhai Bridge,23.0064,72.5698,APPROXIMATE,2026-06-14 00:59:04,overlay,0.86,evidence/CAM-01_5290_1788366448152.jpg
3444,NOT_READABLE,,,truck,grey,eastbound,CAM-01,Chiman bhai Bridge,23.0064,72.5698,APPROXIMATE,2026-06-14 00:59:04,overlay,0.79,evidence/CAM-01_5294_1788366448170.jpg
3445,NOT_READABLE,,,car,grey,eastbound,CAM-01,Chiman bhai Bridge,23.0064,72.5698,APPROXIMATE,2026-06-14 00:59:04,overlay,0.65,evidence/CAM-01_5297_1788366448189.jpg
3446,NOT_READABLE,,,bus,purple,southbound,CAM-01,Chiman bhai Bridge,23.0064,72.5698,APPROXIMATE,2026-06-14 00:59:04,overlay,0.94,evidence/CAM-01_5301_1788366448208.jpg
3447,NOT_READABLE,,,car,black,northbound,CAM-01,Chiman bhai Bridge,23.0064,72.5698,APPROXIMATE,2026-06-14 00:59:04,overlay,0.82,evidence/CAM-01_5306_1788366448225.jpg
3448,NOT_READABLE,,,bicycle,grey,northbound,CAM-01,Chiman bhai Bridge,23.0064,72.5698,APPROXIMATE,2026-06-14 00:59:04,overlay,0.88,evidence/CAM-01_5307_1788366448242.jpg
3449,NOT_READABLE,,,bicycle,grey,northbound,CAM-01,Chiman bhai Bridge,23.0064,72.5698,APPROXIMATE,2026-06-14 00:59:04,overlay,0.69,evidence/CAM-01_5308_1788366448300.jpg
3450,NOT_READABLE,,,bicycle,white,westbound,CAM-01,Chiman bhai Bridge,23.0064,72.5698,APPROXIMATE,2026-06-14 00:59:04,overlay,0.60,evidence/CAM-01_5311_1788366448327.jpg
3451,NOT_READABLE,,,truck,yellow,southbound,CAM-01,Chiman bhai Bridge,23.0064,72.5698,APPROXIMATE,2026-06-14 00:59:04,overlay,0.86,evidence/CAM-01_5313_1788366448352.jpg
3452,NOT_READABLE,,,motorcycle,grey,eastbound,CAM-01,Chiman bhai Bridge,23.0064,72.5698,APPROXIMATE,2026-06-14 00:59:04,overlay,0.72,evidence/CAM-01_5314_1788366448371.jpg
3453,NOT_READABLE,,,car,grey,westbound,CAM-01,Chiman bhai Bridge,23.0064,72.5698,APPROXIMATE,2026-06-14 00:59:04,overlay,0.72,evidence/CAM-01_5315_1788366448456.jpg
3454,NOT_READABLE,,,car,grey,southbound,CAM-01,Chiman bhai Bridge,23.0064,72.5698,APPROXIMATE,2026-06-14 00:59:04,overlay,0.76,evidence/CAM-01_5319_1788366448520.jpg
3455,NOT_READABLE,,,motorcycle,yellow,eastbound,CAM-01,Chiman bhai Bridge,23.0064,72.5698,APPROXIMATE,2026-06-14 00:59:04,overlay,0.81,evidence/CAM-01_5320_1788366448541.jpg
3456,NOT_READABLE,,,bicycle,white,southbound,CAM-01,Chiman bhai Bridge,23.0064,72.5698,APPROXIMATE,2026-06-14 00:59:04,overlay,0.95,evidence/CAM-01_5322_1788366448566.jpg
3457,NOT_READABLE,,,bicycle,white,northbound,CAM-01,Chiman bhai Bridge,23.0064,72.5698,APPROXIMATE,2026-06-14 00:59:04,overlay,0.87,evidence/CAM-01_5328_1788366448588.jpg
3458,NOT_READABLE,,,car,blue,westbound,CAM-01,Chiman bhai Bridge,23.0064,72.5698,APPROXIMATE,2026-06-14 00:59:04,overlay,0.88,evidence/CAM-01_5335_1788366448613.jpg
3459,NOT_READABLE,,,bicycle,grey,southbound,CAM-01,Chiman bhai Bridge,23.0064,72.5698,APPROXIMATE,2026-06-14 00:59:04,overlay,0.90,evidence/CAM-01_5336_1788366448642.jpg
3460,NOT_READABLE,,,car,grey,southbound,CAM-01,Chiman bhai Bridge,23.0064,72.5698,APPROXIMATE,2026-06-14 00:59:04,overlay,0.57,evidence/CAM-01_5342_1788366448666.jpg
3461,NOT_READABLE,,,car,grey,eastbound,CAM-01,Chiman bhai Bridge,23.0064,72.5698,APPROXIMATE,2026-06-14 00:59:04,overlay,0.83,evidence/CAM-01_5344_1788366448690.jpg
3462,NOT_READABLE,,,truck,grey,eastbound,CAM-01,Chiman bhai Bridge,23.0064,72.5698,APPROXIMATE,2026-06-14 00:59:04,overlay,0.68,evidence/CAM-01_5345_1788366448707.jpg
3463,NOT_READABLE,,,bus,grey,westbound,CAM-01,Chiman bhai Bridge,23.0064,72.5698,APPROXIMATE,2026-06-14 00:59:04,overlay,0.87,evidence/CAM-01_5346_1788366448764.jpg
3464,NOT_READABLE,,,truck,yellow,eastbound,CAM-01,Chiman bhai Bridge,23.0064,72.5698,APPROXIMATE,2026-06-14 00:59:04,overlay,0.57,evidence/CAM-01_5347_1788366448810.jpg
3465,NOT_READABLE,,,car,grey,southbound,CAM-01,Chiman bhai Bridge,23.0064,72.5698,APPROXIMATE,2026-06-14 00:59:04,overlay,0.69,evidence/CAM-01_5348_1788366448826.jpg
3466,NOT_READABLE,,,bicycle,yellow,stationary,CAM-01,Chiman bhai Bridge,23.0064,72.5698,APPROXIMATE,2026-06-14 00:59:04,overlay,0.60,evidence/CAM-01_5350_1788366448884.jpg
3467,NOT_READABLE,,,motorcycle,purple,eastbound,CAM-01,Chiman bhai Bridge,23.0064,72.5698,APPROXIMATE,2026-06-14 00:59:04,overlay,0.45,evidence/CAM-01_5351_1788366448926.jpg
3468,NOT_READABLE,,,truck,blue,northbound,CAM-01,Chiman bhai Bridge,23.0064,72.5698,APPROXIMATE,2026-06-14 00:59:04,overlay,0.46,evidence/CAM-01_5353_1788366448943.jpg
3469,NOT_READABLE,,,truck,blue,westbound,CAM-01,Chiman bhai Bridge,23.0064,72.5698,APPROXIMATE,2026-06-14 00:59:04,overlay,0.66,evidence/CAM-01_5356_1788366448966.jpg
3470,NOT_READABLE,,,truck,orange,eastbound,CAM-01,Chiman bhai Bridge,23.0064,72.5698,APPROXIMATE,2026-06-14 00:59:04,overlay,0.50,evidence/CAM-01_5363_1788366448988.jpg
3471,NOT_READABLE,,,truck,grey,westbound,CAM-01,Chiman bhai Bridge,23.0064,72.5698,APPROXIMATE,2026-06-14 00:59:04,overlay,0.47,evidence/CAM-01_5364_1788366449010.jpg
3472,NOT_READABLE,,,car,grey,eastbound,CAM-01,Chiman bhai Bridge,23.0064,72.5698,APPROXIMATE,2026-06-14 00:59:04,overlay,0.91,evidence/CAM-01_5368_1788366449028.jpg
3473,NOT_READABLE,,,motorcycle,grey,westbound,CAM-01,Chiman bhai Bridge,23.0064,72.5698,APPROXIMATE,2026-06-14 00:59:04,overlay,0.45,evidence/CAM-01_5370_1788366449052.jpg
3474,NOT_READABLE,,,bicycle,blue,stationary,CAM-01,Chiman bhai Bridge,23.0064,72.5698,APPROXIMATE,2026-06-14 00:59:04,overlay,0.37,evidence/CAM-01_5372_1788366449076.jpg
3475,NOT_READABLE,,,bicycle,yellow,westbound,CAM-01,Chiman bhai Bridge,23.0064,72.5698,APPROXIMATE,2026-06-14 00:59:04,overlay,0.71,evidence/CAM-01_5374_1788366449197.jpg
3476,NOT_READABLE,,,car,grey,stationary,CAM-01,Chiman bhai Bridge,23.0064,72.5698,APPROXIMATE,2026-06-14 00:59:04,overlay,0.65,evidence/CAM-01_5375_1788366449211.jpg
3477,NOT_READABLE,,,bus,purple,southbound,CAM-01,Chiman bhai Bridge,23.0064,72.5698,APPROXIMATE,2026-06-14 00:59:04,overlay,0.61,evidence/CAM-01_5385_1788366449225.jpg
3478,NOT_READABLE,,,bus,grey,stationary,CAM-01,Chiman bhai Bridge,23.0064,72.5698,APPROXIMATE,2026-06-14 00:59:04,overlay,0.74,evidence/CAM-01_5394_1788366449246.jpg
3479,NOT_READABLE,,,motorcycle,blue,southbound,CAM-01,Chiman bhai Bridge,23.0064,72.5698,APPROXIMATE,2026-06-14 00:59:04,overlay,0.87,evidence/CAM-01_5399_1788366449270.jpg
3480,NOT_READABLE,,,car,grey,southbound,CAM-01,Chiman bhai Bridge,23.0064,72.5698,APPROXIMATE,2026-06-14 00:59:04,overlay,0.71,evidence/CAM-01_5400_1788366449287.jpg
3481,NOT_READABLE,,,bicycle,grey,stationary,CAM-01,Chiman bhai Bridge,23.0064,72.5698,APPROXIMATE,2026-06-14 00:59:04,overlay,0.54,evidence/CAM-01_5402_1788366449309.jpg
3482,NOT_READABLE,,,bus,grey,eastbound,CAM-01,Chiman bhai Bridge,23.0064,72.5698,APPROXIMATE,2026-06-14 00:59:04,overlay,0.39,evidence/CAM-01_5412_1788366449327.jpg
3483,NOT_READABLE,,,motorcycle,grey,southbound,CAM-01,Chiman bhai Bridge,23.0064,72.5698,APPROXIMATE,2026-06-14 00:59:04,overlay,0.56,evidence/CAM-01_5429_1788366449351.jpg
3484,NOT_READABLE,,,bus,grey,westbound,CAM-01,Chiman bhai Bridge,23.0064,72.5698,APPROXIMATE,2026-06-14 00:59:04,overlay,0.49,evidence/CAM-01_5431_1788366449368.jpg
3485,NOT_READABLE,,,bus,purple,stationary,CAM-01,Chiman bhai Bridge,23.0064,72.5698,APPROXIMATE,2026-06-14 00:59:04,overlay,0.40,evidence/CAM-01_5435_1788366449414.jpg
3486,NOT_READABLE,,,bicycle,grey,eastbound,CAM-01,Chiman bhai Bridge,23.0064,72.5698,APPROXIMATE,2026-06-14 00:59:04,overlay,0.68,evidence/CAM-01_5443_1788366449443.jpg
3487,NOT_READABLE,,,truck,orange,northbound,CAM-01,Chiman bhai Bridge,23.0064,72.5698,APPROXIMATE,2026-06-14 00:59:04,overlay,0.43,evidence/CAM-01_5446_1788366449462.jpg
3505,NOT_READABLE,,,bicycle,yellow,southbound,CAM-01,Chiman bhai Bridge,23.0064,72.5698,APPROXIMATE,2026-06-14 00:59:16,overlay,2.51,evidence/CAM-01_5286_1788366460571.jpg
3506,NOT_READABLE,,,motorcycle,grey,southbound,CAM-01,Chiman bhai Bridge,23.0064,72.5698,APPROXIMATE,2026-06-14 00:59:16,overlay,1.39,evidence/CAM-01_5369_1788366460628.jpg
3507,NOT_READABLE,,,bicycle,blue,stationary,CAM-01,Chiman bhai Bridge,23.0064,72.5698,APPROXIMATE,2026-06-14 00:59:16,overlay,1.00,evidence/CAM-01_5533_1788366460646.jpg
3508,NOT_READABLE,,,car,blue,stationary,CAM-01,Chiman bhai Bridge,23.0064,72.5698,APPROXIMATE,2026-06-14 00:59:16,overlay,1.00,evidence/CAM-01_5534_1788366460664.jpg
3509,NOT_READABLE,,,motorcycle,blue,stationary,CAM-01,Chiman bhai Bridge,23.0064,72.5698,APPROXIMATE,2026-06-14 00:59:16,overlay,1.00,evidence/CAM-01_5535_1788366460681.jpg
3510,NOT_READABLE,,,bicycle,grey,westbound,CAM-01,Chiman bhai Bridge,23.0064,72.5698,APPROXIMATE,2026-06-14 00:59:16,overlay,0.91,evidence/CAM-01_5538_1788366460697.jpg
3511,NOT_READABLE,,,bus,green,eastbound,CAM-01,Chiman bhai Bridge,23.0064,72.5698,APPROXIMATE,2026-06-14 00:59:16,overlay,0.97,evidence/CAM-01_5539_1788366460712.jpg
3512,NOT_READABLE,,,car,yellow,northbound,CAM-01,Chiman bhai Bridge,23.0064,72.5698,APPROXIMATE,2026-06-14 00:59:16,overlay,0.97,evidence/CAM-01_5540_1788366460730.jpg
3513,NOT_READABLE,,,bicycle,grey,northbound,CAM-01,Chiman bhai Bridge,23.0064,72.5698,APPROXIMATE,2026-06-14 00:59:16,overlay,0.92,evidence/CAM-01_5541_1788366460745.jpg
3514,NOT_READABLE,,,car,blue,southbound,CAM-01,Chiman bhai Bridge,23.0064,72.5698,APPROXIMATE,2026-06-14 00:59:16,overlay,0.93,evidence/CAM-01_5542_1788366460761.jpg
3515,NOT_READABLE,,,bus,red,northbound,CAM-01,Chiman bhai Bridge,23.0064,72.5698,APPROXIMATE,2026-06-14 00:59:16,overlay,0.98,evidence/CAM-01_5543_1788366460776.jpg
3516,NOT_READABLE,,,truck,grey,westbound,CAM-01,Chiman bhai Bridge,23.0064,72.5698,APPROXIMATE,2026-06-14 00:59:16,overlay,0.93,evidence/CAM-01_5544_1788366460792.jpg
3517,NOT_READABLE,,,truck,blue,eastbound,CAM-01,Chiman bhai Bridge,23.0064,72.5698,APPROXIMATE,2026-06-14 00:59:16,overlay,0.95,evidence/CAM-01_5545_1788366460807.jpg
3518,NOT_READABLE,,,bicycle,blue,southbound,CAM-01,Chiman bhai Bridge,23.0064,72.5698,APPROXIMATE,2026-06-14 00:59:16,overlay,0.97,evidence/CAM-01_5546_1788366460821.jpg
3519,NOT_READABLE,,,bus,yellow,southbound,CAM-01,Chiman bhai Bridge,23.0064,72.5698,APPROXIMATE,2026-06-14 00:59:16,overlay,0.94,evidence/CAM-01_5547_1788366460876.jpg
3520,NOT_READABLE,,,bicycle,grey,southbound,CAM-01,Chiman bhai Bridge,23.0064,72.5698,APPROXIMATE,2026-06-14 00:59:16,overlay,0.93,evidence/CAM-01_5548_1788366460961.jpg
3521,NOT_READABLE,,,bicycle,white,eastbound,CAM-01,Chiman bhai Bridge,23.0064,72.5698,APPROXIMATE,2026-06-14 00:59:16,overlay,0.91,evidence/CAM-01_5549_1788366460982.jpg
3522,NOT_READABLE,,,bicycle,red,northbound,CAM-01,Chiman bhai Bridge,23.0064,72.5698,APPROXIMATE,2026-06-14 00:59:16,overlay,0.67,evidence/CAM-01_5550_1788366461041.jpg
3523,NOT_READABLE,,,bus,blue,southbound,CAM-01,Chiman bhai Bridge,23.0064,72.5698,APPROXIMATE,2026-06-14 00:59:16,overlay,0.84,evidence/CAM-01_5551_1788366461080.jpg
3524,NOT_READABLE,,,bicycle,black,eastbound,CAM-01,Chiman bhai Bridge,23.0064,72.5698,APPROXIMATE,2026-06-14 00:59:16,overlay,0.95,evidence/CAM-01_5552_1788366461096.jpg
3525,NOT_READABLE,,,car,red,eastbound,CAM-01,Chiman bhai Bridge,23.0064,72.5698,APPROXIMATE,2026-06-14 00:59:16,overlay,0.89,evidence/CAM-01_5553_1788366461120.jpg
3526,NOT_READABLE,,,bus,grey,westbound,CAM-01,Chiman bhai Bridge,23.0064,72.5698,APPROXIMATE,2026-06-14 00:59:16,overlay,0.93,evidence/CAM-01_5555_1788366461142.jpg
3527,NOT_READABLE,,,motorcycle,blue,westbound,CAM-01,Chiman bhai Bridge,23.0064,72.5698,APPROXIMATE,2026-06-14 00:59:16,overlay,0.98,evidence/CAM-01_5556_1788366461160.jpg
3528,NOT_READABLE,,,car,green,southbound,CAM-01,Chiman bhai Bridge,23.0064,72.5698,APPROXIMATE,2026-06-14 00:59:16,overlay,0.47,evidence/CAM-01_5557_1788366461184.jpg
3529,NOT_READABLE,,,truck,grey,southbound,CAM-01,Chiman bhai Bridge,23.0064,72.5698,APPROXIMATE,2026-06-14 00:59:16,overlay,0.79,evidence/CAM-01_5558_1788366461205.jpg
3530,NOT_READABLE,,,motorcycle,cyan,westbound,CAM-01,Chiman bhai Bridge,23.0064,72.5698,APPROXIMATE,2026-06-14 00:59:16,overlay,0.59,evidence/CAM-01_5559_1788366461224.jpg
3531,NOT_READABLE,,,motorcycle,white,westbound,CAM-01,Chiman bhai Bridge,23.0064,72.5698,APPROXIMATE,2026-06-14 00:59:16,overlay,0.40,evidence/CAM-01_5561_1788366461241.jpg
3532,NOT_READABLE,,,truck,red,eastbound,CAM-01,Chiman bhai Bridge,23.0064,72.5698,APPROXIMATE,2026-06-14 00:59:16,overlay,0.60,evidence/CAM-01_5563_1788366461298.jpg
3533,NOT_READABLE,,,motorcycle,blue,westbound,CAM-01,Chiman bhai Bridge,23.0064,72.5698,APPROXIMATE,2026-06-14 00:59:16,overlay,0.92,evidence/CAM-01_5564_1788366461314.jpg
3534,NOT_READABLE,,,motorcycle,yellow,westbound,CAM-01,Chiman bhai Bridge,23.0064,72.5698,APPROXIMATE,2026-06-14 00:59:16,overlay,0.66,evidence/CAM-01_5565_1788366461371.jpg
3535,NOT_READABLE,,,motorcycle,blue,eastbound,CAM-01,Chiman bhai Bridge,23.0064,72.5698,APPROXIMATE,2026-06-14 00:59:16,overlay,0.91,evidence/CAM-01_5566_1788366461403.jpg
3536,NOT_READABLE,,,motorcycle,white,eastbound,CAM-01,Chiman bhai Bridge,23.0064,72.5698,APPROXIMATE,2026-06-14 00:59:16,overlay,0.86,evidence/CAM-01_5567_1788366461457.jpg
3537,NOT_READABLE,,,motorcycle,yellow,eastbound,CAM-01,Chiman bhai Bridge,23.0064,72.5698,APPROXIMATE,2026-06-14 00:59:16,overlay,0.56,evidence/CAM-01_5568_1788366461491.jpg
3538,NOT_READABLE,,,bicycle,white,northbound,CAM-01,Chiman bhai Bridge,23.0064,72.5698,APPROXIMATE,2026-06-14 00:59:16,overlay,0.74,evidence/CAM-01_5569_1788366461680.jpg
3539,NOT_READABLE,,,motorcycle,blue,westbound,CAM-01,Chiman bhai Bridge,23.0064,72.5698,APPROXIMATE,2026-06-14 00:59:16,overlay,0.89,evidence/CAM-01_5571_1788366461812.jpg
3540,NOT_READABLE,,,motorcycle,grey,southbound,CAM-01,Chiman bhai Bridge,23.0064,72.5698,APPROXIMATE,2026-06-14 00:59:16,overlay,0.66,evidence/CAM-01_5573_1788366461830.jpg
3541,NOT_READABLE,,,motorcycle,orange,northbound,CAM-01,Chiman bhai Bridge,23.0064,72.5698,APPROXIMATE,2026-06-14 00:59:16,overlay,0.43,evidence/CAM-01_5574_1788366461920.jpg
3542,NOT_READABLE,,,motorcycle,red,westbound,CAM-01,Chiman bhai Bridge,23.0064,72.5698,APPROXIMATE,2026-06-14 00:59:16,overlay,0.55,evidence/CAM-01_5576_1788366461968.jpg
3543,NOT_READABLE,,,car,yellow,stationary,CAM-01,Chiman bhai Bridge,23.0064,72.5698,APPROXIMATE,2026-06-14 00:59:16,overlay,0.81,evidence/CAM-01_5580_1788366462017.jpg
3544,NOT_READABLE,,,bicycle,yellow,northbound,CAM-01,Chiman bhai Bridge,23.0064,72.5698,APPROXIMATE,2026-06-14 00:59:16,overlay,0.87,evidence/CAM-01_5581_1788366462134.jpg
3545,NOT_READABLE,,,motorcycle,blue,westbound,CAM-01,Chiman bhai Bridge,23.0064,72.5698,APPROXIMATE,2026-06-14 00:59:16,overlay,0.89,evidence/CAM-01_5582_1788366462241.jpg
3546,NOT_READABLE,,,motorcycle,white,westbound,CAM-01,Chiman bhai Bridge,23.0064,72.5698,APPROXIMATE,2026-06-14 00:59:16,overlay,0.65,evidence/CAM-01_5583_1788366462296.jpg
3547,NOT_READABLE,,,motorcycle,purple,westbound,CAM-01,Chiman bhai Bridge,23.0064,72.5698,APPROXIMATE,2026-06-14 00:59:16,overlay,0.81,evidence/CAM-01_5586_1788366462318.jpg
3548,NOT_READABLE,,,motorcycle,yellow,southbound,CAM-01,Chiman bhai Bridge,23.0064,72.5698,APPROXIMATE,2026-06-14 00:59:16,overlay,0.88,evidence/CAM-01_5587_1788366462554.jpg
3549,NOT_READABLE,,,truck,blue,northbound,CAM-01,Chiman bhai Bridge,23.0064,72.5698,APPROXIMATE,2026-06-14 00:59:16,overlay,0.91,evidence/CAM-01_5589_1788366462794.jpg
3550,NOT_READABLE,,,truck,red,eastbound,CAM-01,Chiman bhai Bridge,23.0064,72.5698,APPROXIMATE,2026-06-14 00:59:16,overlay,0.97,evidence/CAM-01_5594_1788366462826.jpg
3551,NOT_READABLE,,,bus,grey,southbound,CAM-01,Chiman bhai Bridge,23.0064,72.5698,APPROXIMATE,2026-06-14 00:59:16,overlay,0.95,evidence/CAM-01_5600_1788366462947.jpg
3552,NOT_READABLE,,,bus,red,eastbound,CAM-01,Chiman bhai Bridge,23.0064,72.5698,APPROXIMATE,2026-06-14 00:59:16,overlay,0.46,evidence/CAM-01_5606_1788366463188.jpg
3553,NOT_READABLE,,,bicycle,blue,eastbound,CAM-01,Chiman bhai Bridge,23.0064,72.5698,APPROXIMATE,2026-06-14 00:59:16,overlay,0.75,evidence/CAM-01_5608_1788366463243.jpg
3554,NOT_READABLE,,,bus,grey,westbound,CAM-01,Chiman bhai Bridge,23.0064,72.5698,APPROXIMATE,2026-06-14 00:59:16,overlay,0.64,evidence/CAM-01_5611_1788366463366.jpg
3555,NOT_READABLE,,,motorcycle,blue,southbound,CAM-01,Chiman bhai Bridge,23.0064,72.5698,APPROXIMATE,2026-06-14 00:59:16,overlay,0.42,evidence/CAM-01_5612_1788366463425.jpg
3556,NOT_READABLE,,,motorcycle,yellow,southbound,CAM-01,Chiman bhai Bridge,23.0064,72.5698,APPROXIMATE,2026-06-14 00:59:16,overlay,0.55,evidence/CAM-01_5613_1788366463452.jpg
3557,NOT_READABLE,,,car,blue,eastbound,CAM-01,Chiman bhai Bridge,23.0064,72.5698,APPROXIMATE,2026-06-14 00:59:16,overlay,0.96,evidence/CAM-01_5616_1788366463486.jpg
3558,NOT_READABLE,,,motorcycle,grey,westbound,CAM-01,Chiman bhai Bridge,23.0064,72.5698,APPROXIMATE,2026-06-14 00:59:16,overlay,0.55,evidence/CAM-01_5617_1788366463593.jpg
3559,NOT_READABLE,,,truck,yellow,westbound,CAM-01,Chiman bhai Bridge,23.0064,72.5698,APPROXIMATE,2026-06-14 00:59:16,overlay,0.58,evidence/CAM-01_5621_1788366463617.jpg
3560,NOT_READABLE,,,motorcycle,red,eastbound,CAM-01,Chiman bhai Bridge,23.0064,72.5698,APPROXIMATE,2026-06-14 00:59:16,overlay,0.82,evidence/CAM-01_5622_1788366463725.jpg
3561,NOT_READABLE,,,car,blue,westbound,CAM-01,Chiman bhai Bridge,23.0064,72.5698,APPROXIMATE,2026-06-14 00:59:16,overlay,0.96,evidence/CAM-01_5625_1788366463752.jpg
3562,NOT_READABLE,,,truck,grey,eastbound,CAM-01,Chiman bhai Bridge,23.0064,72.5698,APPROXIMATE,2026-06-14 00:59:16,overlay,0.65,evidence/CAM-01_5628_1788366463786.jpg
3563,NOT_READABLE,,,bus,yellow,eastbound,CAM-01,Chiman bhai Bridge,23.0064,72.5698,APPROXIMATE,2026-06-14 00:59:16,overlay,0.47,evidence/CAM-01_5629_1788366463809.jpg
3564,NOT_READABLE,,,bus,orange,stationary,CAM-01,Chiman bhai Bridge,23.0064,72.5698,APPROXIMATE,2026-06-14 00:59:16,overlay,0.52,evidence/CAM-01_5631_1788366463911.jpg
3565,NOT_READABLE,,,truck,red,stationary,CAM-01,Chiman bhai Bridge,23.0064,72.5698,APPROXIMATE,2026-06-14 00:59:16,overlay,0.49,evidence/CAM-01_5634_1788366463941.jpg
3566,NOT_READABLE,,,car,blue,westbound,CAM-01,Chiman bhai Bridge,23.0064,72.5698,APPROXIMATE,2026-06-14 00:59:16,overlay,0.96,evidence/CAM-01_5636_1788366464063.jpg
3567,NOT_READABLE,,,bicycle,blue,eastbound,CAM-01,Chiman bhai Bridge,23.0064,72.5698,APPROXIMATE,2026-06-14 00:59:16,overlay,0.96,evidence/CAM-01_5637_1788366464288.jpg
3569,NOT_READABLE,,,bus,blue,westbound,CAM-01,Chiman bhai Bridge,23.0064,72.5698,APPROXIMATE,2026-06-14 00:59:16,overlay,0.46,evidence/CAM-01_5638_1788366464314.jpg
3571,NOT_READABLE,,,motorcycle,blue,eastbound,CAM-01,Chiman bhai Bridge,23.0064,72.5698,APPROXIMATE,2026-06-14 00:59:16,overlay,0.39,evidence/CAM-01_5640_1788366464418.jpg
3573,NOT_READABLE,,,bicycle,red,southbound,CAM-01,Chiman bhai Bridge,23.0064,72.5698,APPROXIMATE,2026-06-14 00:59:16,overlay,0.80,evidence/CAM-01_5641_1788366464498.jpg
3575,NOT_READABLE,,,motorcycle,grey,eastbound,CAM-01,Chiman bhai Bridge,23.0064,72.5698,APPROXIMATE,2026-06-14 00:59:16,overlay,0.64,evidence/CAM-01_5642_1788366464524.jpg
3578,NOT_READABLE,,,bicycle,yellow,southbound,CAM-01,Chiman bhai Bridge,23.0064,72.5698,APPROXIMATE,2026-06-14 00:59:16,overlay,0.40,evidence/CAM-01_5643_1788366464706.jpg
3581,NOT_READABLE,,,bus,yellow,southbound,CAM-01,Chiman bhai Bridge,23.0064,72.5698,APPROXIMATE,2026-06-14 00:59:16,overlay,0.57,evidence/CAM-01_5648_1788366464744.jpg
3584,NOT_READABLE,,,bicycle,yellow,westbound,CAM-01,Chiman bhai Bridge,23.0064,72.5698,APPROXIMATE,2026-06-14 00:59:16,overlay,0.65,evidence/CAM-01_5650_1788366464768.jpg
3588,NOT_READABLE,,,motorcycle,blue,stationary,CAM-01,Chiman bhai Bridge,23.0064,72.5698,APPROXIMATE,2026-06-14 00:59:16,overlay,0.38,evidence/CAM-01_5651_1788366464789.jpg
3590,NOT_READABLE,,,car,grey,stationary,CAM-01,Chiman bhai Bridge,23.0064,72.5698,APPROXIMATE,2026-06-14 00:59:16,overlay,0.97,evidence/CAM-01_5656_1788366464827.jpg
3592,NOT_READABLE,,,car,grey,stationary,CAM-01,Chiman bhai Bridge,23.0064,72.5698,APPROXIMATE,2026-06-14 00:59:16,overlay,1.00,evidence/CAM-01_5661_1788366464849.jpg
3593,NOT_READABLE,,,truck,blue,southbound,CAM-01,Chiman bhai Bridge,23.0064,72.5698,APPROXIMATE,2026-06-14 00:59:16,overlay,0.96,evidence/CAM-01_5664_1788366464864.jpg
3595,NOT_READABLE,,,bicycle,grey,southbound,CAM-01,Chiman bhai Bridge,23.0064,72.5698,APPROXIMATE,2026-06-14 00:59:16,overlay,1.00,evidence/CAM-01_5667_1788366464886.jpg
3597,NOT_READABLE,,,car,red,westbound,CAM-01,Chiman bhai Bridge,23.0064,72.5698,APPROXIMATE,2026-06-14 00:59:16,overlay,0.65,evidence/CAM-01_5672_1788366464910.jpg
3598,NOT_READABLE,,,truck,grey,eastbound,CAM-01,Chiman bhai Bridge,23.0064,72.5698,APPROXIMATE,2026-06-14 00:59:16,overlay,0.91,evidence/CAM-01_5680_1788366465002.jpg
3600,NOT_READABLE,,,motorcycle,blue,northbound,CAM-01,Chiman bhai Bridge,23.0064,72.5698,APPROXIMATE,2026-06-14 00:59:16,overlay,0.87,evidence/CAM-01_5682_1788366465113.jpg
3603,NOT_READABLE,,,motorcycle,blue,northbound,CAM-01,Chiman bhai Bridge,23.0064,72.5698,APPROXIMATE,2026-06-14 00:59:16,overlay,0.46,evidence/CAM-01_5683_1788366465128.jpg
3604,NOT_READABLE,,,bus,blue,stationary,CAM-01,Chiman bhai Bridge,23.0064,72.5698,APPROXIMATE,2026-06-14 00:59:16,overlay,0.90,evidence/CAM-01_5685_1788366465178.jpg
3606,NOT_READABLE,,,truck,orange,eastbound,CAM-01,Chiman bhai Bridge,23.0064,72.5698,APPROXIMATE,2026-06-14 00:59:16,overlay,0.48,evidence/CAM-01_5688_1788366465195.jpg
3653,NOT_READABLE,,,car,purple,westbound,CAM-01,Chiman bhai Bridge,23.0064,72.5698,APPROXIMATE,2026-06-14 00:59:17,overlay,0.73,evidence/CAM-01_5626_1788366469962.jpg
3726,NOT_READABLE,,,car,white,stationary,CAM-01,Chiman bhai Bridge,23.0064,72.5698,APPROXIMATE,2026-06-14 00:59:18,overlay,0.40,evidence/CAM-01_5818_1788366473570.jpg
3745,NOT_READABLE,,,bus,grey,stationary,CAM-01,Chiman bhai Bridge,23.0064,72.5698,APPROXIMATE,2026-06-14 00:59:20,overlay,19.72,evidence/CAM-01_5536_1788366476572.jpg
3746,NOT_READABLE,,,truck,grey,stationary,CAM-01,Chiman bhai Bridge,23.0064,72.5698,APPROXIMATE,2026-06-14 00:59:20,overlay,2.93,evidence/CAM-01_5537_1788366476598.jpg
3747,NOT_READABLE,,,bus,yellow,westbound,CAM-01,Chiman bhai Bridge,23.0064,72.5698,APPROXIMATE,2026-06-14 00:59:20,overlay,5.66,evidence/CAM-01_5736_1788366476620.jpg
3748,NOT_READABLE,,,bus,,stationary,CAM-01,Chiman bhai Bridge,23.0064,72.5698,APPROXIMATE,2026-06-14 00:59:20,overlay,4.74,evidence/CAM-01_5821_1788366476645.jpg
3749,NOT_READABLE,,,bus,,stationary,CAM-01,Chiman bhai Bridge,23.0064,72.5698,APPROXIMATE,2026-06-14 00:59:20,overlay,4.90,evidence/CAM-01_5822_1788366476662.jpg
3750,NOT_READABLE,,,truck,,stationary,CAM-01,Chiman bhai Bridge,23.0064,72.5698,APPROXIMATE,2026-06-14 00:59:20,overlay,9.61,evidence/CAM-01_5823_1788366476683.jpg
3751,NOT_READABLE,,,truck,,stationary,CAM-01,Chiman bhai Bridge,23.0064,72.5698,APPROXIMATE,2026-06-14 00:59:20,overlay,3.14,evidence/CAM-01_5824_1788366476706.jpg
3752,NOT_READABLE,,,bicycle,,southbound,CAM-01,Chiman bhai Bridge,23.0064,72.5698,APPROXIMATE,2026-06-14 00:59:20,overlay,8.10,evidence/CAM-01_5826_1788366476726.jpg
3753,NOT_READABLE,,,bus,,westbound,CAM-01,Chiman bhai Bridge,23.0064,72.5698,APPROXIMATE,2026-06-14 00:59:20,overlay,4.81,evidence/CAM-01_5829_1788366476743.jpg
3754,NOT_READABLE,,,bus,,northbound,CAM-01,Chiman bhai Bridge,23.0064,72.5698,APPROXIMATE,2026-06-14 00:59:20,overlay,3.42,evidence/CAM-01_5830_1788366476898.jpg
3755,NOT_READABLE,,,bicycle,,northbound,CAM-01,Chiman bhai Bridge,23.0064,72.5698,APPROXIMATE,2026-06-14 00:59:20,overlay,4.16,evidence/CAM-01_5831_1788366476952.jpg
3756,NOT_READABLE,,,truck,,northbound,CAM-01,Chiman bhai Bridge,23.0064,72.5698,APPROXIMATE,2026-06-14 00:59:20,overlay,2.15,evidence/CAM-01_5832_1788366476967.jpg
3757,NOT_READABLE,,,truck,,northbound,CAM-01,Chiman bhai Bridge,23.0064,72.5698,APPROXIMATE,2026-06-14 00:59:20,overlay,8.38,evidence/CAM-01_5833_1788366476986.jpg
3758,NOT_READABLE,,,bicycle,grey,stationary,CAM-01,Chiman bhai Bridge,23.0064,72.5698,APPROXIMATE,2026-06-14 00:59:20,overlay,1.00,evidence/CAM-01_5835_1788366477011.jpg
3759,NOT_READABLE,,,motorcycle,grey,stationary,CAM-01,Chiman bhai Bridge,23.0064,72.5698,APPROXIMATE,2026-06-14 00:59:20,overlay,1.00,evidence/CAM-01_5836_1788366477032.jpg
3760,NOT_READABLE,,,car,orange,eastbound,CAM-01,Chiman bhai Bridge,23.0064,72.5698,APPROXIMATE,2026-06-14 00:59:20,overlay,0.97,evidence/CAM-01_5837_1788366477057.jpg
3761,NOT_READABLE,,,bus,grey,eastbound,CAM-01,Chiman bhai Bridge,23.0064,72.5698,APPROXIMATE,2026-06-14 00:59:20,overlay,0.99,evidence/CAM-01_5838_1788366477077.jpg
3762,NOT_READABLE,,,bicycle,grey,eastbound,CAM-01,Chiman bhai Bridge,23.0064,72.5698,APPROXIMATE,2026-06-14 00:59:20,overlay,0.96,evidence/CAM-01_5839_1788366477101.jpg
3763,NOT_READABLE,,,car,blue,eastbound,CAM-01,Chiman bhai Bridge,23.0064,72.5698,APPROXIMATE,2026-06-14 00:59:20,overlay,1.00,evidence/CAM-01_5840_1788366477122.jpg
3764,NOT_READABLE,,,motorcycle,grey,southbound,CAM-01,Chiman bhai Bridge,23.0064,72.5698,APPROXIMATE,2026-06-14 00:59:20,overlay,0.96,evidence/CAM-01_5841_1788366477137.jpg
3765,NOT_READABLE,,,truck,blue,northbound,CAM-01,Chiman bhai Bridge,23.0064,72.5698,APPROXIMATE,2026-06-14 00:59:20,overlay,0.93,evidence/CAM-01_5842_1788366477153.jpg
3766,NOT_READABLE,,,bus,blue,northbound,CAM-01,Chiman bhai Bridge,23.0064,72.5698,APPROXIMATE,2026-06-14 00:59:20,overlay,0.90,evidence/CAM-01_5843_1788366477168.jpg
3767,NOT_READABLE,,,truck,grey,eastbound,CAM-01,Chiman bhai Bridge,23.0064,72.5698,APPROXIMATE,2026-06-14 00:59:20,overlay,0.87,evidence/CAM-01_5844_1788366477183.jpg
3768,NOT_READABLE,,,bicycle,blue,southbound,CAM-01,Chiman bhai Bridge,23.0064,72.5698,APPROXIMATE,2026-06-14 00:59:20,overlay,1.00,evidence/CAM-01_5845_1788366477198.jpg
3769,NOT_READABLE,,,motorcycle,grey,northbound,CAM-01,Chiman bhai Bridge,23.0064,72.5698,APPROXIMATE,2026-06-14 00:59:20,overlay,0.64,evidence/CAM-01_5846_1788366477214.jpg
3770,NOT_READABLE,,,car,grey,westbound,CAM-01,Chiman bhai Bridge,23.0064,72.5698,APPROXIMATE,2026-06-14 00:59:20,overlay,0.97,evidence/CAM-01_5847_1788366477229.jpg
3771,NOT_READABLE,,,car,grey,eastbound,CAM-01,Chiman bhai Bridge,23.0064,72.5698,APPROXIMATE,2026-06-14 00:59:20,overlay,0.99,evidence/CAM-01_5848_1788366477245.jpg
3772,NOT_READABLE,,,bicycle,grey,stationary,CAM-01,Chiman bhai Bridge,23.0064,72.5698,APPROXIMATE,2026-06-14 00:59:20,overlay,1.00,evidence/CAM-01_5849_1788366477261.jpg
3773,NOT_READABLE,,,truck,grey,southbound,CAM-01,Chiman bhai Bridge,23.0064,72.5698,APPROXIMATE,2026-06-14 00:59:20,overlay,0.97,evidence/CAM-01_5850_1788366477276.jpg
3774,NOT_READABLE,,,bus,grey,eastbound,CAM-01,Chiman bhai Bridge,23.0064,72.5698,APPROXIMATE,2026-06-14 00:59:20,overlay,0.91,evidence/CAM-01_5852_1788366477291.jpg
3775,NOT_READABLE,,,bus,orange,eastbound,CAM-01,Chiman bhai Bridge,23.0064,72.5698,APPROXIMATE,2026-06-14 00:59:20,overlay,0.90,evidence/CAM-01_5853_1788366477307.jpg
3776,NOT_READABLE,,,motorcycle,grey,eastbound,CAM-01,Chiman bhai Bridge,23.0064,72.5698,APPROXIMATE,2026-06-14 00:59:20,overlay,0.90,evidence/CAM-01_5854_1788366477322.jpg
3777,NOT_READABLE,,,motorcycle,purple,westbound,CAM-01,Chiman bhai Bridge,23.0064,72.5698,APPROXIMATE,2026-06-14 00:59:20,overlay,0.93,evidence/CAM-01_5855_1788366477337.jpg
3778,NOT_READABLE,,,truck,yellow,eastbound,CAM-01,Chiman bhai Bridge,23.0064,72.5698,APPROXIMATE,2026-06-14 00:59:20,overlay,0.88,evidence/CAM-01_5857_1788366477353.jpg
3779,NOT_READABLE,,,car,grey,eastbound,CAM-01,Chiman bhai Bridge,23.0064,72.5698,APPROXIMATE,2026-06-14 00:59:20,overlay,0.85,evidence/CAM-01_5858_1788366477368.jpg
3780,NOT_READABLE,,,bicycle,black,westbound,CAM-01,Chiman bhai Bridge,23.0064,72.5698,APPROXIMATE,2026-06-14 00:59:20,overlay,0.85,evidence/CAM-01_5859_1788366477383.jpg
3781,NOT_READABLE,,,car,orange,eastbound,CAM-01,Chiman bhai Bridge,23.0064,72.5698,APPROXIMATE,2026-06-14 00:59:20,overlay,0.83,evidence/CAM-01_5861_1788366477486.jpg
3782,NOT_READABLE,,,car,blue,westbound,CAM-01,Chiman bhai Bridge,23.0064,72.5698,APPROXIMATE,2026-06-14 00:59:20,overlay,0.86,evidence/CAM-01_5862_1788366477506.jpg
3783,NOT_READABLE,,,bus,grey,eastbound,CAM-01,Chiman bhai Bridge,23.0064,72.5698,APPROXIMATE,2026-06-14 00:59:20,overlay,0.89,evidence/CAM-01_5863_1788366477519.jpg
3784,NOT_READABLE,,,bus,red,stationary,CAM-01,Chiman bhai Bridge,23.0064,72.5698,APPROXIMATE,2026-06-14 00:59:20,overlay,0.76,evidence/CAM-01_5864_1788366477543.jpg
3785,NOT_READABLE,,,bicycle,yellow,northbound,CAM-01,Chiman bhai Bridge,23.0064,72.5698,APPROXIMATE,2026-06-14 00:59:20,overlay,0.85,evidence/CAM-01_5865_1788366477565.jpg
3786,NOT_READABLE,,,truck,orange,northbound,CAM-01,Chiman bhai Bridge,23.0064,72.5698,APPROXIMATE,2026-06-14 00:59:20,overlay,0.86,evidence/CAM-01_5866_1788366477673.jpg
3788,NOT_READABLE,,,truck,grey,southbound,CAM-01,Chiman bhai Bridge,23.0064,72.5698,APPROXIMATE,2026-06-14 00:59:20,overlay,0.95,evidence/CAM-01_5867_1788366477698.jpg
3790,NOT_READABLE,,,motorcycle,orange,southbound,CAM-01,Chiman bhai Bridge,23.0064,72.5698,APPROXIMATE,2026-06-14 00:59:20,overlay,0.85,evidence/CAM-01_5868_1788366477711.jpg
3792,NOT_READABLE,,,motorcycle,black,westbound,CAM-01,Chiman bhai Bridge,23.0064,72.5698,APPROXIMATE,2026-06-14 00:59:20,overlay,0.87,evidence/CAM-01_5869_1788366477737.jpg
3794,NOT_READABLE,,,bicycle,purple,northbound,CAM-01,Chiman bhai Bridge,23.0064,72.5698,APPROXIMATE,2026-06-14 00:59:20,overlay,0.54,evidence/CAM-01_5870_1788366477855.jpg
3795,NOT_READABLE,,,car,yellow,eastbound,CAM-01,Chiman bhai Bridge,23.0064,72.5698,APPROXIMATE,2026-06-14 00:59:20,overlay,0.78,evidence/CAM-01_5871_1788366477881.jpg
3797,NOT_READABLE,,,car,purple,southbound,CAM-01,Chiman bhai Bridge,23.0064,72.5698,APPROXIMATE,2026-06-14 00:59:20,overlay,5.98,evidence/CAM-01_5872_1788366478046.jpg
3799,NOT_READABLE,,,car,orange,eastbound,CAM-01,Chiman bhai Bridge,23.0064,72.5698,APPROXIMATE,2026-06-14 00:59:20,overlay,0.87,evidence/CAM-01_5873_1788366478102.jpg
3802,NOT_READABLE,,,bicycle,grey,eastbound,CAM-01,Chiman bhai Bridge,23.0064,72.5698,APPROXIMATE,2026-06-14 00:59:20,overlay,0.83,evidence/CAM-01_5874_1788366478118.jpg
3805,NOT_READABLE,,,motorcycle,yellow,westbound,CAM-01,Chiman bhai Bridge,23.0064,72.5698,APPROXIMATE,2026-06-14 00:59:20,overlay,0.86,evidence/CAM-01_5875_1788366478260.jpg
3808,NOT_READABLE,,,truck,grey,southbound,CAM-01,Chiman bhai Bridge,23.0064,72.5698,APPROXIMATE,2026-06-14 00:59:20,overlay,1.00,evidence/CAM-01_5876_1788366478529.jpg
3809,NOT_READABLE,,,truck,blue,westbound,CAM-01,Chiman bhai Bridge,23.0064,72.5698,APPROXIMATE,2026-06-14 00:59:20,overlay,0.92,evidence/CAM-01_5877_1788366478797.jpg
3811,NOT_READABLE,,,motorcycle,blue,eastbound,CAM-01,Chiman bhai Bridge,23.0064,72.5698,APPROXIMATE,2026-06-14 00:59:20,overlay,0.84,evidence/CAM-01_5878_1788366478835.jpg
3813,NOT_READABLE,,,car,grey,northbound,CAM-01,Chiman bhai Bridge,23.0064,72.5698,APPROXIMATE,2026-06-14 00:59:20,overlay,0.94,evidence/CAM-01_5879_1788366479073.jpg
3815,NOT_READABLE,,,bicycle,orange,southbound,CAM-01,Chiman bhai Bridge,23.0064,72.5698,APPROXIMATE,2026-06-14 00:59:20,overlay,0.97,evidence/CAM-01_5880_1788366479098.jpg
3817,NOT_READABLE,,,motorcycle,grey,stationary,CAM-01,Chiman bhai Bridge,23.0064,72.5698,APPROXIMATE,2026-06-14 00:59:20,overlay,0.93,evidence/CAM-01_5881_1788366479126.jpg
3819,NOT_READABLE,,,motorcycle,grey,southbound,CAM-01,Chiman bhai Bridge,23.0064,72.5698,APPROXIMATE,2026-06-14 00:59:20,overlay,0.70,evidence/CAM-01_5882_1788366479148.jpg
3821,NOT_READABLE,,,truck,black,eastbound,CAM-01,Chiman bhai Bridge,23.0064,72.5698,APPROXIMATE,2026-06-14 00:59:20,overlay,0.85,evidence/CAM-01_5883_1788366479168.jpg
3823,NOT_READABLE,,,car,blue,northbound,CAM-01,Chiman bhai Bridge,23.0064,72.5698,APPROXIMATE,2026-06-14 00:59:20,overlay,0.90,evidence/CAM-01_5884_1788366479189.jpg
3825,NOT_READABLE,,,truck,grey,westbound,CAM-01,Chiman bhai Bridge,23.0064,72.5698,APPROXIMATE,2026-06-14 00:59:20,overlay,0.73,evidence/CAM-01_5886_1788366479216.jpg
3827,NOT_READABLE,,,motorcycle,grey,northbound,CAM-01,Chiman bhai Bridge,23.0064,72.5698,APPROXIMATE,2026-06-14 00:59:20,overlay,0.90,evidence/CAM-01_5887_1788366479245.jpg
3830,NOT_READABLE,,,bicycle,grey,eastbound,CAM-01,Chiman bhai Bridge,23.0064,72.5698,APPROXIMATE,2026-06-14 00:59:20,overlay,0.90,evidence/CAM-01_5888_1788366479262.jpg
3831,NOT_READABLE,,,motorcycle,grey,westbound,CAM-01,Chiman bhai Bridge,23.0064,72.5698,APPROXIMATE,2026-06-14 00:59:20,overlay,0.39,evidence/CAM-01_5890_1788366479288.jpg
3832,NOT_READABLE,,,bicycle,blue,eastbound,CAM-01,Chiman bhai Bridge,23.0064,72.5698,APPROXIMATE,2026-06-14 00:59:20,overlay,0.80,evidence/CAM-01_5891_1788366479314.jpg
3833,NOT_READABLE,,,bus,orange,southbound,CAM-01,Chiman bhai Bridge,23.0064,72.5698,APPROXIMATE,2026-06-14 00:59:20,overlay,0.78,evidence/CAM-01_5892_1788366479339.jpg
3834,NOT_READABLE,,,bicycle,black,westbound,CAM-01,Chiman bhai Bridge,23.0064,72.5698,APPROXIMATE,2026-06-14 00:59:20,overlay,0.92,evidence/CAM-01_5894_1788366479359.jpg
3835,NOT_READABLE,,,truck,grey,southbound,CAM-01,Chiman bhai Bridge,23.0064,72.5698,APPROXIMATE,2026-06-14 00:59:20,overlay,0.63,evidence/CAM-01_5895_1788366479381.jpg
3836,NOT_READABLE,,,bicycle,blue,southbound,CAM-01,Chiman bhai Bridge,23.0064,72.5698,APPROXIMATE,2026-06-14 00:59:20,overlay,0.70,evidence/CAM-01_5896_1788366479532.jpg
3837,NOT_READABLE,,,truck,grey,stationary,CAM-01,Chiman bhai Bridge,23.0064,72.5698,APPROXIMATE,2026-06-14 00:59:20,overlay,0.78,evidence/CAM-01_5897_1788366479554.jpg
3838,NOT_READABLE,,,bus,grey,stationary,CAM-01,Chiman bhai Bridge,23.0064,72.5698,APPROXIMATE,2026-06-14 00:59:20,overlay,0.88,evidence/CAM-01_5900_1788366479594.jpg
3839,NOT_READABLE,,,bus,grey,eastbound,CAM-01,Chiman bhai Bridge,23.0064,72.5698,APPROXIMATE,2026-06-14 00:59:20,overlay,0.93,evidence/CAM-01_5901_1788366479622.jpg
3841,NOT_READABLE,,,bus,blue,stationary,CAM-01,Chiman bhai Bridge,23.0064,72.5698,APPROXIMATE,2026-06-14 00:59:20,overlay,0.89,evidence/CAM-01_5902_1788366479761.jpg
3843,NOT_READABLE,,,bus,yellow,southbound,CAM-01,Chiman bhai Bridge,23.0064,72.5698,APPROXIMATE,2026-06-14 00:59:20,overlay,0.97,evidence/CAM-01_5903_1788366479791.jpg
3845,NOT_READABLE,,,bicycle,red,southbound,CAM-01,Chiman bhai Bridge,23.0064,72.5698,APPROXIMATE,2026-06-14 00:59:20,overlay,0.94,evidence/CAM-01_5905_1788366479809.jpg
3847,NOT_READABLE,,,truck,red,southbound,CAM-01,Chiman bhai Bridge,23.0064,72.5698,APPROXIMATE,2026-06-14 00:59:20,overlay,0.79,evidence/CAM-01_5906_1788366479825.jpg
3849,NOT_READABLE,,,truck,grey,southbound,CAM-01,Chiman bhai Bridge,23.0064,72.5698,APPROXIMATE,2026-06-14 00:59:20,overlay,0.63,evidence/CAM-01_5908_1788366479843.jpg
3851,NOT_READABLE,,,truck,orange,northbound,CAM-01,Chiman bhai Bridge,23.0064,72.5698,APPROXIMATE,2026-06-14 00:59:20,overlay,0.59,evidence/CAM-01_5909_1788366479861.jpg
3853,NOT_READABLE,,,bus,orange,westbound,CAM-01,Chiman bhai Bridge,23.0064,72.5698,APPROXIMATE,2026-06-14 00:59:20,overlay,0.67,evidence/CAM-01_5912_1788366479880.jpg
3855,NOT_READABLE,,,bicycle,white,eastbound,CAM-01,Chiman bhai Bridge,23.0064,72.5698,APPROXIMATE,2026-06-14 00:59:20,overlay,0.66,evidence/CAM-01_5913_1788366479895.jpg
3857,NOT_READABLE,,,motorcycle,grey,southbound,CAM-01,Chiman bhai Bridge,23.0064,72.5698,APPROXIMATE,2026-06-14 00:59:20,overlay,0.89,evidence/CAM-01_5914_1788366479911.jpg
3859,NOT_READABLE,,,truck,grey,westbound,CAM-01,Chiman bhai Bridge,23.0064,72.5698,APPROXIMATE,2026-06-14 00:59:20,overlay,0.61,evidence/CAM-01_5915_1788366479926.jpg
3861,NOT_READABLE,,,truck,orange,eastbound,CAM-01,Chiman bhai Bridge,23.0064,72.5698,APPROXIMATE,2026-06-14 00:59:20,overlay,0.93,evidence/CAM-01_5917_1788366479942.jpg
3863,NOT_READABLE,,,truck,grey,westbound,CAM-01,Chiman bhai Bridge,23.0064,72.5698,APPROXIMATE,2026-06-14 00:59:20,overlay,0.68,evidence/CAM-01_5918_1788366479958.jpg
3865,NOT_READABLE,,,bicycle,orange,eastbound,CAM-01,Chiman bhai Bridge,23.0064,72.5698,APPROXIMATE,2026-06-14 00:59:20,overlay,0.85,evidence/CAM-01_5920_1788366479974.jpg
3867,NOT_READABLE,,,bicycle,red,eastbound,CAM-01,Chiman bhai Bridge,23.0064,72.5698,APPROXIMATE,2026-06-14 00:59:20,overlay,0.73,evidence/CAM-01_5922_1788366479990.jpg
3869,NOT_READABLE,,,motorcycle,grey,eastbound,CAM-01,Chiman bhai Bridge,23.0064,72.5698,APPROXIMATE,2026-06-14 00:59:20,overlay,0.90,evidence/CAM-01_5923_1788366480004.jpg
3871,NOT_READABLE,,,bus,grey,eastbound,CAM-01,Chiman bhai Bridge,23.0064,72.5698,APPROXIMATE,2026-06-14 00:59:20,overlay,0.49,evidence/CAM-01_5925_1788366480020.jpg
3873,NOT_READABLE,,,car,grey,eastbound,CAM-01,Chiman bhai Bridge,23.0064,72.5698,APPROXIMATE,2026-06-14 00:59:20,overlay,0.46,evidence/CAM-01_5927_1788366480036.jpg
3875,NOT_READABLE,,,motorcycle,grey,westbound,CAM-01,Chiman bhai Bridge,23.0064,72.5698,APPROXIMATE,2026-06-14 00:59:20,overlay,0.92,evidence/CAM-01_5928_1788366480052.jpg
3877,NOT_READABLE,,,car,yellow,northbound,CAM-01,Chiman bhai Bridge,23.0064,72.5698,APPROXIMATE,2026-06-14 00:59:20,overlay,0.73,evidence/CAM-01_5929_1788366480069.jpg
3879,NOT_READABLE,,,bicycle,grey,stationary,CAM-01,Chiman bhai Bridge,23.0064,72.5698,APPROXIMATE,2026-06-14 00:59:20,overlay,0.61,evidence/CAM-01_5931_1788366480086.jpg
3881,NOT_READABLE,,,bus,grey,eastbound,CAM-01,Chiman bhai Bridge,23.0064,72.5698,APPROXIMATE,2026-06-14 00:59:20,overlay,0.95,evidence/CAM-01_5932_1788366480120.jpg
3882,NOT_READABLE,,,bus,red,westbound,CAM-01,Chiman bhai Bridge,23.0064,72.5698,APPROXIMATE,2026-06-14 00:59:20,overlay,0.79,evidence/CAM-01_5934_1788366480275.jpg
3884,NOT_READABLE,,,bicycle,red,westbound,CAM-01,Chiman bhai Bridge,23.0064,72.5698,APPROXIMATE,2026-06-14 00:59:20,overlay,0.74,evidence/CAM-01_5935_1788366480300.jpg
3886,NOT_READABLE,,,bicycle,grey,southbound,CAM-01,Chiman bhai Bridge,23.0064,72.5698,APPROXIMATE,2026-06-14 00:59:20,overlay,0.73,evidence/CAM-01_5936_1788366480515.jpg
3888,NOT_READABLE,,,truck,grey,westbound,CAM-01,Chiman bhai Bridge,23.0064,72.5698,APPROXIMATE,2026-06-14 00:59:20,overlay,0.72,evidence/CAM-01_5937_1788366480649.jpg
3890,NOT_READABLE,,,motorcycle,white,stationary,CAM-01,Chiman bhai Bridge,23.0064,72.5698,APPROXIMATE,2026-06-14 00:59:20,overlay,0.60,evidence/CAM-01_5938_1788366480704.jpg
3893,NOT_READABLE,,,motorcycle,red,westbound,CAM-01,Chiman bhai Bridge,23.0064,72.5698,APPROXIMATE,2026-06-14 00:59:20,overlay,0.75,evidence/CAM-01_5939_1788366480955.jpg
3895,NOT_READABLE,,,motorcycle,grey,southbound,CAM-01,Chiman bhai Bridge,23.0064,72.5698,APPROXIMATE,2026-06-14 00:59:20,overlay,0.48,evidence/CAM-01_5949_1788366481044.jpg
3897,NOT_READABLE,,,car,grey,stationary,CAM-01,Chiman bhai Bridge,23.0064,72.5698,APPROXIMATE,2026-06-14 00:59:20,overlay,0.85,evidence/CAM-01_5951_1788366481065.jpg
3899,NOT_READABLE,,,car,red,southbound,CAM-01,Chiman bhai Bridge,23.0064,72.5698,APPROXIMATE,2026-06-14 00:59:20,overlay,0.68,evidence/CAM-01_5954_1788366481085.jpg
3901,NOT_READABLE,,,bus,white,westbound,CAM-01,Chiman bhai Bridge,23.0064,72.5698,APPROXIMATE,2026-06-14 00:59:20,overlay,0.67,evidence/CAM-01_5955_1788366481099.jpg
3903,NOT_READABLE,,,car,black,eastbound,CAM-01,Chiman bhai Bridge,23.0064,72.5698,APPROXIMATE,2026-06-14 00:59:20,overlay,0.84,evidence/CAM-01_5959_1788366481219.jpg
3905,NOT_READABLE,,,bus,grey,westbound,CAM-01,Chiman bhai Bridge,23.0064,72.5698,APPROXIMATE,2026-06-14 00:59:20,overlay,0.64,evidence/CAM-01_5961_1788366481450.jpg
3909,NOT_READABLE,,,car,blue,eastbound,CAM-01,Chiman bhai Bridge,23.0064,72.5698,APPROXIMATE,2026-06-14 00:59:20,overlay,0.63,evidence/CAM-01_5962_1788366481697.jpg
3911,NOT_READABLE,,,car,black,stationary,CAM-01,Chiman bhai Bridge,23.0064,72.5698,APPROXIMATE,2026-06-14 00:59:20,overlay,0.76,evidence/CAM-01_5966_1788366481727.jpg
3914,NOT_READABLE,,,motorcycle,black,westbound,CAM-01,Chiman bhai Bridge,23.0064,72.5698,APPROXIMATE,2026-06-14 00:59:20,overlay,0.80,evidence/CAM-01_5967_1788366481862.jpg
3915,NOT_READABLE,,,bicycle,grey,westbound,CAM-01,Chiman bhai Bridge,23.0064,72.5698,APPROXIMATE,2026-06-14 00:59:20,overlay,0.52,evidence/CAM-01_5968_1788366481904.jpg
3917,NOT_READABLE,,,car,orange,eastbound,CAM-01,Chiman bhai Bridge,23.0064,72.5698,APPROXIMATE,2026-06-14 00:59:20,overlay,0.73,evidence/CAM-01_5969_1788366481928.jpg
3919,NOT_READABLE,,,bicycle,white,southbound,CAM-01,Chiman bhai Bridge,23.0064,72.5698,APPROXIMATE,2026-06-14 00:59:20,overlay,0.54,evidence/CAM-01_5970_1788366481959.jpg
3921,NOT_READABLE,,,motorcycle,grey,eastbound,CAM-01,Chiman bhai Bridge,23.0064,72.5698,APPROXIMATE,2026-06-14 00:59:20,overlay,0.43,evidence/CAM-01_5972_1788366481979.jpg
3923,NOT_READABLE,,,car,grey,southbound,CAM-01,Chiman bhai Bridge,23.0064,72.5698,APPROXIMATE,2026-06-14 00:59:20,overlay,0.95,evidence/CAM-01_5975_1788366482001.jpg
3925,NOT_READABLE,,,truck,grey,stationary,CAM-01,Chiman bhai Bridge,23.0064,72.5698,APPROXIMATE,2026-06-14 00:59:20,overlay,0.49,evidence/CAM-01_5978_1788366482022.jpg
3928,NOT_READABLE,,,truck,yellow,eastbound,CAM-01,Chiman bhai Bridge,23.0064,72.5698,APPROXIMATE,2026-06-14 00:59:20,overlay,0.75,evidence/CAM-01_5979_1788366482048.jpg
3930,NOT_READABLE,,,bicycle,black,eastbound,CAM-01,Chiman bhai Bridge,23.0064,72.5698,APPROXIMATE,2026-06-14 00:59:20,overlay,0.69,evidence/CAM-01_5981_1788366482186.jpg
3933,NOT_READABLE,,,truck,black,westbound,CAM-01,Chiman bhai Bridge,23.0064,72.5698,APPROXIMATE,2026-06-14 00:59:20,overlay,0.72,evidence/CAM-01_5982_1788366482356.jpg
3936,NOT_READABLE,,,bus,white,southbound,CAM-01,Chiman bhai Bridge,23.0064,72.5698,APPROXIMATE,2026-06-14 00:59:20,overlay,0.71,evidence/CAM-01_5984_1788366482569.jpg
3940,NOT_READABLE,,,bicycle,grey,eastbound,CAM-01,Chiman bhai Bridge,23.0064,72.5698,APPROXIMATE,2026-06-14 00:59:20,overlay,0.42,evidence/CAM-01_5985_1788366482843.jpg
3944,NOT_READABLE,,,bus,white,eastbound,CAM-01,Chiman bhai Bridge,23.0064,72.5698,APPROXIMATE,2026-06-14 00:59:20,overlay,0.98,evidence/CAM-01_5986_1788366482895.jpg
3946,NOT_READABLE,,,car,grey,stationary,CAM-01,Chiman bhai Bridge,23.0064,72.5698,APPROXIMATE,2026-06-14 00:59:20,overlay,0.82,evidence/CAM-01_5987_1788366483028.jpg
3948,NOT_READABLE,,,car,cyan,westbound,CAM-01,Chiman bhai Bridge,23.0064,72.5698,APPROXIMATE,2026-06-14 00:59:20,overlay,0.56,evidence/CAM-01_5989_1788366483168.jpg
3949,NOT_READABLE,,,bicycle,red,stationary,CAM-01,Chiman bhai Bridge,23.0064,72.5698,APPROXIMATE,2026-06-14 00:59:20,overlay,0.75,evidence/CAM-01_5990_1788366483292.jpg
3950,NOT_READABLE,,,car,white,eastbound,CAM-01,Chiman bhai Bridge,23.0064,72.5698,APPROXIMATE,2026-06-14 00:59:20,overlay,0.69,evidence/CAM-01_5991_1788366483417.jpg
3951,NOT_READABLE,,,bicycle,yellow,eastbound,CAM-01,Chiman bhai Bridge,23.0064,72.5698,APPROXIMATE,2026-06-14 00:59:20,overlay,0.76,evidence/CAM-01_5993_1788366483448.jpg
3952,NOT_READABLE,,,bicycle,yellow,eastbound,CAM-01,Chiman bhai Bridge,23.0064,72.5698,APPROXIMATE,2026-06-14 00:59:20,overlay,0.85,evidence/CAM-01_5994_1788366484101.jpg
3953,NOT_READABLE,,,bicycle,grey,eastbound,CAM-01,Chiman bhai Bridge,23.0064,72.5698,APPROXIMATE,2026-06-14 00:59:20,overlay,0.84,evidence/CAM-01_5996_1788366484221.jpg
3954,NOT_READABLE,,,car,grey,stationary,CAM-01,Chiman bhai Bridge,23.0064,72.5698,APPROXIMATE,2026-06-14 00:59:20,overlay,0.57,evidence/CAM-01_5997_1788366484247.jpg
3955,NOT_READABLE,,,bicycle,grey,northbound,CAM-01,Chiman bhai Bridge,23.0064,72.5698,APPROXIMATE,2026-06-14 00:59:20,overlay,0.81,evidence/CAM-01_5998_1788366484344.jpg
3956,NOT_READABLE,,,motorcycle,grey,westbound,CAM-01,Chiman bhai Bridge,23.0064,72.5698,APPROXIMATE,2026-06-14 00:59:20,overlay,0.65,evidence/CAM-01_5999_1788366484368.jpg
3957,NOT_READABLE,,,car,grey,westbound,CAM-01,Chiman bhai Bridge,23.0064,72.5698,APPROXIMATE,2026-06-14 00:59:20,overlay,0.80,evidence/CAM-01_6001_1788366484564.jpg
3958,NOT_READABLE,,,car,yellow,northbound,CAM-01,Chiman bhai Bridge,23.0064,72.5698,APPROXIMATE,2026-06-14 00:59:20,overlay,0.81,evidence/CAM-01_6003_1788366484608.jpg
3959,NOT_READABLE,,,truck,grey,stationary,CAM-01,Chiman bhai Bridge,23.0064,72.5698,APPROXIMATE,2026-06-14 00:59:20,overlay,0.77,evidence/CAM-01_6005_1788366484744.jpg
3960,NOT_READABLE,,,bicycle,grey,eastbound,CAM-01,Chiman bhai Bridge,23.0064,72.5698,APPROXIMATE,2026-06-14 00:59:20,overlay,0.56,evidence/CAM-01_6007_1788366484773.jpg
3961,NOT_READABLE,,,bicycle,orange,eastbound,CAM-01,Chiman bhai Bridge,23.0064,72.5698,APPROXIMATE,2026-06-14 00:59:20,overlay,0.76,evidence/CAM-01_6008_1788366484792.jpg
3962,NOT_READABLE,,,truck,grey,eastbound,CAM-01,Chiman bhai Bridge,23.0064,72.5698,APPROXIMATE,2026-06-14 00:59:20,overlay,0.86,evidence/CAM-01_6010_1788366484811.jpg
3963,NOT_READABLE,,,motorcycle,grey,northbound,CAM-01,Chiman bhai Bridge,23.0064,72.5698,APPROXIMATE,2026-06-14 00:59:20,overlay,0.61,evidence/CAM-01_6014_1788366484833.jpg
3964,NOT_READABLE,,,bus,white,southbound,CAM-01,Chiman bhai Bridge,23.0064,72.5698,APPROXIMATE,2026-06-14 00:59:20,overlay,0.71,evidence/CAM-01_6015_1788366484851.jpg
3965,NOT_READABLE,,,motorcycle,grey,stationary,CAM-01,Chiman bhai Bridge,23.0064,72.5698,APPROXIMATE,2026-06-14 00:59:20,overlay,0.68,evidence/CAM-01_6017_1788366484871.jpg
3966,NOT_READABLE,,,motorcycle,yellow,southbound,CAM-01,Chiman bhai Bridge,23.0064,72.5698,APPROXIMATE,2026-06-14 00:59:20,overlay,0.94,evidence/CAM-01_6018_1788366484937.jpg
3968,NOT_READABLE,,,motorcycle,yellow,stationary,CAM-01,Chiman bhai Bridge,23.0064,72.5698,APPROXIMATE,2026-06-14 00:59:20,overlay,0.69,evidence/CAM-01_6019_1788366484951.jpg
3970,NOT_READABLE,,,truck,blue,westbound,CAM-01,Chiman bhai Bridge,23.0064,72.5698,APPROXIMATE,2026-06-14 00:59:20,overlay,0.74,evidence/CAM-01_6022_1788366484964.jpg
3972,NOT_READABLE,,,motorcycle,black,northbound,CAM-01,Chiman bhai Bridge,23.0064,72.5698,APPROXIMATE,2026-06-14 00:59:20,overlay,0.67,evidence/CAM-01_6028_1788366484977.jpg
3973,NOT_READABLE,,,motorcycle,grey,stationary,CAM-01,Chiman bhai Bridge,23.0064,72.5698,APPROXIMATE,2026-06-14 00:59:20,overlay,0.47,evidence/CAM-01_6030_1788366484990.jpg
3975,NOT_READABLE,,,truck,purple,stationary,CAM-01,Chiman bhai Bridge,23.0064,72.5698,APPROXIMATE,2026-06-14 00:59:20,overlay,0.51,evidence/CAM-01_6039_1788366485002.jpg
3977,NOT_READABLE,,,motorcycle,grey,westbound,CAM-01,Chiman bhai Bridge,23.0064,72.5698,APPROXIMATE,2026-06-14 00:59:20,overlay,0.60,evidence/CAM-01_6045_1788366485017.jpg
3979,NOT_READABLE,,,motorcycle,grey,southbound,CAM-01,Chiman bhai Bridge,23.0064,72.5698,APPROXIMATE,2026-06-14 00:59:20,overlay,0.76,evidence/CAM-01_6056_1788366485031.jpg
3981,NOT_READABLE,,,truck,black,stationary,CAM-01,Chiman bhai Bridge,23.0064,72.5698,APPROXIMATE,2026-06-14 00:59:20,overlay,0.58,evidence/CAM-01_6058_1788366485117.jpg
3983,NOT_READABLE,,,bicycle,red,stationary,CAM-01,Chiman bhai Bridge,23.0064,72.5698,APPROXIMATE,2026-06-14 00:59:20,overlay,0.57,evidence/CAM-01_6059_1788366485131.jpg
3985,NOT_READABLE,,,car,grey,stationary,CAM-01,Chiman bhai Bridge,23.0064,72.5698,APPROXIMATE,2026-06-14 00:59:20,overlay,0.99,evidence/CAM-01_6062_1788366485142.jpg
3987,NOT_READABLE,,,car,grey,stationary,CAM-01,Chiman bhai Bridge,23.0064,72.5698,APPROXIMATE,2026-06-14 00:59:20,overlay,0.67,evidence/CAM-01_6063_1788366485156.jpg
4384,NOT_READABLE,,,motorcycle,blue,southbound,CAM-04,,23.0146,72.5679,APPROXIMATE,2026-06-14 00:59:22,overlay,5.95,evidence/CAM-04_2725_1788366508275.jpg
4385,NOT_READABLE,,,bus,blue,eastbound,CAM-04,,23.0146,72.5679,APPROXIMATE,2026-06-14 00:59:22,overlay,0.98,evidence/CAM-04_2730_1788366508303.jpg
4386,NOT_READABLE,,,bus,blue,eastbound,CAM-04,,23.0146,72.5679,APPROXIMATE,2026-06-14 00:59:22,overlay,4.82,evidence/CAM-04_2731_1788366508328.jpg
4387,NOT_READABLE,,,bicycle,blue,westbound,CAM-04,,23.0146,72.5679,APPROXIMATE,2026-06-14 00:59:22,overlay,0.63,evidence/CAM-04_2733_1788366508356.jpg
4388,NOT_READABLE,,,car,blue,westbound,CAM-04,,23.0146,72.5679,APPROXIMATE,2026-06-14 00:59:22,overlay,1.84,evidence/CAM-04_2734_1788366508387.jpg
4389,NOT_READABLE,,,bus,blue,eastbound,CAM-04,,23.0146,72.5679,APPROXIMATE,2026-06-14 00:59:22,overlay,0.95,evidence/CAM-04_2735_1788366508409.jpg
4390,NOT_READABLE,,,bicycle,orange,westbound,CAM-04,,23.0146,72.5679,APPROXIMATE,2026-06-14 00:59:22,overlay,0.97,evidence/CAM-04_2736_1788366508430.jpg
4391,NOT_READABLE,,,truck,orange,eastbound,CAM-04,,23.0146,72.5679,APPROXIMATE,2026-06-14 00:59:22,overlay,0.89,evidence/CAM-04_2737_1788366508577.jpg
4392,NOT_READABLE,,,truck,blue,westbound,CAM-04,,23.0146,72.5679,APPROXIMATE,2026-06-14 00:59:22,overlay,0.98,evidence/CAM-04_2740_1788366508706.jpg
4393,NOT_READABLE,,,bus,orange,eastbound,CAM-04,,23.0146,72.5679,APPROXIMATE,2026-06-14 00:59:22,overlay,0.96,evidence/CAM-04_2741_1788366508773.jpg
4394,NOT_READABLE,,,motorcycle,orange,eastbound,CAM-04,,23.0146,72.5679,APPROXIMATE,2026-06-14 00:59:22,overlay,0.95,evidence/CAM-04_2742_1788366508991.jpg
4396,NOT_READABLE,,,bicycle,blue,southbound,CAM-04,,23.0146,72.5679,APPROXIMATE,2026-06-14 00:59:22,overlay,0.86,evidence/CAM-04_2743_1788366509110.jpg
4397,NOT_READABLE,,,car,blue,stationary,CAM-04,,23.0146,72.5679,APPROXIMATE,2026-06-14 00:59:22,overlay,0.97,evidence/CAM-04_2744_1788366509142.jpg
4398,NOT_READABLE,,,car,blue,eastbound,CAM-04,,23.0146,72.5679,APPROXIMATE,2026-06-14 00:59:22,overlay,0.88,evidence/CAM-04_2746_1788366509269.jpg
4400,NOT_READABLE,,,bicycle,purple,northbound,CAM-04,,23.0146,72.5679,APPROXIMATE,2026-06-14 00:59:22,overlay,0.94,evidence/CAM-04_2749_1788366509400.jpg
4401,NOT_READABLE,,,motorcycle,orange,eastbound,CAM-04,,23.0146,72.5679,APPROXIMATE,2026-06-14 00:59:22,overlay,4.84,evidence/CAM-04_2751_1788366509457.jpg
4402,NOT_READABLE,,,bus,red,stationary,CAM-04,,23.0146,72.5679,APPROXIMATE,2026-06-14 00:59:22,overlay,0.83,evidence/CAM-04_2753_1788366509641.jpg
4404,NOT_READABLE,,,motorcycle,blue,southbound,CAM-04,,23.0146,72.5679,APPROXIMATE,2026-06-14 00:59:22,overlay,1.21,evidence/CAM-04_2754_1788366509699.jpg
4405,NOT_READABLE,,,truck,purple,eastbound,CAM-04,,23.0146,72.5679,APPROXIMATE,2026-06-14 00:59:22,overlay,0.88,evidence/CAM-04_2755_1788366509836.jpg
4406,NOT_READABLE,,,bicycle,cyan,westbound,CAM-04,,23.0146,72.5679,APPROXIMATE,2026-06-14 00:59:22,overlay,0.82,evidence/CAM-04_2756_1788366510024.jpg
4407,NOT_READABLE,,,motorcycle,blue,westbound,CAM-04,,23.0146,72.5679,APPROXIMATE,2026-06-14 00:59:22,overlay,0.90,evidence/CAM-04_2757_1788366510064.jpg
4409,NOT_READABLE,,,bicycle,cyan,eastbound,CAM-04,,23.0146,72.5679,APPROXIMATE,2026-06-14 00:59:22,overlay,0.95,evidence/CAM-04_2759_1788366510097.jpg
4410,NOT_READABLE,,,bus,orange,southbound,CAM-04,,23.0146,72.5679,APPROXIMATE,2026-06-14 00:59:22,overlay,0.94,evidence/CAM-04_2761_1788366510128.jpg
4411,NOT_READABLE,,,truck,blue,eastbound,CAM-04,,23.0146,72.5679,APPROXIMATE,2026-06-14 00:59:22,overlay,0.63,evidence/CAM-04_2762_1788366510158.jpg
4412,NOT_READABLE,,,motorcycle,blue,westbound,CAM-04,,23.0146,72.5679,APPROXIMATE,2026-06-14 00:59:22,overlay,0.48,evidence/CAM-04_2765_1788366510177.jpg
4413,NOT_READABLE,,,bus,yellow,eastbound,CAM-04,,23.0146,72.5679,APPROXIMATE,2026-06-14 00:59:22,overlay,0.87,evidence/CAM-04_2766_1788366510203.jpg
4414,NOT_READABLE,,,motorcycle,blue,westbound,CAM-04,,23.0146,72.5679,APPROXIMATE,2026-06-14 00:59:22,overlay,0.90,evidence/CAM-04_2767_1788366510231.jpg
4415,NOT_READABLE,,,car,orange,southbound,CAM-04,,23.0146,72.5679,APPROXIMATE,2026-06-14 00:59:22,overlay,0.96,evidence/CAM-04_2769_1788366510251.jpg
4416,NOT_READABLE,,,bicycle,purple,eastbound,CAM-04,,23.0146,72.5679,APPROXIMATE,2026-06-14 00:59:22,overlay,0.96,evidence/CAM-04_2770_1788366510270.jpg
4417,NOT_READABLE,,,car,blue,southbound,CAM-04,,23.0146,72.5679,APPROXIMATE,2026-06-14 00:59:22,overlay,0.91,evidence/CAM-04_2771_1788366510309.jpg
4418,NOT_READABLE,,,bus,purple,eastbound,CAM-04,,23.0146,72.5679,APPROXIMATE,2026-06-14 00:59:22,overlay,1.34,evidence/CAM-04_2772_1788366510333.jpg
4419,NOT_READABLE,,,motorcycle,blue,westbound,CAM-04,,23.0146,72.5679,APPROXIMATE,2026-06-14 00:59:22,overlay,0.78,evidence/CAM-04_2773_1788366510356.jpg
4420,NOT_READABLE,,,bicycle,blue,westbound,CAM-04,,23.0146,72.5679,APPROXIMATE,2026-06-14 00:59:22,overlay,0.90,evidence/CAM-04_2774_1788366510380.jpg
4421,NOT_READABLE,,,motorcycle,grey,eastbound,CAM-04,,23.0146,72.5679,APPROXIMATE,2026-06-14 00:59:22,overlay,0.77,evidence/CAM-04_2776_1788366510524.jpg
4422,NOT_READABLE,,,motorcycle,blue,southbound,CAM-04,,23.0146,72.5679,APPROXIMATE,2026-06-14 00:59:22,overlay,0.88,evidence/CAM-04_2777_1788366510567.jpg
4423,NOT_READABLE,,,car,blue,eastbound,CAM-04,,23.0146,72.5679,APPROXIMATE,2026-06-14 00:59:22,overlay,0.49,evidence/CAM-04_2779_1788366510618.jpg
4424,NOT_READABLE,,,bus,white,southbound,CAM-04,,23.0146,72.5679,APPROXIMATE,2026-06-14 00:59:22,overlay,0.84,evidence/CAM-04_2781_1788366510645.jpg
4425,NOT_READABLE,,,bicycle,blue,northbound,CAM-04,,23.0146,72.5679,APPROXIMATE,2026-06-14 00:59:22,overlay,0.74,evidence/CAM-04_2782_1788366510669.jpg
4426,NOT_READABLE,,,bus,grey,eastbound,CAM-04,,23.0146,72.5679,APPROXIMATE,2026-06-14 00:59:22,overlay,0.81,evidence/CAM-04_2783_1788366510695.jpg
4427,NOT_READABLE,,,bus,blue,northbound,CAM-04,,23.0146,72.5679,APPROXIMATE,2026-06-14 00:59:22,overlay,0.49,evidence/CAM-04_2784_1788366510731.jpg
4428,NOT_READABLE,,,motorcycle,orange,westbound,CAM-04,,23.0146,72.5679,APPROXIMATE,2026-06-14 00:59:22,overlay,0.89,evidence/CAM-04_2785_1788366510766.jpg
4429,NOT_READABLE,,,bus,blue,eastbound,CAM-04,,23.0146,72.5679,APPROXIMATE,2026-06-14 00:59:22,overlay,0.86,evidence/CAM-04_2786_1788366510794.jpg
4430,NOT_READABLE,,,bus,cyan,northbound,CAM-04,,23.0146,72.5679,APPROXIMATE,2026-06-14 00:59:22,overlay,0.60,evidence/CAM-04_2788_1788366510820.jpg
4431,NOT_READABLE,,,truck,purple,westbound,CAM-04,,23.0146,72.5679,APPROXIMATE,2026-06-14 00:59:22,overlay,0.48,evidence/CAM-04_2789_1788366510840.jpg
4432,NOT_READABLE,,,car,purple,westbound,CAM-04,,23.0146,72.5679,APPROXIMATE,2026-06-14 00:59:22,overlay,0.83,evidence/CAM-04_2790_1788366510881.jpg
4433,NOT_READABLE,,,motorcycle,purple,southbound,CAM-04,,23.0146,72.5679,APPROXIMATE,2026-06-14 00:59:22,overlay,4.38,evidence/CAM-04_2792_1788366510907.jpg
4434,NOT_READABLE,,,motorcycle,orange,southbound,CAM-04,,23.0146,72.5679,APPROXIMATE,2026-06-14 00:59:22,overlay,0.69,evidence/CAM-04_2793_1788366511020.jpg
4435,NOT_READABLE,,,truck,purple,northbound,CAM-04,,23.0146,72.5679,APPROXIMATE,2026-06-14 00:59:22,overlay,0.73,evidence/CAM-04_2795_1788366511045.jpg
4436,NOT_READABLE,,,truck,blue,eastbound,CAM-04,,23.0146,72.5679,APPROXIMATE,2026-06-14 00:59:22,overlay,0.90,evidence/CAM-04_2797_1788366511160.jpg
4437,NOT_READABLE,,,bicycle,blue,southbound,CAM-04,,23.0146,72.5679,APPROXIMATE,2026-06-14 00:59:22,overlay,0.89,evidence/CAM-04_2799_1788366511184.jpg
4438,NOT_READABLE,,,car,blue,eastbound,CAM-04,,23.0146,72.5679,APPROXIMATE,2026-06-14 00:59:22,overlay,0.48,evidence/CAM-04_2801_1788366511222.jpg
4439,NOT_READABLE,,,bus,blue,southbound,CAM-04,,23.0146,72.5679,APPROXIMATE,2026-06-14 00:59:22,overlay,0.69,evidence/CAM-04_2802_1788366511258.jpg
4440,NOT_READABLE,,,bicycle,orange,westbound,CAM-04,,23.0146,72.5679,APPROXIMATE,2026-06-14 00:59:22,overlay,1.46,evidence/CAM-04_2803_1788366511287.jpg
4441,NOT_READABLE,,,motorcycle,purple,westbound,CAM-04,,23.0146,72.5679,APPROXIMATE,2026-06-14 00:59:22,overlay,0.87,evidence/CAM-04_2804_1788366511312.jpg
4442,NOT_READABLE,,,bicycle,purple,westbound,CAM-04,,23.0146,72.5679,APPROXIMATE,2026-06-14 00:59:22,overlay,0.81,evidence/CAM-04_2805_1788366511340.jpg
4443,NOT_READABLE,,,motorcycle,purple,northbound,CAM-04,,23.0146,72.5679,APPROXIMATE,2026-06-14 00:59:22,overlay,0.93,evidence/CAM-04_2807_1788366511370.jpg
4444,NOT_READABLE,,,bus,blue,westbound,CAM-04,,23.0146,72.5679,APPROXIMATE,2026-06-14 00:59:22,overlay,0.96,evidence/CAM-04_2808_1788366511391.jpg
4445,NOT_READABLE,,,bicycle,purple,westbound,CAM-04,,23.0146,72.5679,APPROXIMATE,2026-06-14 00:59:22,overlay,0.83,evidence/CAM-04_2810_1788366511443.jpg
4446,NOT_READABLE,,,car,white,eastbound,CAM-04,,23.0146,72.5679,APPROXIMATE,2026-06-14 00:59:22,overlay,0.95,evidence/CAM-04_2811_1788366511487.jpg
4447,NOT_READABLE,,,car,blue,westbound,CAM-04,,23.0146,72.5679,APPROXIMATE,2026-06-14 00:59:22,overlay,0.91,evidence/CAM-04_2813_1788366511510.jpg
4448,NOT_READABLE,,,truck,blue,southbound,CAM-04,,23.0146,72.5679,APPROXIMATE,2026-06-14 00:59:22,overlay,0.95,evidence/CAM-04_2817_1788366511536.jpg
4449,NOT_READABLE,,,car,orange,westbound,CAM-04,,23.0146,72.5679,APPROXIMATE,2026-06-14 00:59:22,overlay,0.46,evidence/CAM-04_2818_1788366511565.jpg
4450,NOT_READABLE,,,bus,red,southbound,CAM-04,,23.0146,72.5679,APPROXIMATE,2026-06-14 00:59:22,overlay,0.74,evidence/CAM-04_2819_1788366511586.jpg
4451,NOT_READABLE,,,bus,purple,southbound,CAM-04,,23.0146,72.5679,APPROXIMATE,2026-06-14 00:59:22,overlay,0.69,evidence/CAM-04_2821_1788366511618.jpg
4452,NOT_READABLE,,,bicycle,grey,northbound,CAM-04,,23.0146,72.5679,APPROXIMATE,2026-06-14 00:59:22,overlay,0.91,evidence/CAM-04_2824_1788366511644.jpg
4453,NOT_READABLE,,,bicycle,grey,southbound,CAM-04,,23.0146,72.5679,APPROXIMATE,2026-06-14 00:59:22,overlay,0.79,evidence/CAM-04_2825_1788366511662.jpg
4454,NOT_READABLE,,,bus,blue,eastbound,CAM-04,,23.0146,72.5679,APPROXIMATE,2026-06-14 00:59:22,overlay,0.72,evidence/CAM-04_2826_1788366511717.jpg
4455,NOT_READABLE,,,motorcycle,orange,westbound,CAM-04,,23.0146,72.5679,APPROXIMATE,2026-06-14 00:59:22,overlay,0.71,evidence/CAM-04_2827_1788366511825.jpg
4456,NOT_READABLE,,,bus,blue,eastbound,CAM-04,,23.0146,72.5679,APPROXIMATE,2026-06-14 00:59:22,overlay,0.49,evidence/CAM-04_2828_1788366511844.jpg
4457,NOT_READABLE,,,motorcycle,white,southbound,CAM-04,,23.0146,72.5679,APPROXIMATE,2026-06-14 00:59:22,overlay,0.81,evidence/CAM-04_2832_1788366511875.jpg
4458,NOT_READABLE,,,car,blue,southbound,CAM-04,,23.0146,72.5679,APPROXIMATE,2026-06-14 00:59:22,overlay,0.97,evidence/CAM-04_2834_1788366511906.jpg
4459,NOT_READABLE,,,bicycle,blue,eastbound,CAM-04,,23.0146,72.5679,APPROXIMATE,2026-06-14 00:59:22,overlay,0.53,evidence/CAM-04_2835_1788366511933.jpg
4460,NOT_READABLE,,,bicycle,cyan,southbound,CAM-04,,23.0146,72.5679,APPROXIMATE,2026-06-14 00:59:22,overlay,0.77,evidence/CAM-04_2836_1788366511960.jpg
4461,NOT_READABLE,,,truck,red,westbound,CAM-04,,23.0146,72.5679,APPROXIMATE,2026-06-14 00:59:22,overlay,0.84,evidence/CAM-04_2837_1788366511982.jpg
4462,NOT_READABLE,,,car,orange,eastbound,CAM-04,,23.0146,72.5679,APPROXIMATE,2026-06-14 00:59:22,overlay,0.78,evidence/CAM-04_2838_1788366512001.jpg
4463,NOT_READABLE,,,bus,blue,southbound,CAM-04,,23.0146,72.5679,APPROXIMATE,2026-06-14 00:59:22,overlay,0.50,evidence/CAM-04_2841_1788366512103.jpg
4464,NOT_READABLE,,,motorcycle,blue,eastbound,CAM-04,,23.0146,72.5679,APPROXIMATE,2026-06-14 00:59:22,overlay,0.75,evidence/CAM-04_2842_1788366512133.jpg
4465,NOT_READABLE,,,motorcycle,orange,westbound,CAM-04,,23.0146,72.5679,APPROXIMATE,2026-06-14 00:59:22,overlay,0.77,evidence/CAM-04_2844_1788366512310.jpg
4466,NOT_READABLE,,,truck,blue,southbound,CAM-04,,23.0146,72.5679,APPROXIMATE,2026-06-14 00:59:22,overlay,0.61,evidence/CAM-04_2847_1788366512403.jpg
4467,NOT_READABLE,,,motorcycle,grey,southbound,CAM-04,,23.0146,72.5679,APPROXIMATE,2026-06-14 00:59:22,overlay,0.44,evidence/CAM-04_2848_1788366512576.jpg
4468,NOT_READABLE,,,motorcycle,grey,northbound,CAM-04,,23.0146,72.5679,APPROXIMATE,2026-06-14 00:59:22,overlay,0.49,evidence/CAM-04_2851_1788366512695.jpg
4469,NOT_READABLE,,,car,yellow,westbound,CAM-04,,23.0146,72.5679,APPROXIMATE,2026-06-14 00:59:22,overlay,0.96,evidence/CAM-04_2852_1788366512725.jpg
4470,NOT_READABLE,,,truck,grey,eastbound,CAM-04,,23.0146,72.5679,APPROXIMATE,2026-06-14 00:59:22,overlay,0.53,evidence/CAM-04_2853_1788366512844.jpg
4471,NOT_READABLE,,,truck,blue,southbound,CAM-04,,23.0146,72.5679,APPROXIMATE,2026-06-14 00:59:22,overlay,0.45,evidence/CAM-04_2855_1788366512954.jpg
4472,NOT_READABLE,,,bicycle,red,eastbound,CAM-04,,23.0146,72.5679,APPROXIMATE,2026-06-14 00:59:22,overlay,0.68,evidence/CAM-04_2856_1788366512981.jpg
4473,NOT_READABLE,,,car,red,southbound,CAM-04,,23.0146,72.5679,APPROXIMATE,2026-06-14 00:59:22,overlay,0.47,evidence/CAM-04_2857_1788366513081.jpg
4474,NOT_READABLE,,,bicycle,purple,eastbound,CAM-04,,23.0146,72.5679,APPROXIMATE,2026-06-14 00:59:22,overlay,0.56,evidence/CAM-04_2859_1788366513108.jpg
4475,NOT_READABLE,,,bus,blue,westbound,CAM-04,,23.0146,72.5679,APPROXIMATE,2026-06-14 00:59:22,overlay,0.84,evidence/CAM-04_2860_1788366513137.jpg
4476,NOT_READABLE,,,bus,purple,westbound,CAM-04,,23.0146,72.5679,APPROXIMATE,2026-06-14 00:59:22,overlay,0.50,evidence/CAM-04_2861_1788366513337.jpg
4477,NOT_READABLE,,,truck,white,westbound,CAM-04,,23.0146,72.5679,APPROXIMATE,2026-06-14 00:59:22,overlay,0.84,evidence/CAM-04_2862_1788366513365.jpg
4478,NOT_READABLE,,,motorcycle,red,southbound,CAM-04,,23.0146,72.5679,APPROXIMATE,2026-06-14 00:59:22,overlay,0.50,evidence/CAM-04_2863_1788366513422.jpg
4479,NOT_READABLE,,,truck,grey,eastbound,CAM-04,,23.0146,72.5679,APPROXIMATE,2026-06-14 00:59:22,overlay,0.63,evidence/CAM-04_2865_1788366513448.jpg
4480,NOT_READABLE,,,car,red,eastbound,CAM-04,,23.0146,72.5679,APPROXIMATE,2026-06-14 00:59:22,overlay,0.44,evidence/CAM-04_2866_1788366513565.jpg
4481,NOT_READABLE,,,motorcycle,grey,westbound,CAM-04,,23.0146,72.5679,APPROXIMATE,2026-06-14 00:59:22,overlay,0.76,evidence/CAM-04_2869_1788366513736.jpg
4482,NOT_READABLE,,,bicycle,grey,northbound,CAM-04,,23.0146,72.5679,APPROXIMATE,2026-06-14 00:59:22,overlay,0.87,evidence/CAM-04_2871_1788366513817.jpg
4483,NOT_READABLE,,,bicycle,grey,westbound,CAM-04,,23.0146,72.5679,APPROXIMATE,2026-06-14 00:59:22,overlay,0.47,evidence/CAM-04_2872_1788366513973.jpg
4484,NOT_READABLE,,,bus,purple,eastbound,CAM-04,,23.0146,72.5679,APPROXIMATE,2026-06-14 00:59:22,overlay,0.98,evidence/CAM-04_2873_1788366514032.jpg
4485,NOT_READABLE,,,truck,grey,westbound,CAM-04,,23.0146,72.5679,APPROXIMATE,2026-06-14 00:59:22,overlay,0.68,evidence/CAM-04_2874_1788366514073.jpg
4486,NOT_READABLE,,,motorcycle,grey,westbound,CAM-04,,23.0146,72.5679,APPROXIMATE,2026-06-14 00:59:22,overlay,1.00,evidence/CAM-04_2875_1788366514102.jpg
4487,NOT_READABLE,,,truck,grey,westbound,CAM-04,,23.0146,72.5679,APPROXIMATE,2026-06-14 00:59:22,overlay,0.98,evidence/CAM-04_2876_1788366514279.jpg
4488,NOT_READABLE,,,motorcycle,red,stationary,CAM-04,,23.0146,72.5679,APPROXIMATE,2026-06-14 00:59:22,overlay,0.96,evidence/CAM-04_2879_1788366514439.jpg
4489,NOT_READABLE,,,bus,orange,westbound,CAM-04,,23.0146,72.5679,APPROXIMATE,2026-06-14 00:59:22,overlay,0.41,evidence/CAM-04_2882_1788366514543.jpg
4490,NOT_READABLE,,,bus,red,westbound,CAM-04,,23.0146,72.5679,APPROXIMATE,2026-06-14 00:59:22,overlay,0.81,evidence/CAM-04_2883_1788366514570.jpg
4491,NOT_READABLE,,,truck,grey,northbound,CAM-04,,23.0146,72.5679,APPROXIMATE,2026-06-14 00:59:22,overlay,0.83,evidence/CAM-04_2886_1788366514669.jpg
4492,NOT_READABLE,,,car,purple,eastbound,CAM-04,,23.0146,72.5679,APPROXIMATE,2026-06-14 00:59:22,overlay,0.91,evidence/CAM-04_2889_1788366514781.jpg
4493,NOT_READABLE,,,bicycle,blue,westbound,CAM-04,,23.0146,72.5679,APPROXIMATE,2026-06-14 00:59:22,overlay,0.56,evidence/CAM-04_2890_1788366514810.jpg
4494,NOT_READABLE,,,truck,white,westbound,CAM-04,,23.0146,72.5679,APPROXIMATE,2026-06-14 00:59:22,overlay,0.87,evidence/CAM-04_2895_1788366514918.jpg
4495,NOT_READABLE,,,bus,grey,eastbound,CAM-04,,23.0146,72.5679,APPROXIMATE,2026-06-14 00:59:22,overlay,0.48,evidence/CAM-04_2902_1788366514949.jpg
4496,NOT_READABLE,,,bicycle,red,stationary,CAM-04,,23.0146,72.5679,APPROXIMATE,2026-06-14 00:59:22,overlay,0.49,evidence/CAM-04_2904_1788366514967.jpg
4497,NOT_READABLE,,,bicycle,grey,westbound,CAM-04,,23.0146,72.5679,APPROXIMATE,2026-06-14 00:59:22,overlay,0.56,evidence/CAM-04_2906_1788366515000.jpg
4498,NOT_READABLE,,,motorcycle,red,southbound,CAM-04,,23.0146,72.5679,APPROXIMATE,2026-06-14 00:59:22,overlay,0.65,evidence/CAM-04_2912_1788366515050.jpg
4499,NOT_READABLE,,,car,grey,eastbound,CAM-04,,23.0146,72.5679,APPROXIMATE,2026-06-14 00:59:22,overlay,0.57,evidence/CAM-04_2917_1788366515210.jpg
4500,NOT_READABLE,,,bus,black,northbound,CAM-04,,23.0146,72.5679,APPROXIMATE,2026-06-14 00:59:22,overlay,0.45,evidence/CAM-04_2926_1788366515256.jpg
4501,NOT_READABLE,,,motorcycle,blue,southbound,CAM-04,,23.0146,72.5679,APPROXIMATE,2026-06-14 00:59:22,overlay,0.46,evidence/CAM-04_2932_1788366515282.jpg
4502,NOT_READABLE,,,bus,purple,northbound,CAM-04,,23.0146,72.5679,APPROXIMATE,2026-06-14 00:59:22,overlay,0.44,evidence/CAM-04_2934_1788366515456.jpg
4503,NOT_READABLE,,,bus,grey,eastbound,CAM-04,,23.0146,72.5679,APPROXIMATE,2026-06-14 00:59:22,overlay,0.42,evidence/CAM-04_2938_1788366515632.jpg
4504,NOT_READABLE,,,bicycle,,southbound,CAM-04,,23.0146,72.5679,APPROXIMATE,2026-06-14 00:59:22,overlay,4.53,evidence/CAM-04_2962_1788366515677.jpg
4505,NOT_READABLE,,,bicycle,blue,stationary,CAM-04,,23.0146,72.5679,APPROXIMATE,2026-06-14 00:59:22,overlay,3.99,evidence/CAM-04_2722_1788366516028.jpg
4506,NOT_READABLE,,,truck,blue,stationary,CAM-04,,23.0146,72.5679,APPROXIMATE,2026-06-14 00:59:22,overlay,2.56,evidence/CAM-04_2723_1788366516101.jpg
4507,NOT_READABLE,,,bus,blue,westbound,CAM-04,,23.0146,72.5679,APPROXIMATE,2026-06-14 00:59:22,overlay,1.00,evidence/CAM-04_2724_1788366516231.jpg
4508,NOT_READABLE,,,motorcycle,blue,eastbound,CAM-04,,23.0146,72.5679,APPROXIMATE,2026-06-14 00:59:22,overlay,5.01,evidence/CAM-04_2726_1788366516256.jpg
4509,NOT_READABLE,,,motorcycle,blue,northbound,CAM-04,,23.0146,72.5679,APPROXIMATE,2026-06-14 00:59:22,overlay,2.26,evidence/CAM-04_2727_1788366516353.jpg
4510,NOT_READABLE,,,truck,blue,eastbound,CAM-04,,23.0146,72.5679,APPROXIMATE,2026-06-14 00:59:22,overlay,9.65,evidence/CAM-04_2728_1788366516377.jpg
4511,NOT_READABLE,,,motorcycle,blue,westbound,CAM-04,,23.0146,72.5679,APPROXIMATE,2026-06-14 00:59:22,overlay,4.52,evidence/CAM-04_2732_1788366516483.jpg
4512,NOT_READABLE,,,bicycle,blue,northbound,CAM-04,,23.0146,72.5679,APPROXIMATE,2026-06-14 00:59:22,overlay,0.93,evidence/CAM-04_2738_1788366516616.jpg
4513,NOT_READABLE,,,truck,blue,southbound,CAM-04,,23.0146,72.5679,APPROXIMATE,2026-06-14 00:59:22,overlay,0.95,evidence/CAM-04_2739_1788366516793.jpg
4514,NOT_READABLE,,,bus,blue,westbound,CAM-04,,23.0146,72.5679,APPROXIMATE,2026-06-14 00:59:22,overlay,3.63,evidence/CAM-04_2747_1788366517069.jpg
4515,NOT_READABLE,,,motorcycle,purple,stationary,CAM-04,,23.0146,72.5679,APPROXIMATE,2026-06-14 00:59:22,overlay,10.80,evidence/CAM-04_2748_1788366517129.jpg
4516,NOT_READABLE,,,car,blue,westbound,CAM-04,,23.0146,72.5679,APPROXIMATE,2026-06-14 00:59:22,overlay,1.00,evidence/CAM-04_2750_1788366517296.jpg
4517,NOT_READABLE,,,truck,blue,eastbound,CAM-04,,23.0146,72.5679,APPROXIMATE,2026-06-14 00:59:22,overlay,0.71,evidence/CAM-04_2752_1788366517467.jpg
4518,NOT_READABLE,,,bus,blue,eastbound,CAM-04,,23.0146,72.5679,APPROXIMATE,2026-06-14 00:59:22,overlay,0.96,evidence/CAM-04_2758_1788366517493.jpg
4519,NOT_READABLE,,,bus,blue,northbound,CAM-04,,23.0146,72.5679,APPROXIMATE,2026-06-14 00:59:22,overlay,1.70,evidence/CAM-04_2760_1788366517683.jpg
4520,NOT_READABLE,,,motorcycle,orange,northbound,CAM-04,,23.0146,72.5679,APPROXIMATE,2026-06-14 00:59:22,overlay,3.96,evidence/CAM-04_2763_1788366517709.jpg
4521,NOT_READABLE,,,car,blue,southbound,CAM-04,,23.0146,72.5679,APPROXIMATE,2026-06-14 00:59:22,overlay,0.96,evidence/CAM-04_2764_1788366517735.jpg
4522,NOT_READABLE,,,bicycle,grey,southbound,CAM-04,,23.0146,72.5679,APPROXIMATE,2026-06-14 00:59:22,overlay,0.88,evidence/CAM-04_2768_1788366517909.jpg
4523,NOT_READABLE,,,car,red,westbound,CAM-04,,23.0146,72.5679,APPROXIMATE,2026-06-14 00:59:22,overlay,0.91,evidence/CAM-04_2775_1788366518026.jpg
4524,NOT_READABLE,,,car,purple,northbound,CAM-04,,23.0146,72.5679,APPROXIMATE,2026-06-14 00:59:22,overlay,0.96,evidence/CAM-04_2780_1788366518154.jpg
4526,NOT_READABLE,,,motorcycle,orange,southbound,CAM-04,,23.0146,72.5679,APPROXIMATE,2026-06-14 00:59:22,overlay,3.66,evidence/CAM-04_2791_1788366518398.jpg
4528,NOT_READABLE,,,motorcycle,orange,southbound,CAM-04,,23.0146,72.5679,APPROXIMATE,2026-06-14 00:59:22,overlay,0.94,evidence/CAM-04_2796_1788366518535.jpg
4529,NOT_READABLE,,,motorcycle,blue,westbound,CAM-04,,23.0146,72.5679,APPROXIMATE,2026-06-14 00:59:22,overlay,0.78,evidence/CAM-04_2809_1788366518601.jpg
4530,NOT_READABLE,,,truck,blue,westbound,CAM-04,,23.0146,72.5679,APPROXIMATE,2026-06-14 00:59:22,overlay,0.49,evidence/CAM-04_2831_1788366518729.jpg
4531,NOT_READABLE,,,bus,blue,stationary,CAM-04,,23.0146,72.5679,APPROXIMATE,2026-06-14 00:59:22,overlay,0.77,evidence/CAM-04_2846_1788366518766.jpg
4532,NOT_READABLE,,,bus,blue,stationary,CAM-04,,23.0146,72.5679,APPROXIMATE,2026-06-14 00:59:22,overlay,0.49,evidence/CAM-04_2854_1788366518955.jpg
4533,NOT_READABLE,,,bicycle,blue,eastbound,CAM-04,,23.0146,72.5679,APPROXIMATE,2026-06-14 00:59:22,overlay,0.57,evidence/CAM-04_2858_1788366519132.jpg
4534,NOT_READABLE,,,bicycle,white,eastbound,CAM-04,,23.0146,72.5679,APPROXIMATE,2026-06-14 00:59:22,overlay,0.69,evidence/CAM-04_2864_1788366519160.jpg
4535,NOT_READABLE,,,bicycle,green,eastbound,CAM-04,,23.0146,72.5679,APPROXIMATE,2026-06-14 00:59:22,overlay,0.48,evidence/CAM-04_2878_1788366519184.jpg
4536,NOT_READABLE,,,bicycle,blue,eastbound,CAM-04,,23.0146,72.5679,APPROXIMATE,2026-06-14 00:59:22,overlay,0.89,evidence/CAM-04_2893_1788366519224.jpg
4537,NOT_READABLE,,,bus,cyan,eastbound,CAM-04,,23.0146,72.5679,APPROXIMATE,2026-06-14 00:59:22,overlay,0.85,evidence/CAM-04_2899_1788366519250.jpg
4538,NOT_READABLE,,,car,orange,eastbound,CAM-04,,23.0146,72.5679,APPROXIMATE,2026-06-14 00:59:22,overlay,0.43,evidence/CAM-04_2920_1788366519280.jpg
4539,NOT_READABLE,,,motorcycle,,stationary,CAM-04,,23.0146,72.5679,APPROXIMATE,2026-06-14 00:59:22,overlay,9.17,evidence/CAM-04_2958_1788366519322.jpg
4540,NOT_READABLE,,,truck,,stationary,CAM-04,,23.0146,72.5679,APPROXIMATE,2026-06-14 00:59:22,overlay,4.78,evidence/CAM-04_2959_1788366519415.jpg
4541,NOT_READABLE,,,bicycle,,westbound,CAM-04,,23.0146,72.5679,APPROXIMATE,2026-06-14 00:59:22,overlay,6.48,evidence/CAM-04_2963_1788366519443.jpg
4542,NOT_READABLE,,,car,blue,southbound,CAM-04,,23.0146,72.5679,APPROXIMATE,2026-06-14 00:59:22,overlay,0.99,evidence/CAM-04_2967_1788366519470.jpg
4543,NOT_READABLE,,,bus,cyan,northbound,CAM-04,,23.0146,72.5679,APPROXIMATE,2026-06-14 00:59:22,overlay,0.92,evidence/CAM-04_2968_1788366519500.jpg
4544,NOT_READABLE,,,bicycle,blue,westbound,CAM-04,,23.0146,72.5679,APPROXIMATE,2026-06-14 00:59:22,overlay,0.48,evidence/CAM-04_2974_1788366519536.jpg
4545,NOT_READABLE,,,car,grey,northbound,CAM-04,,23.0146,72.5679,APPROXIMATE,2026-06-14 00:59:22,overlay,0.99,evidence/CAM-04_2985_1788366519585.jpg
4546,NOT_READABLE,,,car,purple,southbound,CAM-04,,23.0146,72.5679,APPROXIMATE,2026-06-14 00:59:22,overlay,0.99,evidence/CAM-04_2993_1788366519645.jpg
4547,NOT_READABLE,,,truck,blue,southbound,CAM-04,,23.0146,72.5679,APPROXIMATE,2026-06-14 00:59:22,overlay,0.90,evidence/CAM-04_2997_1788366519684.jpg
4548,NOT_READABLE,,,car,orange,eastbound,CAM-04,,23.0146,72.5679,APPROXIMATE,2026-06-14 00:59:22,overlay,0.88,evidence/CAM-04_2998_1788366519738.jpg
4549,NOT_READABLE,,,bicycle,blue,westbound,CAM-04,,23.0146,72.5679,APPROXIMATE,2026-06-14 00:59:22,overlay,0.67,evidence/CAM-04_3001_1788366519913.jpg
4550,NOT_READABLE,,,truck,purple,northbound,CAM-04,,23.0146,72.5679,APPROXIMATE,2026-06-14 00:59:22,overlay,0.48,evidence/CAM-04_3005_1788366519951.jpg
4551,NOT_READABLE,,,motorcycle,grey,southbound,CAM-04,,23.0146,72.5679,APPROXIMATE,2026-06-14 00:59:22,overlay,0.83,evidence/CAM-04_3006_1788366519983.jpg
4552,NOT_READABLE,,,bicycle,purple,eastbound,CAM-04,,23.0146,72.5679,APPROXIMATE,2026-06-14 00:59:22,overlay,0.45,evidence/CAM-04_3013_1788366520013.jpg
4553,NOT_READABLE,,,bicycle,blue,stationary,CAM-04,,23.0146,72.5679,APPROXIMATE,2026-06-14 00:59:22,overlay,0.91,evidence/CAM-04_3029_1788366520054.jpg
4554,NOT_READABLE,,,car,blue,northbound,CAM-04,,23.0146,72.5679,APPROXIMATE,2026-06-14 00:59:22,overlay,0.45,evidence/CAM-04_3043_1788366520081.jpg
4555,NOT_READABLE,,,car,,stationary,CAM-04,,23.0146,72.5679,APPROXIMATE,2026-06-14 00:59:22,overlay,8.48,evidence/CAM-04_3092_1788366520109.jpg
4556,NOT_READABLE,,,bus,,stationary,CAM-04,,23.0146,72.5679,APPROXIMATE,2026-06-14 00:59:22,overlay,2.67,evidence/CAM-04_3093_1788366520143.jpg
4557,NOT_READABLE,,,truck,,eastbound,CAM-04,,23.0146,72.5679,APPROXIMATE,2026-06-14 00:59:22,overlay,9.52,evidence/CAM-04_3098_1788366520165.jpg
3488,NOT_READABLE,,,bicycle,grey,southbound,CAM-05,Visat teen Rasta,23.1192572,72.5656704,GEOCODED,2026-06-14 00:59:23,overlay,2.37,evidence/CAM-05_6696_1788366450145.jpg
3489,NOT_READABLE,,,truck,grey,westbound,CAM-05,Visat teen Rasta,23.1192572,72.5656704,GEOCODED,2026-06-14 00:59:23,overlay,4.55,evidence/CAM-05_6699_1788366450161.jpg
4019,NOT_READABLE,,,car,purple,stationary,CAM-01,Chiman bhai Bridge,23.0064,72.5698,APPROXIMATE,2026-06-14 00:59:23,overlay,0.36,evidence/CAM-01_6148_1788366486134.jpg
3490,NOT_READABLE,,,car,grey,stationary,CAM-05,Visat teen Rasta,23.1192572,72.5656704,GEOCODED,2026-06-14 00:59:24,overlay,0.51,evidence/CAM-05_6732_1788366450935.jpg
4041,NOT_READABLE,,,car,yellow,westbound,CAM-01,Chiman bhai Bridge,23.0064,72.5698,APPROXIMATE,2026-06-14 00:59:25,overlay,0.50,evidence/CAM-01_5957_1788366486799.jpg
4092,NOT_READABLE,,,truck,orange,stationary,CAM-01,Chiman bhai Bridge,23.0064,72.5698,APPROXIMATE,2026-06-14 00:59:26,overlay,0.46,evidence/CAM-01_6154_1788366487387.jpg
4572,NOT_READABLE,,,car,blue,stationary,CAM-04,,23.0146,72.5679,APPROXIMATE,2026-06-14 00:59:26,overlay,0.44,evidence/CAM-04_3133_1788366524660.jpg
3493,NOT_READABLE,,,motorcycle,grey,westbound,CAM-05,Visat teen Rasta,23.1192572,72.5656704,GEOCODED,2026-06-14 00:59:28,overlay,3.41,evidence/CAM-05_6706_1788366452102.jpg
4328,NOT_READABLE,,,car,blue,northbound,CAM-01,Chiman bhai Bridge,23.0064,72.5698,APPROXIMATE,2026-06-14 00:59:35,overlay,0.73,evidence/CAM-01_5677_1788366497223.jpg
4329,NOT_READABLE,,,truck,blue,southbound,CAM-01,Chiman bhai Bridge,23.0064,72.5698,APPROXIMATE,2026-06-14 00:59:35,overlay,2.90,evidence/CAM-01_6175_1788366497780.jpg
4330,NOT_READABLE,,,bicycle,orange,northbound,CAM-01,Chiman bhai Bridge,23.0064,72.5698,APPROXIMATE,2026-06-14 00:59:35,overlay,8.60,evidence/CAM-01_6176_1788366497806.jpg
4331,NOT_READABLE,,,car,orange,westbound,CAM-01,Chiman bhai Bridge,23.0064,72.5698,APPROXIMATE,2026-06-14 00:59:35,overlay,1.25,evidence/CAM-01_6178_1788366497825.jpg
4332,NOT_READABLE,,,bicycle,grey,northbound,CAM-01,Chiman bhai Bridge,23.0064,72.5698,APPROXIMATE,2026-06-14 00:59:35,overlay,3.48,evidence/CAM-01_6179_1788366497847.jpg
4333,NOT_READABLE,,,truck,grey,stationary,CAM-01,Chiman bhai Bridge,23.0064,72.5698,APPROXIMATE,2026-06-14 00:59:35,overlay,0.82,evidence/CAM-01_6180_1788366497882.jpg
4334,NOT_READABLE,,,bicycle,grey,eastbound,CAM-01,Chiman bhai Bridge,23.0064,72.5698,APPROXIMATE,2026-06-14 00:59:35,overlay,1.00,evidence/CAM-01_6183_1788366497903.jpg
4335,NOT_READABLE,,,truck,grey,eastbound,CAM-01,Chiman bhai Bridge,23.0064,72.5698,APPROXIMATE,2026-06-14 00:59:35,overlay,1.07,evidence/CAM-01_6185_1788366497920.jpg
4336,NOT_READABLE,,,bus,blue,westbound,CAM-01,Chiman bhai Bridge,23.0064,72.5698,APPROXIMATE,2026-06-14 00:59:35,overlay,1.00,evidence/CAM-01_6186_1788366497936.jpg
4337,NOT_READABLE,,,truck,white,eastbound,CAM-01,Chiman bhai Bridge,23.0064,72.5698,APPROXIMATE,2026-06-14 00:59:35,overlay,0.96,evidence/CAM-01_6188_1788366497952.jpg
4338,NOT_READABLE,,,car,grey,eastbound,CAM-01,Chiman bhai Bridge,23.0064,72.5698,APPROXIMATE,2026-06-14 00:59:35,overlay,0.97,evidence/CAM-01_6189_1788366497967.jpg
4339,NOT_READABLE,,,truck,black,westbound,CAM-01,Chiman bhai Bridge,23.0064,72.5698,APPROXIMATE,2026-06-14 00:59:35,overlay,0.55,evidence/CAM-01_6191_1788366497982.jpg
4340,NOT_READABLE,,,motorcycle,blue,southbound,CAM-01,Chiman bhai Bridge,23.0064,72.5698,APPROXIMATE,2026-06-14 00:59:35,overlay,0.47,evidence/CAM-01_6193_1788366497997.jpg
4341,NOT_READABLE,,,bicycle,grey,eastbound,CAM-01,Chiman bhai Bridge,23.0064,72.5698,APPROXIMATE,2026-06-14 00:59:35,overlay,0.80,evidence/CAM-01_6195_1788366498011.jpg
4342,NOT_READABLE,,,bicycle,white,westbound,CAM-01,Chiman bhai Bridge,23.0064,72.5698,APPROXIMATE,2026-06-14 00:59:35,overlay,0.39,evidence/CAM-01_6196_1788366498068.jpg
4343,NOT_READABLE,,,car,grey,eastbound,CAM-01,Chiman bhai Bridge,23.0064,72.5698,APPROXIMATE,2026-06-14 00:59:35,overlay,0.48,evidence/CAM-01_6198_1788366498107.jpg
4344,NOT_READABLE,,,motorcycle,,westbound,CAM-01,Chiman bhai Bridge,23.0064,72.5698,APPROXIMATE,2026-06-14 00:59:36,overlay,7.34,evidence/CAM-01_6182_1788366499125.jpg
4345,NOT_READABLE,,,car,grey,eastbound,CAM-01,Chiman bhai Bridge,23.0064,72.5698,APPROXIMATE,2026-06-14 00:59:36,overlay,1.72,evidence/CAM-01_6187_1788366499243.jpg
4346,NOT_READABLE,,,truck,white,eastbound,CAM-01,Chiman bhai Bridge,23.0064,72.5698,APPROXIMATE,2026-06-14 00:59:36,overlay,0.74,evidence/CAM-01_6259_1788366499546.jpg
4347,NOT_READABLE,,,motorcycle,grey,northbound,CAM-01,Chiman bhai Bridge,23.0064,72.5698,APPROXIMATE,2026-06-14 00:59:36,overlay,0.53,evidence/CAM-01_6262_1788366499572.jpg
4348,NOT_READABLE,,,motorcycle,blue,westbound,CAM-01,Chiman bhai Bridge,23.0064,72.5698,APPROXIMATE,2026-06-14 00:59:36,overlay,5.00,evidence/CAM-01_6266_1788366499823.jpg
4349,NOT_READABLE,,,bus,yellow,northbound,CAM-01,Chiman bhai Bridge,23.0064,72.5698,APPROXIMATE,2026-06-14 00:59:36,overlay,0.79,evidence/CAM-01_6281_1788366499858.jpg
4350,NOT_READABLE,,,bus,grey,southbound,CAM-01,Chiman bhai Bridge,23.0064,72.5698,APPROXIMATE,2026-06-14 00:59:36,overlay,9.02,evidence/CAM-01_6291_1788366499890.jpg
4351,NOT_READABLE,,,bus,grey,eastbound,CAM-01,Chiman bhai Bridge,23.0064,72.5698,APPROXIMATE,2026-06-14 00:59:36,overlay,2.17,evidence/CAM-01_6304_1788366499918.jpg
4352,NOT_READABLE,,,car,white,southbound,CAM-01,Chiman bhai Bridge,23.0064,72.5698,APPROXIMATE,2026-06-14 00:59:36,overlay,0.43,evidence/CAM-01_6347_1788366499947.jpg
4353,NOT_READABLE,,,motorcycle,grey,southbound,CAM-01,Chiman bhai Bridge,23.0064,72.5698,APPROXIMATE,2026-06-14 00:59:36,overlay,4.93,evidence/CAM-01_6389_1788366499968.jpg
4801,NOT_READABLE,,,bus,grey,northbound,CAM-04,,23.0146,72.5679,APPROXIMATE,2026-06-14 00:59:36,overlay,8.07,evidence/CAM-04_3136_1788366538742.jpg
4804,NOT_READABLE,,,car,grey,westbound,CAM-04,,23.0146,72.5679,APPROXIMATE,2026-06-14 00:59:36,overlay,10.02,evidence/CAM-04_3137_1788366538765.jpg
4806,NOT_READABLE,,,motorcycle,grey,eastbound,CAM-04,,23.0146,72.5679,APPROXIMATE,2026-06-14 00:59:36,overlay,4.53,evidence/CAM-04_3138_1788366538799.jpg
4807,NOT_READABLE,,,bus,purple,northbound,CAM-04,,23.0146,72.5679,APPROXIMATE,2026-06-14 00:59:36,overlay,5.85,evidence/CAM-04_3139_1788366538824.jpg
4808,NOT_READABLE,,,car,purple,eastbound,CAM-04,,23.0146,72.5679,APPROXIMATE,2026-06-14 00:59:36,overlay,4.18,evidence/CAM-04_3140_1788366538840.jpg
4809,NOT_READABLE,,,bicycle,purple,westbound,CAM-04,,23.0146,72.5679,APPROXIMATE,2026-06-14 00:59:36,overlay,4.95,evidence/CAM-04_3141_1788366538865.jpg
4810,NOT_READABLE,,,motorcycle,blue,westbound,CAM-04,,23.0146,72.5679,APPROXIMATE,2026-06-14 00:59:36,overlay,3.70,evidence/CAM-04_3142_1788366538961.jpg
4811,NOT_READABLE,,,bus,blue,stationary,CAM-04,,23.0146,72.5679,APPROXIMATE,2026-06-14 00:59:36,overlay,12.02,evidence/CAM-04_3143_1788366538973.jpg
4812,NOT_READABLE,,,truck,blue,northbound,CAM-04,,23.0146,72.5679,APPROXIMATE,2026-06-14 00:59:36,overlay,80.31,evidence/CAM-04_3144_1788366539035.jpg
4813,NOT_READABLE,,,bicycle,,stationary,CAM-04,,23.0146,72.5679,APPROXIMATE,2026-06-14 00:59:36,overlay,10.30,evidence/CAM-04_3145_1788366539066.jpg
4814,NOT_READABLE,,,motorcycle,,stationary,CAM-04,,23.0146,72.5679,APPROXIMATE,2026-06-14 00:59:36,overlay,6.58,evidence/CAM-04_3147_1788366539102.jpg
4815,NOT_READABLE,,,motorcycle,,stationary,CAM-04,,23.0146,72.5679,APPROXIMATE,2026-06-14 00:59:36,overlay,9.32,evidence/CAM-04_3148_1788366539162.jpg
4816,NOT_READABLE,,,truck,,stationary,CAM-04,,23.0146,72.5679,APPROXIMATE,2026-06-14 00:59:36,overlay,15.09,evidence/CAM-04_3149_1788366539193.jpg
4817,NOT_READABLE,,,car,,northbound,CAM-04,,23.0146,72.5679,APPROXIMATE,2026-06-14 00:59:36,overlay,11.70,evidence/CAM-04_3152_1788366539217.jpg
4818,NOT_READABLE,,,truck,,eastbound,CAM-04,,23.0146,72.5679,APPROXIMATE,2026-06-14 00:59:36,overlay,5.03,evidence/CAM-04_3153_1788366539252.jpg
3496,NOT_READABLE,,,car,red,eastbound,CAM-05,Visat teen Rasta,23.1192572,72.5656704,GEOCODED,2026-06-14 00:59:42,overlay,0.89,evidence/CAM-05_6775_1788366455015.jpg
3497,NOT_READABLE,,,truck,grey,stationary,CAM-05,Visat teen Rasta,23.1192572,72.5656704,GEOCODED,2026-06-14 00:59:42,overlay,0.40,evidence/CAM-05_6776_1788366455029.jpg
4354,NOT_READABLE,,,bus,grey,westbound,CAM-01,Chiman bhai Bridge,23.0064,72.5698,APPROXIMATE,2026-06-14 00:59:42,overlay,3.93,evidence/CAM-01_6174_1788366500467.jpg
4355,NOT_READABLE,,,truck,orange,westbound,CAM-01,Chiman bhai Bridge,23.0064,72.5698,APPROXIMATE,2026-06-14 00:59:42,overlay,2.35,evidence/CAM-01_6177_1788366500680.jpg
4356,NOT_READABLE,,,motorcycle,grey,westbound,CAM-01,Chiman bhai Bridge,23.0064,72.5698,APPROXIMATE,2026-06-14 00:59:42,overlay,7.86,evidence/CAM-01_6184_1788366500696.jpg
4357,NOT_READABLE,,,bicycle,,westbound,CAM-01,Chiman bhai Bridge,23.0064,72.5698,APPROXIMATE,2026-06-14 00:59:42,overlay,7.57,evidence/CAM-01_6204_1788366500724.jpg
4358,NOT_READABLE,,,bus,,northbound,CAM-01,Chiman bhai Bridge,23.0064,72.5698,APPROXIMATE,2026-06-14 00:59:42,overlay,2.76,evidence/CAM-01_6209_1788366500745.jpg
4359,NOT_READABLE,,,motorcycle,yellow,northbound,CAM-01,Chiman bhai Bridge,23.0064,72.5698,APPROXIMATE,2026-06-14 00:59:42,overlay,2.95,evidence/CAM-01_6231_1788366500765.jpg
4360,NOT_READABLE,,,bus,blue,eastbound,CAM-01,Chiman bhai Bridge,23.0064,72.5698,APPROXIMATE,2026-06-14 00:59:42,overlay,80.91,evidence/CAM-01_6237_1788366500784.jpg
4361,NOT_READABLE,,,bus,grey,westbound,CAM-01,Chiman bhai Bridge,23.0064,72.5698,APPROXIMATE,2026-06-14 00:59:42,overlay,14.80,evidence/CAM-01_6256_1788366500921.jpg
4362,NOT_READABLE,,,car,blue,northbound,CAM-01,Chiman bhai Bridge,23.0064,72.5698,APPROXIMATE,2026-06-14 00:59:42,overlay,1.66,evidence/CAM-01_6285_1788366501081.jpg
4363,NOT_READABLE,,,car,blue,southbound,CAM-01,Chiman bhai Bridge,23.0064,72.5698,APPROXIMATE,2026-06-14 00:59:42,overlay,4.33,evidence/CAM-01_6301_1788366501104.jpg
4364,NOT_READABLE,,,bicycle,grey,northbound,CAM-01,Chiman bhai Bridge,23.0064,72.5698,APPROXIMATE,2026-06-14 00:59:42,overlay,7.97,evidence/CAM-01_6322_1788366501277.jpg
4365,NOT_READABLE,,,car,blue,westbound,CAM-01,Chiman bhai Bridge,23.0064,72.5698,APPROXIMATE,2026-06-14 00:59:42,overlay,2.87,evidence/CAM-01_6340_1788366501366.jpg
4366,NOT_READABLE,,,bus,purple,northbound,CAM-01,Chiman bhai Bridge,23.0064,72.5698,APPROXIMATE,2026-06-14 00:59:42,overlay,0.47,evidence/CAM-01_6352_1788366501550.jpg
4367,NOT_READABLE,,,car,grey,eastbound,CAM-01,Chiman bhai Bridge,23.0064,72.5698,APPROXIMATE,2026-06-14 00:59:42,overlay,0.97,evidence/CAM-01_6379_1788366501618.jpg
4368,NOT_READABLE,,,car,,eastbound,CAM-01,Chiman bhai Bridge,23.0064,72.5698,APPROXIMATE,2026-06-14 00:59:42,overlay,5.04,evidence/CAM-01_6416_1788366501761.jpg
4369,NOT_READABLE,,,car,grey,stationary,CAM-01,Chiman bhai Bridge,23.0064,72.5698,APPROXIMATE,2026-06-14 00:59:42,overlay,0.51,evidence/CAM-01_6426_1788366502217.jpg
3499,NOT_READABLE,,,car,grey,westbound,CAM-05,Visat teen Rasta,23.1192572,72.5656704,GEOCODED,2026-06-14 00:59:45,overlay,2.02,evidence/CAM-05_6779_1788366458022.jpg
3500,NOT_READABLE,,,motorcycle,grey,southbound,CAM-05,Visat teen Rasta,23.1192572,72.5656704,GEOCODED,2026-06-14 00:59:45,overlay,3.34,evidence/CAM-05_6780_1788366458051.jpg
3501,NOT_READABLE,,,bus,grey,westbound,CAM-05,Visat teen Rasta,23.1192572,72.5656704,GEOCODED,2026-06-14 00:59:45,overlay,2.74,evidence/CAM-05_6781_1788366458112.jpg
3502,NOT_READABLE,,,truck,grey,stationary,CAM-05,Visat teen Rasta,23.1192572,72.5656704,GEOCODED,2026-06-14 00:59:45,overlay,5.37,evidence/CAM-05_6782_1788366458208.jpg
3504,NOT_READABLE,,,truck,grey,westbound,CAM-05,Visat teen Rasta,23.1192572,72.5656704,GEOCODED,2026-06-14 00:59:45,overlay,4.66,evidence/CAM-05_6783_1788366458234.jpg
4399,NOT_READABLE,,,truck,yellow,stationary,CAM-01,Chiman bhai Bridge,23.0064,72.5698,APPROXIMATE,2026-06-14 00:59:45,overlay,0.50,evidence/CAM-01_6436_1788366509271.jpg
4403,NOT_READABLE,,,bus,red,northbound,CAM-01,Chiman bhai Bridge,23.0064,72.5698,APPROXIMATE,2026-06-14 00:59:46,overlay,5.19,evidence/CAM-01_6437_1788366509696.jpg
4558,NOT_READABLE,,,car,grey,eastbound,CAM-13,CN-VIDHYALAYA,23.0284,72.5541,APPROXIMATE,2026-06-14 00:59:52,overlay,0.51,evidence/CAM-13_5956_1788366520535.jpg
4559,NOT_READABLE,,,car,red,eastbound,CAM-13,CN-VIDHYALAYA,23.0284,72.5541,APPROXIMATE,2026-06-14 00:59:52,overlay,0.82,evidence/CAM-13_6043_1788366520637.jpg
3620,NOT_READABLE,,,bicycle,grey,southbound,CAM-05,Visat teen Rasta,23.1192572,72.5656704,GEOCODED,2026-06-14 00:59:55,overlay,1.35,evidence/CAM-05_6835_1788366468447.jpg
3621,NOT_READABLE,,,car,grey,eastbound,CAM-05,Visat teen Rasta,23.1192572,72.5656704,GEOCODED,2026-06-14 00:59:55,overlay,0.63,evidence/CAM-05_6962_1788366468501.jpg
3627,NOT_READABLE,,,bus,grey,westbound,CAM-05,Visat teen Rasta,23.1192572,72.5656704,GEOCODED,2026-06-14 00:59:55,overlay,65.78,evidence/CAM-05_6863_1788366468978.jpg
3629,NOT_READABLE,,,car,grey,northbound,CAM-05,Visat teen Rasta,23.1192572,72.5656704,GEOCODED,2026-06-14 00:59:55,overlay,0.69,evidence/CAM-05_6870_1788366469005.jpg
3631,NOT_READABLE,,,bus,green,northbound,CAM-05,Visat teen Rasta,23.1192572,72.5656704,GEOCODED,2026-06-14 00:59:55,overlay,1.44,evidence/CAM-05_6905_1788366469023.jpg
3633,NOT_READABLE,,,motorcycle,blue,stationary,CAM-05,Visat teen Rasta,23.1192572,72.5656704,GEOCODED,2026-06-14 00:59:55,overlay,2.69,evidence/CAM-05_6936_1788366469070.jpg
3634,NOT_READABLE,,,truck,grey,southbound,CAM-05,Visat teen Rasta,23.1192572,72.5656704,GEOCODED,2026-06-14 00:59:55,overlay,463.74,evidence/CAM-05_6939_1788366469094.jpg
3642,NOT_READABLE,,,car,grey,stationary,CAM-05,Visat teen Rasta,23.1192572,72.5656704,GEOCODED,2026-06-14 00:59:56,overlay,21.82,evidence/CAM-05_6816_1788366469392.jpg
3644,NOT_READABLE,,,motorcycle,grey,stationary,CAM-05,Visat teen Rasta,23.1192572,72.5656704,GEOCODED,2026-06-14 00:59:56,overlay,8.79,evidence/CAM-05_6817_1788366469413.jpg
3646,NOT_READABLE,,,truck,grey,westbound,CAM-05,Visat teen Rasta,23.1192572,72.5656704,GEOCODED,2026-06-14 00:59:56,overlay,1.27,evidence/CAM-05_6818_1788366469458.jpg
3647,NOT_READABLE,,,car,grey,northbound,CAM-05,Visat teen Rasta,23.1192572,72.5656704,GEOCODED,2026-06-14 00:59:56,overlay,2.95,evidence/CAM-05_6833_1788366469552.jpg
4633,NOT_READABLE,,,car,grey,northbound,CAM-13,CN-VIDHYALAYA,23.0284,72.5541,APPROXIMATE,2026-06-14 00:59:57,overlay,1.16,evidence/CAM-13_5967_1788366526429.jpg
4635,NOT_READABLE,,,motorcycle,black,westbound,CAM-13,CN-VIDHYALAYA,23.0284,72.5541,APPROXIMATE,2026-06-14 00:59:57,overlay,2.85,evidence/CAM-13_5969_1788366526454.jpg
4638,NOT_READABLE,,,car,grey,southbound,CAM-13,CN-VIDHYALAYA,23.0284,72.5541,APPROXIMATE,2026-06-14 00:59:57,overlay,0.55,evidence/CAM-13_5975_1788366526468.jpg
4639,NOT_READABLE,,,car,red,southbound,CAM-13,CN-VIDHYALAYA,23.0284,72.5541,APPROXIMATE,2026-06-14 00:59:57,overlay,0.91,evidence/CAM-13_6050_1788366526619.jpg
4657,NOT_READABLE,,,car,grey,eastbound,CAM-13,CN-VIDHYALAYA,23.0284,72.5541,APPROXIMATE,2026-06-14 00:59:57,overlay,0.73,evidence/CAM-13_6122_1788366528045.jpg
4670,NOT_READABLE,,,truck,blue,stationary,CAM-13,CN-VIDHYALAYA,23.0284,72.5541,APPROXIMATE,2026-06-14 00:59:59,overlay,0.88,evidence/CAM-13_6120_1788366528841.jpg
4673,NOT_READABLE,,,truck,grey,westbound,CAM-13,CN-VIDHYALAYA,23.0284,72.5541,APPROXIMATE,2026-06-14 00:59:59,overlay,0.98,evidence/CAM-13_6133_1788366528894.jpg
4907,NOT_READABLE,,,car,blue,stationary,CAM-04,,23.0146,72.5679,APPROXIMATE,2026-06-14 00:59:59,overlay,0.43,evidence/CAM-04_3425_1788366548292.jpg
4908,NOT_READABLE,,,car,white,northbound,CAM-04,,23.0146,72.5679,APPROXIMATE,2026-06-14 00:59:59,overlay,0.61,evidence/CAM-04_3439_1788366548415.jpg
4909,NOT_READABLE,,,car,blue,southbound,CAM-04,,23.0146,72.5679,APPROXIMATE,2026-06-14 00:59:59,overlay,0.39,evidence/CAM-04_3473_1788366548599.jpg
4677,NOT_READABLE,,,bus,orange,westbound,CAM-13,CN-VIDHYALAYA,23.0284,72.5541,APPROXIMATE,2026-06-14 01:00:00,overlay,2.19,evidence/CAM-13_6044_1788366529635.jpg
4679,NOT_READABLE,,,motorcycle,blue,westbound,CAM-13,CN-VIDHYALAYA,23.0284,72.5541,APPROXIMATE,2026-06-14 01:00:00,overlay,1.00,evidence/CAM-13_6051_1788366529661.jpg
4681,NOT_READABLE,,,bicycle,blue,southbound,CAM-13,CN-VIDHYALAYA,23.0284,72.5541,APPROXIMATE,2026-06-14 01:00:00,overlay,0.88,evidence/CAM-13_6052_1788366529810.jpg
4683,NOT_READABLE,,,truck,black,westbound,CAM-13,CN-VIDHYALAYA,23.0284,72.5541,APPROXIMATE,2026-06-14 01:00:00,overlay,0.95,evidence/CAM-13_6054_1788366529823.jpg
4684,NOT_READABLE,,,motorcycle,grey,northbound,CAM-13,CN-VIDHYALAYA,23.0284,72.5541,APPROXIMATE,2026-06-14 01:00:00,overlay,0.94,evidence/CAM-13_6055_1788366529835.jpg
4685,NOT_READABLE,,,car,grey,eastbound,CAM-13,CN-VIDHYALAYA,23.0284,72.5541,APPROXIMATE,2026-06-14 01:00:00,overlay,0.87,evidence/CAM-13_6057_1788366529849.jpg
4687,NOT_READABLE,,,bicycle,grey,westbound,CAM-13,CN-VIDHYALAYA,23.0284,72.5541,APPROXIMATE,2026-06-14 01:00:00,overlay,0.93,evidence/CAM-13_6058_1788366529862.jpg
4689,NOT_READABLE,,,bicycle,grey,westbound,CAM-13,CN-VIDHYALAYA,23.0284,72.5541,APPROXIMATE,2026-06-14 01:00:00,overlay,0.72,evidence/CAM-13_6064_1788366529876.jpg
4691,NOT_READABLE,,,bus,blue,eastbound,CAM-13,CN-VIDHYALAYA,23.0284,72.5541,APPROXIMATE,2026-06-14 01:00:00,overlay,0.78,evidence/CAM-13_6065_1788366529889.jpg
4693,NOT_READABLE,,,bus,black,westbound,CAM-13,CN-VIDHYALAYA,23.0284,72.5541,APPROXIMATE,2026-06-14 01:00:00,overlay,0.76,evidence/CAM-13_6070_1788366529911.jpg
4695,NOT_READABLE,,,car,black,eastbound,CAM-13,CN-VIDHYALAYA,23.0284,72.5541,APPROXIMATE,2026-06-14 01:00:00,overlay,0.60,evidence/CAM-13_6076_1788366529921.jpg
4697,NOT_READABLE,,,bicycle,grey,northbound,CAM-13,CN-VIDHYALAYA,23.0284,72.5541,APPROXIMATE,2026-06-14 01:00:00,overlay,0.73,evidence/CAM-13_6079_1788366529933.jpg
4699,NOT_READABLE,,,truck,blue,northbound,CAM-13,CN-VIDHYALAYA,23.0284,72.5541,APPROXIMATE,2026-06-14 01:00:00,overlay,0.68,evidence/CAM-13_6086_1788366529983.jpg
4701,NOT_READABLE,,,bus,blue,stationary,CAM-13,CN-VIDHYALAYA,23.0284,72.5541,APPROXIMATE,2026-06-14 01:00:00,overlay,0.69,evidence/CAM-13_6095_1788366530041.jpg
4702,NOT_READABLE,,,bicycle,black,westbound,CAM-13,CN-VIDHYALAYA,23.0284,72.5541,APPROXIMATE,2026-06-14 01:00:00,overlay,0.70,evidence/CAM-13_6096_1788366530068.jpg
4704,NOT_READABLE,,,bicycle,grey,eastbound,CAM-13,CN-VIDHYALAYA,23.0284,72.5541,APPROXIMATE,2026-06-14 01:00:00,overlay,0.36,evidence/CAM-13_6099_1788366530203.jpg
4706,NOT_READABLE,,,car,blue,southbound,CAM-13,CN-VIDHYALAYA,23.0284,72.5541,APPROXIMATE,2026-06-14 01:00:00,overlay,0.48,evidence/CAM-13_6102_1788366530232.jpg
4708,NOT_READABLE,,,truck,black,northbound,CAM-13,CN-VIDHYALAYA,23.0284,72.5541,APPROXIMATE,2026-06-14 01:00:00,overlay,0.63,evidence/CAM-13_6110_1788366530355.jpg
4709,NOT_READABLE,,,bicycle,grey,northbound,CAM-13,CN-VIDHYALAYA,23.0284,72.5541,APPROXIMATE,2026-06-14 01:00:00,overlay,0.46,evidence/CAM-13_6114_1788366530381.jpg
4711,NOT_READABLE,,,truck,grey,southbound,CAM-13,CN-VIDHYALAYA,23.0284,72.5541,APPROXIMATE,2026-06-14 01:00:00,overlay,0.74,evidence/CAM-13_6142_1788366530393.jpg
4713,NOT_READABLE,,,truck,blue,stationary,CAM-13,CN-VIDHYALAYA,23.0284,72.5541,APPROXIMATE,2026-06-14 01:00:00,overlay,0.41,evidence/CAM-13_6145_1788366530407.jpg
4714,NOT_READABLE,,,bus,white,stationary,CAM-13,CN-VIDHYALAYA,23.0284,72.5541,APPROXIMATE,2026-06-14 01:00:00,overlay,0.45,evidence/CAM-13_6160_1788366530418.jpg
4716,NOT_READABLE,,,car,,stationary,CAM-13,CN-VIDHYALAYA,23.0284,72.5541,APPROXIMATE,2026-06-14 01:00:00,overlay,1.00,evidence/CAM-13_6236_1788366530433.jpg
4718,NOT_READABLE,,,car,grey,northbound,CAM-13,CN-VIDHYALAYA,23.0284,72.5541,APPROXIMATE,2026-06-14 01:00:00,overlay,0.95,evidence/CAM-13_6241_1788366530447.jpg
4720,NOT_READABLE,,,car,grey,northbound,CAM-13,CN-VIDHYALAYA,23.0284,72.5541,APPROXIMATE,2026-06-14 01:00:00,overlay,0.46,evidence/CAM-13_6080_1788366530599.jpg
4560,NOT_READABLE,,,truck,grey,northbound,CAM-01,Chiman bhai Bridge,23.0064,72.5698,APPROXIMATE,2026-06-14 01:00:01,overlay,0.77,evidence/CAM-01_6569_1788366523772.jpg
4561,NOT_READABLE,,,truck,purple,westbound,CAM-01,Chiman bhai Bridge,23.0064,72.5698,APPROXIMATE,2026-06-14 01:00:01,overlay,0.74,evidence/CAM-01_6570_1788366523792.jpg
4562,NOT_READABLE,,,car,grey,southbound,CAM-01,Chiman bhai Bridge,23.0064,72.5698,APPROXIMATE,2026-06-14 01:00:01,overlay,1.64,evidence/CAM-01_6575_1788366523840.jpg
4563,NOT_READABLE,,,truck,blue,eastbound,CAM-01,Chiman bhai Bridge,23.0064,72.5698,APPROXIMATE,2026-06-14 01:00:01,overlay,6.06,evidence/CAM-01_6576_1788366523884.jpg
4564,NOT_READABLE,,,car,blue,southbound,CAM-01,Chiman bhai Bridge,23.0064,72.5698,APPROXIMATE,2026-06-14 01:00:01,overlay,0.82,evidence/CAM-01_6577_1788366524048.jpg
4565,NOT_READABLE,,,truck,blue,southbound,CAM-01,Chiman bhai Bridge,23.0064,72.5698,APPROXIMATE,2026-06-14 01:00:01,overlay,0.95,evidence/CAM-01_6578_1788366524103.jpg
4566,NOT_READABLE,,,truck,blue,southbound,CAM-01,Chiman bhai Bridge,23.0064,72.5698,APPROXIMATE,2026-06-14 01:00:01,overlay,45.85,evidence/CAM-01_6582_1788366524125.jpg
4567,NOT_READABLE,,,car,blue,westbound,CAM-01,Chiman bhai Bridge,23.0064,72.5698,APPROXIMATE,2026-06-14 01:00:01,overlay,55.91,evidence/CAM-01_6584_1788366524148.jpg
4568,NOT_READABLE,,,bus,blue,northbound,CAM-01,Chiman bhai Bridge,23.0064,72.5698,APPROXIMATE,2026-06-14 01:00:01,overlay,0.64,evidence/CAM-01_6591_1788366524246.jpg
4569,NOT_READABLE,,,car,white,westbound,CAM-01,Chiman bhai Bridge,23.0064,72.5698,APPROXIMATE,2026-06-14 01:00:01,overlay,0.73,evidence/CAM-01_6592_1788366524320.jpg
4570,NOT_READABLE,,,truck,blue,southbound,CAM-01,Chiman bhai Bridge,23.0064,72.5698,APPROXIMATE,2026-06-14 01:00:01,overlay,0.89,evidence/CAM-01_6594_1788366524389.jpg
4571,NOT_READABLE,,,truck,white,eastbound,CAM-01,Chiman bhai Bridge,23.0064,72.5698,APPROXIMATE,2026-06-14 01:00:01,overlay,0.90,evidence/CAM-01_6599_1788366524439.jpg
4573,NOT_READABLE,,,truck,purple,eastbound,CAM-01,Chiman bhai Bridge,23.0064,72.5698,APPROXIMATE,2026-06-14 01:00:01,overlay,0.59,evidence/CAM-01_6600_1788366524661.jpg
4574,NOT_READABLE,,,motorcycle,grey,eastbound,CAM-01,Chiman bhai Bridge,23.0064,72.5698,APPROXIMATE,2026-06-14 01:00:01,overlay,0.96,evidence/CAM-01_6601_1788366524714.jpg
4575,NOT_READABLE,,,bus,grey,southbound,CAM-01,Chiman bhai Bridge,23.0064,72.5698,APPROXIMATE,2026-06-14 01:00:01,overlay,0.86,evidence/CAM-01_6602_1788366524737.jpg
4576,NOT_READABLE,,,bus,purple,northbound,CAM-01,Chiman bhai Bridge,23.0064,72.5698,APPROXIMATE,2026-06-14 01:00:01,overlay,0.63,evidence/CAM-01_6606_1788366524759.jpg
4577,NOT_READABLE,,,motorcycle,red,northbound,CAM-01,Chiman bhai Bridge,23.0064,72.5698,APPROXIMATE,2026-06-14 01:00:01,overlay,25.49,evidence/CAM-01_6608_1788366524864.jpg
4578,NOT_READABLE,,,car,grey,southbound,CAM-01,Chiman bhai Bridge,23.0064,72.5698,APPROXIMATE,2026-06-14 01:00:01,overlay,0.60,evidence/CAM-01_6609_1788366524887.jpg
4579,NOT_READABLE,,,truck,grey,eastbound,CAM-01,Chiman bhai Bridge,23.0064,72.5698,APPROXIMATE,2026-06-14 01:00:01,overlay,0.94,evidence/CAM-01_6610_1788366524915.jpg
4580,NOT_READABLE,,,car,grey,eastbound,CAM-01,Chiman bhai Bridge,23.0064,72.5698,APPROXIMATE,2026-06-14 01:00:01,overlay,57.66,evidence/CAM-01_6614_1788366525019.jpg
4581,NOT_READABLE,,,truck,orange,westbound,CAM-01,Chiman bhai Bridge,23.0064,72.5698,APPROXIMATE,2026-06-14 01:00:01,overlay,0.59,evidence/CAM-01_6615_1788366525067.jpg
4582,NOT_READABLE,,,truck,red,northbound,CAM-01,Chiman bhai Bridge,23.0064,72.5698,APPROXIMATE,2026-06-14 01:00:01,overlay,11.70,evidence/CAM-01_6616_1788366525091.jpg
4583,NOT_READABLE,,,car,grey,eastbound,CAM-01,Chiman bhai Bridge,23.0064,72.5698,APPROXIMATE,2026-06-14 01:00:01,overlay,39.24,evidence/CAM-01_6622_1788366525118.jpg
4584,NOT_READABLE,,,car,blue,westbound,CAM-01,Chiman bhai Bridge,23.0064,72.5698,APPROXIMATE,2026-06-14 01:00:01,overlay,0.66,evidence/CAM-01_6623_1788366525154.jpg
4585,NOT_READABLE,,,bicycle,purple,southbound,CAM-01,Chiman bhai Bridge,23.0064,72.5698,APPROXIMATE,2026-06-14 01:00:01,overlay,0.69,evidence/CAM-01_6625_1788366525181.jpg
4586,NOT_READABLE,,,bicycle,grey,southbound,CAM-01,Chiman bhai Bridge,23.0064,72.5698,APPROXIMATE,2026-06-14 01:00:01,overlay,0.50,evidence/CAM-01_6626_1788366525196.jpg
4587,NOT_READABLE,,,bicycle,grey,eastbound,CAM-01,Chiman bhai Bridge,23.0064,72.5698,APPROXIMATE,2026-06-14 01:00:01,overlay,0.84,evidence/CAM-01_6627_1788366525211.jpg
4588,NOT_READABLE,,,car,grey,northbound,CAM-01,Chiman bhai Bridge,23.0064,72.5698,APPROXIMATE,2026-06-14 01:00:01,overlay,0.72,evidence/CAM-01_6629_1788366525259.jpg
4589,NOT_READABLE,,,motorcycle,red,eastbound,CAM-01,Chiman bhai Bridge,23.0064,72.5698,APPROXIMATE,2026-06-14 01:00:01,overlay,0.78,evidence/CAM-01_6630_1788366525361.jpg
4590,NOT_READABLE,,,car,green,westbound,CAM-01,Chiman bhai Bridge,23.0064,72.5698,APPROXIMATE,2026-06-14 01:00:01,overlay,0.83,evidence/CAM-01_6638_1788366525387.jpg
4591,NOT_READABLE,,,bus,orange,westbound,CAM-01,Chiman bhai Bridge,23.0064,72.5698,APPROXIMATE,2026-06-14 01:00:01,overlay,1.00,evidence/CAM-01_6641_1788366525434.jpg
4592,NOT_READABLE,,,truck,grey,westbound,CAM-01,Chiman bhai Bridge,23.0064,72.5698,APPROXIMATE,2026-06-14 01:00:01,overlay,0.76,evidence/CAM-01_6642_1788366525458.jpg
4593,NOT_READABLE,,,truck,grey,westbound,CAM-01,Chiman bhai Bridge,23.0064,72.5698,APPROXIMATE,2026-06-14 01:00:01,overlay,0.82,evidence/CAM-01_6643_1788366525477.jpg
4594,NOT_READABLE,,,truck,grey,stationary,CAM-01,Chiman bhai Bridge,23.0064,72.5698,APPROXIMATE,2026-06-14 01:00:01,overlay,0.51,evidence/CAM-01_6644_1788366525499.jpg
4595,NOT_READABLE,,,car,orange,southbound,CAM-01,Chiman bhai Bridge,23.0064,72.5698,APPROXIMATE,2026-06-14 01:00:01,overlay,0.62,evidence/CAM-01_6645_1788366525519.jpg
4596,NOT_READABLE,,,bus,grey,southbound,CAM-01,Chiman bhai Bridge,23.0064,72.5698,APPROXIMATE,2026-06-14 01:00:01,overlay,0.56,evidence/CAM-01_6646_1788366525540.jpg
4597,NOT_READABLE,,,bicycle,grey,eastbound,CAM-01,Chiman bhai Bridge,23.0064,72.5698,APPROXIMATE,2026-06-14 01:00:01,overlay,0.37,evidence/CAM-01_6647_1788366525563.jpg
4598,NOT_READABLE,,,truck,white,eastbound,CAM-01,Chiman bhai Bridge,23.0064,72.5698,APPROXIMATE,2026-06-14 01:00:01,overlay,0.51,evidence/CAM-01_6648_1788366525579.jpg
4599,NOT_READABLE,,,motorcycle,red,southbound,CAM-01,Chiman bhai Bridge,23.0064,72.5698,APPROXIMATE,2026-06-14 01:00:01,overlay,0.48,evidence/CAM-01_6653_1788366525594.jpg
4600,NOT_READABLE,,,car,grey,northbound,CAM-01,Chiman bhai Bridge,23.0064,72.5698,APPROXIMATE,2026-06-14 01:00:01,overlay,0.42,evidence/CAM-01_6655_1788366525639.jpg
4601,NOT_READABLE,,,motorcycle,grey,eastbound,CAM-01,Chiman bhai Bridge,23.0064,72.5698,APPROXIMATE,2026-06-14 01:00:01,overlay,0.44,evidence/CAM-01_6656_1788366525682.jpg
4602,NOT_READABLE,,,bicycle,blue,northbound,CAM-01,Chiman bhai Bridge,23.0064,72.5698,APPROXIMATE,2026-06-14 01:00:01,overlay,0.40,evidence/CAM-01_6658_1788366525724.jpg
4603,NOT_READABLE,,,motorcycle,red,southbound,CAM-01,Chiman bhai Bridge,23.0064,72.5698,APPROXIMATE,2026-06-14 01:00:01,overlay,0.95,evidence/CAM-01_6659_1788366525796.jpg
4605,NOT_READABLE,,,bicycle,grey,northbound,CAM-01,Chiman bhai Bridge,23.0064,72.5698,APPROXIMATE,2026-06-14 01:00:01,overlay,0.63,evidence/CAM-01_6662_1788366525835.jpg
4608,NOT_READABLE,,,truck,purple,northbound,CAM-01,Chiman bhai Bridge,23.0064,72.5698,APPROXIMATE,2026-06-14 01:00:01,overlay,0.65,evidence/CAM-01_6663_1788366525895.jpg
4610,NOT_READABLE,,,truck,blue,southbound,CAM-01,Chiman bhai Bridge,23.0064,72.5698,APPROXIMATE,2026-06-14 01:00:01,overlay,0.68,evidence/CAM-01_6666_1788366525944.jpg
4612,NOT_READABLE,,,bicycle,grey,eastbound,CAM-01,Chiman bhai Bridge,23.0064,72.5698,APPROXIMATE,2026-06-14 01:00:01,overlay,0.40,evidence/CAM-01_6667_1788366525965.jpg
4615,NOT_READABLE,,,motorcycle,grey,westbound,CAM-01,Chiman bhai Bridge,23.0064,72.5698,APPROXIMATE,2026-06-14 01:00:01,overlay,0.99,evidence/CAM-01_6670_1788366525985.jpg
4618,NOT_READABLE,,,bus,grey,eastbound,CAM-01,Chiman bhai Bridge,23.0064,72.5698,APPROXIMATE,2026-06-14 01:00:01,overlay,0.88,evidence/CAM-01_6671_1788366526022.jpg
4620,NOT_READABLE,,,bus,grey,westbound,CAM-01,Chiman bhai Bridge,23.0064,72.5698,APPROXIMATE,2026-06-14 01:00:01,overlay,0.55,evidence/CAM-01_6673_1788366526049.jpg
4622,NOT_READABLE,,,bus,grey,southbound,CAM-01,Chiman bhai Bridge,23.0064,72.5698,APPROXIMATE,2026-06-14 01:00:01,overlay,0.45,evidence/CAM-01_6676_1788366526165.jpg
4624,NOT_READABLE,,,bus,grey,southbound,CAM-01,Chiman bhai Bridge,23.0064,72.5698,APPROXIMATE,2026-06-14 01:00:01,overlay,0.65,evidence/CAM-01_6677_1788366526177.jpg
4626,NOT_READABLE,,,bicycle,grey,southbound,CAM-01,Chiman bhai Bridge,23.0064,72.5698,APPROXIMATE,2026-06-14 01:00:01,overlay,0.46,evidence/CAM-01_6680_1788366526188.jpg
4628,NOT_READABLE,,,bicycle,orange,southbound,CAM-01,Chiman bhai Bridge,23.0064,72.5698,APPROXIMATE,2026-06-14 01:00:01,overlay,0.98,evidence/CAM-01_6681_1788366526248.jpg
4629,NOT_READABLE,,,motorcycle,blue,eastbound,CAM-01,Chiman bhai Bridge,23.0064,72.5698,APPROXIMATE,2026-06-14 01:00:01,overlay,0.37,evidence/CAM-01_6684_1788366526293.jpg
4632,NOT_READABLE,,,motorcycle,orange,westbound,CAM-01,Chiman bhai Bridge,23.0064,72.5698,APPROXIMATE,2026-06-14 01:00:01,overlay,0.99,evidence/CAM-01_6685_1788366526351.jpg
4636,NOT_READABLE,,,bus,grey,northbound,CAM-01,Chiman bhai Bridge,23.0064,72.5698,APPROXIMATE,2026-06-14 01:00:01,overlay,0.65,evidence/CAM-01_6687_1788366526452.jpg
4637,NOT_READABLE,,,motorcycle,orange,southbound,CAM-01,Chiman bhai Bridge,23.0064,72.5698,APPROXIMATE,2026-06-14 01:00:01,overlay,0.99,evidence/CAM-01_6690_1788366526472.jpg
4640,NOT_READABLE,,,bus,grey,southbound,CAM-01,Chiman bhai Bridge,23.0064,72.5698,APPROXIMATE,2026-06-14 01:00:01,overlay,0.42,evidence/CAM-01_6691_1788366526619.jpg
4642,NOT_READABLE,,,bus,grey,stationary,CAM-01,Chiman bhai Bridge,23.0064,72.5698,APPROXIMATE,2026-06-14 01:00:01,overlay,0.85,evidence/CAM-01_6694_1788366526779.jpg
4645,NOT_READABLE,,,bicycle,blue,southbound,CAM-01,Chiman bhai Bridge,23.0064,72.5698,APPROXIMATE,2026-06-14 01:00:01,overlay,0.48,evidence/CAM-01_6700_1788366526979.jpg
4647,NOT_READABLE,,,truck,orange,westbound,CAM-01,Chiman bhai Bridge,23.0064,72.5698,APPROXIMATE,2026-06-14 01:00:01,overlay,0.65,evidence/CAM-01_6703_1788366527461.jpg
4649,NOT_READABLE,,,bus,grey,stationary,CAM-01,Chiman bhai Bridge,23.0064,72.5698,APPROXIMATE,2026-06-14 01:00:01,overlay,0.97,evidence/CAM-01_6707_1788366527477.jpg
4652,NOT_READABLE,,,bus,orange,eastbound,CAM-01,Chiman bhai Bridge,23.0064,72.5698,APPROXIMATE,2026-06-14 01:00:01,overlay,0.55,evidence/CAM-01_6720_1788366527621.jpg
4722,NOT_READABLE,,,bus,white,eastbound,CAM-13,CN-VIDHYALAYA,23.0284,72.5541,APPROXIMATE,2026-06-14 01:00:01,overlay,0.72,evidence/CAM-13_6141_1788366532425.jpg
4723,NOT_READABLE,,,car,grey,eastbound,CAM-13,CN-VIDHYALAYA,23.0284,72.5541,APPROXIMATE,2026-06-14 01:00:01,overlay,0.79,evidence/CAM-13_6297_1788366532435.jpg
3686,NOT_READABLE,,,car,orange,westbound,CAM-05,Visat teen Rasta,23.1192572,72.5656704,GEOCODED,2026-06-14 01:00:02,overlay,6.95,evidence/CAM-05_7155_1788366471288.jpg
3694,NOT_READABLE,,,car,red,southbound,CAM-05,Visat teen Rasta,23.1192572,72.5656704,GEOCODED,2026-06-14 01:00:03,overlay,80.01,evidence/CAM-05_7156_1788366471497.jpg
4780,NOT_READABLE,,,car,white,westbound,CAM-13,CN-VIDHYALAYA,23.0284,72.5541,APPROXIMATE,2026-06-14 01:00:04,overlay,0.81,evidence/CAM-13_6303_1788366537863.jpg
3724,NOT_READABLE,,,car,white,stationary,CAM-05,Visat teen Rasta,23.1192572,72.5656704,GEOCODED,2026-06-14 01:00:04,overlay,0.43,evidence/CAM-05_7175_1788366473509.jpg
4799,NOT_READABLE,,,bicycle,black,northbound,CAM-13,CN-VIDHYALAYA,23.0284,72.5541,APPROXIMATE,2026-06-14 01:00:04,overlay,119.31,evidence/CAM-13_6299_1788366538741.jpg
4802,NOT_READABLE,,,car,grey,westbound,CAM-13,CN-VIDHYALAYA,23.0284,72.5541,APPROXIMATE,2026-06-14 01:00:04,overlay,157.77,evidence/CAM-13_6300_1788366538756.jpg
4803,NOT_READABLE,,,car,grey,northbound,CAM-13,CN-VIDHYALAYA,23.0284,72.5541,APPROXIMATE,2026-06-14 01:00:04,overlay,12.21,evidence/CAM-13_6301_1788366538772.jpg
4805,NOT_READABLE,,,car,grey,southbound,CAM-13,CN-VIDHYALAYA,23.0284,72.5541,APPROXIMATE,2026-06-14 01:00:04,overlay,509.83,evidence/CAM-13_6305_1788366538793.jpg
4895,NOT_READABLE,,,car,grey,westbound,CAM-13,CN-VIDHYALAYA,23.0284,72.5541,APPROXIMATE,2026-06-14 01:00:05,overlay,174.40,evidence/CAM-13_6302_1788366544622.jpg
4896,NOT_READABLE,,,car,white,eastbound,CAM-13,CN-VIDHYALAYA,23.0284,72.5541,APPROXIMATE,2026-06-14 01:00:06,overlay,0.47,evidence/CAM-13_6450_1788366545093.jpg
4903,NOT_READABLE,,,car,grey,eastbound,CAM-13,CN-VIDHYALAYA,23.0284,72.5541,APPROXIMATE,2026-06-14 01:00:07,overlay,184.13,evidence/CAM-13_6312_1788366546938.jpg
4904,NOT_READABLE,,,bus,yellow,westbound,CAM-13,CN-VIDHYALAYA,23.0284,72.5541,APPROXIMATE,2026-06-14 01:00:07,overlay,75.13,evidence/CAM-13_6326_1788366547255.jpg
4905,NOT_READABLE,,,bicycle,black,westbound,CAM-13,CN-VIDHYALAYA,23.0284,72.5541,APPROXIMATE,2026-06-14 01:00:07,overlay,54.91,evidence/CAM-13_6343_1788366547377.jpg
4906,NOT_READABLE,,,bicycle,black,westbound,CAM-13,CN-VIDHYALAYA,23.0284,72.5541,APPROXIMATE,2026-06-14 01:00:07,overlay,8.54,evidence/CAM-13_6377_1788366547822.jpg
3967,NOT_READABLE,,,truck,grey,eastbound,CAM-05,Visat teen Rasta,23.1192572,72.5656704,GEOCODED,2026-06-14 01:00:07,overlay,0.91,evidence/CAM-05_7177_1788366484944.jpg
3969,NOT_READABLE,,,bus,grey,southbound,CAM-05,Visat teen Rasta,23.1192572,72.5656704,GEOCODED,2026-06-14 01:00:07,overlay,0.71,evidence/CAM-05_7179_1788366484959.jpg
3971,NOT_READABLE,,,bicycle,grey,stationary,CAM-05,Visat teen Rasta,23.1192572,72.5656704,GEOCODED,2026-06-14 01:00:07,overlay,1.00,evidence/CAM-05_7180_1788366484974.jpg
3974,NOT_READABLE,,,car,grey,stationary,CAM-05,Visat teen Rasta,23.1192572,72.5656704,GEOCODED,2026-06-14 01:00:07,overlay,0.98,evidence/CAM-05_7181_1788366484988.jpg
3976,NOT_READABLE,,,bus,orange,eastbound,CAM-05,Visat teen Rasta,23.1192572,72.5656704,GEOCODED,2026-06-14 01:00:07,overlay,0.88,evidence/CAM-05_7182_1788366485003.jpg
3978,NOT_READABLE,,,motorcycle,grey,westbound,CAM-05,Visat teen Rasta,23.1192572,72.5656704,GEOCODED,2026-06-14 01:00:07,overlay,0.98,evidence/CAM-05_7183_1788366485018.jpg
3980,NOT_READABLE,,,bus,grey,southbound,CAM-05,Visat teen Rasta,23.1192572,72.5656704,GEOCODED,2026-06-14 01:00:07,overlay,0.96,evidence/CAM-05_7184_1788366485032.jpg
3982,NOT_READABLE,,,motorcycle,green,eastbound,CAM-05,Visat teen Rasta,23.1192572,72.5656704,GEOCODED,2026-06-14 01:00:07,overlay,0.82,evidence/CAM-05_7185_1788366485118.jpg
3984,NOT_READABLE,,,truck,grey,southbound,CAM-05,Visat teen Rasta,23.1192572,72.5656704,GEOCODED,2026-06-14 01:00:07,overlay,0.95,evidence/CAM-05_7186_1788366485134.jpg
3986,NOT_READABLE,,,truck,grey,southbound,CAM-05,Visat teen Rasta,23.1192572,72.5656704,GEOCODED,2026-06-14 01:00:07,overlay,0.96,evidence/CAM-05_7187_1788366485148.jpg
3988,NOT_READABLE,,,car,grey,westbound,CAM-05,Visat teen Rasta,23.1192572,72.5656704,GEOCODED,2026-06-14 01:00:07,overlay,0.89,evidence/CAM-05_7188_1788366485164.jpg
3989,NOT_READABLE,,,bicycle,yellow,northbound,CAM-05,Visat teen Rasta,23.1192572,72.5656704,GEOCODED,2026-06-14 01:00:07,overlay,0.88,evidence/CAM-05_7189_1788366485186.jpg
3990,NOT_READABLE,,,car,yellow,northbound,CAM-05,Visat teen Rasta,23.1192572,72.5656704,GEOCODED,2026-06-14 01:00:07,overlay,0.91,evidence/CAM-05_7190_1788366485206.jpg
3991,NOT_READABLE,,,truck,grey,southbound,CAM-05,Visat teen Rasta,23.1192572,72.5656704,GEOCODED,2026-06-14 01:00:07,overlay,0.63,evidence/CAM-05_7192_1788366485225.jpg
3992,NOT_READABLE,,,car,grey,southbound,CAM-05,Visat teen Rasta,23.1192572,72.5656704,GEOCODED,2026-06-14 01:00:07,overlay,0.92,evidence/CAM-05_7193_1788366485247.jpg
3993,NOT_READABLE,,,car,grey,eastbound,CAM-05,Visat teen Rasta,23.1192572,72.5656704,GEOCODED,2026-06-14 01:00:07,overlay,0.92,evidence/CAM-05_7194_1788366485264.jpg
3994,NOT_READABLE,,,motorcycle,grey,westbound,CAM-05,Visat teen Rasta,23.1192572,72.5656704,GEOCODED,2026-06-14 01:00:07,overlay,0.93,evidence/CAM-05_7195_1788366485300.jpg
3995,NOT_READABLE,,,motorcycle,grey,eastbound,CAM-05,Visat teen Rasta,23.1192572,72.5656704,GEOCODED,2026-06-14 01:00:07,overlay,0.85,evidence/CAM-05_7196_1788366485376.jpg
3996,NOT_READABLE,,,bicycle,green,northbound,CAM-05,Visat teen Rasta,23.1192572,72.5656704,GEOCODED,2026-06-14 01:00:07,overlay,0.69,evidence/CAM-05_7198_1788366485393.jpg
3997,NOT_READABLE,,,bicycle,blue,eastbound,CAM-05,Visat teen Rasta,23.1192572,72.5656704,GEOCODED,2026-06-14 01:00:07,overlay,0.72,evidence/CAM-05_7199_1788366485418.jpg
3998,NOT_READABLE,,,motorcycle,blue,westbound,CAM-05,Visat teen Rasta,23.1192572,72.5656704,GEOCODED,2026-06-14 01:00:07,overlay,0.69,evidence/CAM-05_7200_1788366485437.jpg
3999,NOT_READABLE,,,motorcycle,grey,southbound,CAM-05,Visat teen Rasta,23.1192572,72.5656704,GEOCODED,2026-06-14 01:00:07,overlay,0.86,evidence/CAM-05_7201_1788366485455.jpg
4000,NOT_READABLE,,,bicycle,green,eastbound,CAM-05,Visat teen Rasta,23.1192572,72.5656704,GEOCODED,2026-06-14 01:00:07,overlay,0.65,evidence/CAM-05_7202_1788366485475.jpg
4001,NOT_READABLE,,,car,grey,eastbound,CAM-05,Visat teen Rasta,23.1192572,72.5656704,GEOCODED,2026-06-14 01:00:07,overlay,0.97,evidence/CAM-05_7204_1788366485497.jpg
4002,NOT_READABLE,,,motorcycle,green,westbound,CAM-05,Visat teen Rasta,23.1192572,72.5656704,GEOCODED,2026-06-14 01:00:07,overlay,0.80,evidence/CAM-05_7205_1788366485514.jpg
4003,NOT_READABLE,,,truck,grey,westbound,CAM-05,Visat teen Rasta,23.1192572,72.5656704,GEOCODED,2026-06-14 01:00:07,overlay,0.60,evidence/CAM-05_7206_1788366485540.jpg
4004,NOT_READABLE,,,bicycle,grey,northbound,CAM-05,Visat teen Rasta,23.1192572,72.5656704,GEOCODED,2026-06-14 01:00:07,overlay,0.72,evidence/CAM-05_7207_1788366485560.jpg
4005,NOT_READABLE,,,bus,yellow,eastbound,CAM-05,Visat teen Rasta,23.1192572,72.5656704,GEOCODED,2026-06-14 01:00:07,overlay,0.87,evidence/CAM-05_7208_1788366485583.jpg
4006,NOT_READABLE,,,car,green,southbound,CAM-05,Visat teen Rasta,23.1192572,72.5656704,GEOCODED,2026-06-14 01:00:07,overlay,0.94,evidence/CAM-05_7209_1788366485605.jpg
4007,NOT_READABLE,,,car,green,eastbound,CAM-05,Visat teen Rasta,23.1192572,72.5656704,GEOCODED,2026-06-14 01:00:07,overlay,0.72,evidence/CAM-05_7211_1788366485630.jpg
4008,NOT_READABLE,,,bicycle,green,northbound,CAM-05,Visat teen Rasta,23.1192572,72.5656704,GEOCODED,2026-06-14 01:00:07,overlay,0.76,evidence/CAM-05_7212_1788366485648.jpg
4009,NOT_READABLE,,,bus,grey,westbound,CAM-05,Visat teen Rasta,23.1192572,72.5656704,GEOCODED,2026-06-14 01:00:07,overlay,0.62,evidence/CAM-05_7213_1788366485811.jpg
4010,NOT_READABLE,,,bus,grey,southbound,CAM-05,Visat teen Rasta,23.1192572,72.5656704,GEOCODED,2026-06-14 01:00:07,overlay,0.60,evidence/CAM-05_7214_1788366485834.jpg
4011,NOT_READABLE,,,motorcycle,grey,eastbound,CAM-05,Visat teen Rasta,23.1192572,72.5656704,GEOCODED,2026-06-14 01:00:07,overlay,0.82,evidence/CAM-05_7215_1788366485941.jpg
4012,NOT_READABLE,,,motorcycle,green,eastbound,CAM-05,Visat teen Rasta,23.1192572,72.5656704,GEOCODED,2026-06-14 01:00:07,overlay,0.87,evidence/CAM-05_7216_1788366485997.jpg
4013,NOT_READABLE,,,truck,grey,eastbound,CAM-05,Visat teen Rasta,23.1192572,72.5656704,GEOCODED,2026-06-14 01:00:07,overlay,0.57,evidence/CAM-05_7217_1788366486026.jpg
4014,NOT_READABLE,,,bicycle,green,westbound,CAM-05,Visat teen Rasta,23.1192572,72.5656704,GEOCODED,2026-06-14 01:00:07,overlay,0.56,evidence/CAM-05_7218_1788366486051.jpg
4015,NOT_READABLE,,,motorcycle,grey,eastbound,CAM-05,Visat teen Rasta,23.1192572,72.5656704,GEOCODED,2026-06-14 01:00:07,overlay,0.86,evidence/CAM-05_7223_1788366486073.jpg
4016,NOT_READABLE,,,car,green,southbound,CAM-05,Visat teen Rasta,23.1192572,72.5656704,GEOCODED,2026-06-14 01:00:07,overlay,0.63,evidence/CAM-05_7224_1788366486093.jpg
4017,NOT_READABLE,,,truck,green,eastbound,CAM-05,Visat teen Rasta,23.1192572,72.5656704,GEOCODED,2026-06-14 01:00:07,overlay,0.55,evidence/CAM-05_7226_1788366486114.jpg
4018,NOT_READABLE,,,car,green,stationary,CAM-05,Visat teen Rasta,23.1192572,72.5656704,GEOCODED,2026-06-14 01:00:07,overlay,0.52,evidence/CAM-05_7227_1788366486130.jpg
4020,NOT_READABLE,,,truck,grey,southbound,CAM-05,Visat teen Rasta,23.1192572,72.5656704,GEOCODED,2026-06-14 01:00:07,overlay,0.84,evidence/CAM-05_7228_1788366486149.jpg
4021,NOT_READABLE,,,car,grey,southbound,CAM-05,Visat teen Rasta,23.1192572,72.5656704,GEOCODED,2026-06-14 01:00:07,overlay,0.80,evidence/CAM-05_7229_1788366486167.jpg
4022,NOT_READABLE,,,car,grey,eastbound,CAM-05,Visat teen Rasta,23.1192572,72.5656704,GEOCODED,2026-06-14 01:00:07,overlay,0.83,evidence/CAM-05_7231_1788366486232.jpg
4023,NOT_READABLE,,,car,grey,eastbound,CAM-05,Visat teen Rasta,23.1192572,72.5656704,GEOCODED,2026-06-14 01:00:07,overlay,0.72,evidence/CAM-05_7232_1788366486254.jpg
4024,NOT_READABLE,,,bicycle,orange,westbound,CAM-05,Visat teen Rasta,23.1192572,72.5656704,GEOCODED,2026-06-14 01:00:07,overlay,0.87,evidence/CAM-05_7233_1788366486285.jpg
4025,NOT_READABLE,,,motorcycle,orange,eastbound,CAM-05,Visat teen Rasta,23.1192572,72.5656704,GEOCODED,2026-06-14 01:00:07,overlay,0.63,evidence/CAM-05_7234_1788366486306.jpg
4026,NOT_READABLE,,,car,grey,stationary,CAM-05,Visat teen Rasta,23.1192572,72.5656704,GEOCODED,2026-06-14 01:00:07,overlay,0.74,evidence/CAM-05_7235_1788366486425.jpg
4027,NOT_READABLE,,,car,grey,westbound,CAM-05,Visat teen Rasta,23.1192572,72.5656704,GEOCODED,2026-06-14 01:00:07,overlay,0.63,evidence/CAM-05_7236_1788366486539.jpg
4028,NOT_READABLE,,,bicycle,grey,eastbound,CAM-05,Visat teen Rasta,23.1192572,72.5656704,GEOCODED,2026-06-14 01:00:07,overlay,0.80,evidence/CAM-05_7238_1788366486561.jpg
4029,NOT_READABLE,,,car,white,westbound,CAM-05,Visat teen Rasta,23.1192572,72.5656704,GEOCODED,2026-06-14 01:00:07,overlay,0.69,evidence/CAM-05_7239_1788366486680.jpg
4032,NOT_READABLE,,,car,grey,eastbound,CAM-05,Visat teen Rasta,23.1192572,72.5656704,GEOCODED,2026-06-14 01:00:07,overlay,0.64,evidence/CAM-05_7240_1788366486697.jpg
4033,NOT_READABLE,,,motorcycle,white,northbound,CAM-05,Visat teen Rasta,23.1192572,72.5656704,GEOCODED,2026-06-14 01:00:07,overlay,0.88,evidence/CAM-05_7241_1788366486720.jpg
4035,NOT_READABLE,,,bus,white,westbound,CAM-05,Visat teen Rasta,23.1192572,72.5656704,GEOCODED,2026-06-14 01:00:07,overlay,0.51,evidence/CAM-05_7243_1788366486736.jpg
4037,NOT_READABLE,,,bicycle,grey,southbound,CAM-05,Visat teen Rasta,23.1192572,72.5656704,GEOCODED,2026-06-14 01:00:07,overlay,0.65,evidence/CAM-05_7244_1788366486758.jpg
4039,NOT_READABLE,,,car,yellow,westbound,CAM-05,Visat teen Rasta,23.1192572,72.5656704,GEOCODED,2026-06-14 01:00:07,overlay,0.59,evidence/CAM-05_7245_1788366486785.jpg
4042,NOT_READABLE,,,bicycle,grey,westbound,CAM-05,Visat teen Rasta,23.1192572,72.5656704,GEOCODED,2026-06-14 01:00:07,overlay,0.58,evidence/CAM-05_7246_1788366486799.jpg
4044,NOT_READABLE,,,bicycle,grey,eastbound,CAM-05,Visat teen Rasta,23.1192572,72.5656704,GEOCODED,2026-06-14 01:00:07,overlay,0.66,evidence/CAM-05_7247_1788366486815.jpg
4046,NOT_READABLE,,,bicycle,grey,northbound,CAM-05,Visat teen Rasta,23.1192572,72.5656704,GEOCODED,2026-06-14 01:00:07,overlay,0.84,evidence/CAM-05_7248_1788366486836.jpg
4048,NOT_READABLE,,,motorcycle,grey,eastbound,CAM-05,Visat teen Rasta,23.1192572,72.5656704,GEOCODED,2026-06-14 01:00:07,overlay,0.80,evidence/CAM-05_7251_1788366486857.jpg
4050,NOT_READABLE,,,bicycle,blue,stationary,CAM-05,Visat teen Rasta,23.1192572,72.5656704,GEOCODED,2026-06-14 01:00:07,overlay,0.66,evidence/CAM-05_7252_1788366486883.jpg
4052,NOT_READABLE,,,bicycle,grey,eastbound,CAM-05,Visat teen Rasta,23.1192572,72.5656704,GEOCODED,2026-06-14 01:00:07,overlay,0.65,evidence/CAM-05_7254_1788366486902.jpg
4054,NOT_READABLE,,,motorcycle,grey,northbound,CAM-05,Visat teen Rasta,23.1192572,72.5656704,GEOCODED,2026-06-14 01:00:07,overlay,0.69,evidence/CAM-05_7255_1788366486928.jpg
4056,NOT_READABLE,,,bus,grey,westbound,CAM-05,Visat teen Rasta,23.1192572,72.5656704,GEOCODED,2026-06-14 01:00:07,overlay,0.59,evidence/CAM-05_7256_1788366486948.jpg
4058,NOT_READABLE,,,motorcycle,grey,eastbound,CAM-05,Visat teen Rasta,23.1192572,72.5656704,GEOCODED,2026-06-14 01:00:07,overlay,0.55,evidence/CAM-05_7257_1788366486974.jpg
4060,NOT_READABLE,,,bus,grey,southbound,CAM-05,Visat teen Rasta,23.1192572,72.5656704,GEOCODED,2026-06-14 01:00:07,overlay,0.36,evidence/CAM-05_7258_1788366486996.jpg
4063,NOT_READABLE,,,truck,grey,westbound,CAM-05,Visat teen Rasta,23.1192572,72.5656704,GEOCODED,2026-06-14 01:00:07,overlay,0.56,evidence/CAM-05_7260_1788366487024.jpg
4065,NOT_READABLE,,,truck,orange,stationary,CAM-05,Visat teen Rasta,23.1192572,72.5656704,GEOCODED,2026-06-14 01:00:07,overlay,0.45,evidence/CAM-05_7261_1788366487049.jpg
4067,NOT_READABLE,,,car,grey,eastbound,CAM-05,Visat teen Rasta,23.1192572,72.5656704,GEOCODED,2026-06-14 01:00:07,overlay,0.91,evidence/CAM-05_7262_1788366487079.jpg
4069,NOT_READABLE,,,bicycle,grey,southbound,CAM-05,Visat teen Rasta,23.1192572,72.5656704,GEOCODED,2026-06-14 01:00:07,overlay,0.82,evidence/CAM-05_7264_1788366487103.jpg
4071,NOT_READABLE,,,motorcycle,grey,eastbound,CAM-05,Visat teen Rasta,23.1192572,72.5656704,GEOCODED,2026-06-14 01:00:07,overlay,0.61,evidence/CAM-05_7266_1788366487122.jpg
4072,NOT_READABLE,,,bus,white,eastbound,CAM-05,Visat teen Rasta,23.1192572,72.5656704,GEOCODED,2026-06-14 01:00:07,overlay,0.39,evidence/CAM-05_7267_1788366487144.jpg
4074,NOT_READABLE,,,motorcycle,grey,northbound,CAM-05,Visat teen Rasta,23.1192572,72.5656704,GEOCODED,2026-06-14 01:00:07,overlay,0.56,evidence/CAM-05_7270_1788366487167.jpg
4076,NOT_READABLE,,,truck,grey,northbound,CAM-05,Visat teen Rasta,23.1192572,72.5656704,GEOCODED,2026-06-14 01:00:07,overlay,0.52,evidence/CAM-05_7271_1788366487191.jpg
4078,NOT_READABLE,,,bus,grey,eastbound,CAM-05,Visat teen Rasta,23.1192572,72.5656704,GEOCODED,2026-06-14 01:00:07,overlay,0.40,evidence/CAM-05_7272_1788366487218.jpg
4080,NOT_READABLE,,,truck,grey,westbound,CAM-05,Visat teen Rasta,23.1192572,72.5656704,GEOCODED,2026-06-14 01:00:07,overlay,0.33,evidence/CAM-05_7273_1788366487240.jpg
4082,NOT_READABLE,,,bicycle,green,eastbound,CAM-05,Visat teen Rasta,23.1192572,72.5656704,GEOCODED,2026-06-14 01:00:07,overlay,0.57,evidence/CAM-05_7274_1788366487261.jpg
4084,NOT_READABLE,,,car,blue,eastbound,CAM-05,Visat teen Rasta,23.1192572,72.5656704,GEOCODED,2026-06-14 01:00:07,overlay,0.54,evidence/CAM-05_7278_1788366487288.jpg
4086,NOT_READABLE,,,motorcycle,grey,eastbound,CAM-05,Visat teen Rasta,23.1192572,72.5656704,GEOCODED,2026-06-14 01:00:07,overlay,0.51,evidence/CAM-05_7279_1788366487323.jpg
4088,NOT_READABLE,,,truck,grey,eastbound,CAM-05,Visat teen Rasta,23.1192572,72.5656704,GEOCODED,2026-06-14 01:00:07,overlay,0.56,evidence/CAM-05_7281_1788366487348.jpg
4090,NOT_READABLE,,,bus,orange,westbound,CAM-05,Visat teen Rasta,23.1192572,72.5656704,GEOCODED,2026-06-14 01:00:07,overlay,0.45,evidence/CAM-05_7283_1788366487373.jpg
4093,NOT_READABLE,,,motorcycle,green,westbound,CAM-05,Visat teen Rasta,23.1192572,72.5656704,GEOCODED,2026-06-14 01:00:07,overlay,0.53,evidence/CAM-05_7284_1788366487389.jpg
4095,NOT_READABLE,,,bus,grey,westbound,CAM-05,Visat teen Rasta,23.1192572,72.5656704,GEOCODED,2026-06-14 01:00:07,overlay,0.44,evidence/CAM-05_7285_1788366487404.jpg
4097,NOT_READABLE,,,bus,grey,eastbound,CAM-05,Visat teen Rasta,23.1192572,72.5656704,GEOCODED,2026-06-14 01:00:07,overlay,0.36,evidence/CAM-05_7287_1788366487423.jpg
4099,NOT_READABLE,,,car,green,eastbound,CAM-05,Visat teen Rasta,23.1192572,72.5656704,GEOCODED,2026-06-14 01:00:07,overlay,0.38,evidence/CAM-05_7288_1788366487448.jpg
4101,NOT_READABLE,,,bicycle,grey,westbound,CAM-05,Visat teen Rasta,23.1192572,72.5656704,GEOCODED,2026-06-14 01:00:07,overlay,0.72,evidence/CAM-05_7289_1788366487471.jpg
4102,NOT_READABLE,,,truck,grey,westbound,CAM-05,Visat teen Rasta,23.1192572,72.5656704,GEOCODED,2026-06-14 01:00:07,overlay,0.47,evidence/CAM-05_7290_1788366487497.jpg
4103,NOT_READABLE,,,bus,grey,westbound,CAM-05,Visat teen Rasta,23.1192572,72.5656704,GEOCODED,2026-06-14 01:00:07,overlay,0.55,evidence/CAM-05_7291_1788366487521.jpg
4104,NOT_READABLE,,,car,grey,eastbound,CAM-05,Visat teen Rasta,23.1192572,72.5656704,GEOCODED,2026-06-14 01:00:07,overlay,0.46,evidence/CAM-05_7292_1788366487550.jpg
4105,NOT_READABLE,,,bicycle,grey,southbound,CAM-05,Visat teen Rasta,23.1192572,72.5656704,GEOCODED,2026-06-14 01:00:07,overlay,0.80,evidence/CAM-05_7296_1788366487574.jpg
4106,NOT_READABLE,,,bicycle,grey,eastbound,CAM-05,Visat teen Rasta,23.1192572,72.5656704,GEOCODED,2026-06-14 01:00:07,overlay,0.46,evidence/CAM-05_7302_1788366487602.jpg
4107,NOT_READABLE,,,bus,grey,southbound,CAM-05,Visat teen Rasta,23.1192572,72.5656704,GEOCODED,2026-06-14 01:00:07,overlay,0.41,evidence/CAM-05_7303_1788366487620.jpg
4108,NOT_READABLE,,,bicycle,blue,northbound,CAM-05,Visat teen Rasta,23.1192572,72.5656704,GEOCODED,2026-06-14 01:00:07,overlay,0.39,evidence/CAM-05_7304_1788366487639.jpg
4109,NOT_READABLE,,,truck,green,eastbound,CAM-05,Visat teen Rasta,23.1192572,72.5656704,GEOCODED,2026-06-14 01:00:07,overlay,0.54,evidence/CAM-05_7305_1788366487656.jpg
4110,NOT_READABLE,,,truck,grey,eastbound,CAM-05,Visat teen Rasta,23.1192572,72.5656704,GEOCODED,2026-06-14 01:00:07,overlay,0.61,evidence/CAM-05_7306_1788366487675.jpg
4111,NOT_READABLE,,,motorcycle,grey,westbound,CAM-05,Visat teen Rasta,23.1192572,72.5656704,GEOCODED,2026-06-14 01:00:07,overlay,0.77,evidence/CAM-05_7307_1788366487703.jpg
4112,NOT_READABLE,,,bus,grey,northbound,CAM-05,Visat teen Rasta,23.1192572,72.5656704,GEOCODED,2026-06-14 01:00:07,overlay,0.60,evidence/CAM-05_7308_1788366487733.jpg
4113,NOT_READABLE,,,car,grey,northbound,CAM-05,Visat teen Rasta,23.1192572,72.5656704,GEOCODED,2026-06-14 01:00:07,overlay,0.95,evidence/CAM-05_7310_1788366487886.jpg
4114,NOT_READABLE,,,motorcycle,green,eastbound,CAM-05,Visat teen Rasta,23.1192572,72.5656704,GEOCODED,2026-06-14 01:00:07,overlay,0.65,evidence/CAM-05_7314_1788366487908.jpg
4115,NOT_READABLE,,,bus,grey,southbound,CAM-05,Visat teen Rasta,23.1192572,72.5656704,GEOCODED,2026-06-14 01:00:07,overlay,0.61,evidence/CAM-05_7316_1788366487943.jpg
4116,NOT_READABLE,,,truck,grey,northbound,CAM-05,Visat teen Rasta,23.1192572,72.5656704,GEOCODED,2026-06-14 01:00:07,overlay,0.47,evidence/CAM-05_7317_1788366487972.jpg
4117,NOT_READABLE,,,car,green,stationary,CAM-05,Visat teen Rasta,23.1192572,72.5656704,GEOCODED,2026-06-14 01:00:07,overlay,0.91,evidence/CAM-05_7318_1788366487994.jpg
4118,NOT_READABLE,,,motorcycle,green,stationary,CAM-05,Visat teen Rasta,23.1192572,72.5656704,GEOCODED,2026-06-14 01:00:07,overlay,0.57,evidence/CAM-05_7320_1788366488016.jpg
4119,NOT_READABLE,,,bicycle,yellow,northbound,CAM-05,Visat teen Rasta,23.1192572,72.5656704,GEOCODED,2026-06-14 01:00:07,overlay,0.49,evidence/CAM-05_7322_1788366488040.jpg
4120,NOT_READABLE,,,car,red,stationary,CAM-05,Visat teen Rasta,23.1192572,72.5656704,GEOCODED,2026-06-14 01:00:07,overlay,0.38,evidence/CAM-05_7324_1788366488062.jpg
4121,NOT_READABLE,,,truck,grey,eastbound,CAM-05,Visat teen Rasta,23.1192572,72.5656704,GEOCODED,2026-06-14 01:00:07,overlay,0.45,evidence/CAM-05_7325_1788366488088.jpg
4122,NOT_READABLE,,,car,orange,southbound,CAM-05,Visat teen Rasta,23.1192572,72.5656704,GEOCODED,2026-06-14 01:00:07,overlay,0.59,evidence/CAM-05_7327_1788366488113.jpg
4123,NOT_READABLE,,,bus,grey,northbound,CAM-05,Visat teen Rasta,23.1192572,72.5656704,GEOCODED,2026-06-14 01:00:07,overlay,0.47,evidence/CAM-05_7329_1788366488134.jpg
4124,NOT_READABLE,,,bicycle,grey,southbound,CAM-05,Visat teen Rasta,23.1192572,72.5656704,GEOCODED,2026-06-14 01:00:07,overlay,0.55,evidence/CAM-05_7330_1788366488158.jpg
4125,NOT_READABLE,,,bus,grey,stationary,CAM-05,Visat teen Rasta,23.1192572,72.5656704,GEOCODED,2026-06-14 01:00:07,overlay,0.49,evidence/CAM-05_7332_1788366488183.jpg
4126,NOT_READABLE,,,bicycle,green,southbound,CAM-05,Visat teen Rasta,23.1192572,72.5656704,GEOCODED,2026-06-14 01:00:07,overlay,0.51,evidence/CAM-05_7333_1788366488202.jpg
4127,NOT_READABLE,,,motorcycle,grey,northbound,CAM-05,Visat teen Rasta,23.1192572,72.5656704,GEOCODED,2026-06-14 01:00:07,overlay,0.40,evidence/CAM-05_7336_1788366488255.jpg
4128,NOT_READABLE,,,motorcycle,grey,stationary,CAM-05,Visat teen Rasta,23.1192572,72.5656704,GEOCODED,2026-06-14 01:00:07,overlay,0.47,evidence/CAM-05_7337_1788366488274.jpg
4129,NOT_READABLE,,,car,grey,southbound,CAM-05,Visat teen Rasta,23.1192572,72.5656704,GEOCODED,2026-06-14 01:00:07,overlay,0.68,evidence/CAM-05_7341_1788366488302.jpg
4130,NOT_READABLE,,,truck,white,westbound,CAM-05,Visat teen Rasta,23.1192572,72.5656704,GEOCODED,2026-06-14 01:00:07,overlay,0.36,evidence/CAM-05_7345_1788366488407.jpg
4131,NOT_READABLE,,,car,white,westbound,CAM-05,Visat teen Rasta,23.1192572,72.5656704,GEOCODED,2026-06-14 01:00:07,overlay,0.56,evidence/CAM-05_7346_1788366488432.jpg
4132,NOT_READABLE,,,truck,grey,westbound,CAM-05,Visat teen Rasta,23.1192572,72.5656704,GEOCODED,2026-06-14 01:00:07,overlay,0.39,evidence/CAM-05_7347_1788366488552.jpg
4133,NOT_READABLE,,,bus,grey,stationary,CAM-05,Visat teen Rasta,23.1192572,72.5656704,GEOCODED,2026-06-14 01:00:07,overlay,0.47,evidence/CAM-05_7348_1788366488614.jpg
4134,NOT_READABLE,,,bicycle,grey,northbound,CAM-05,Visat teen Rasta,23.1192572,72.5656704,GEOCODED,2026-06-14 01:00:07,overlay,0.51,evidence/CAM-05_7349_1788366488640.jpg
4135,NOT_READABLE,,,bus,grey,eastbound,CAM-05,Visat teen Rasta,23.1192572,72.5656704,GEOCODED,2026-06-14 01:00:07,overlay,0.67,evidence/CAM-05_7350_1788366488695.jpg
4136,NOT_READABLE,,,truck,grey,stationary,CAM-05,Visat teen Rasta,23.1192572,72.5656704,GEOCODED,2026-06-14 01:00:07,overlay,0.40,evidence/CAM-05_7351_1788366488711.jpg
4137,NOT_READABLE,,,car,grey,northbound,CAM-05,Visat teen Rasta,23.1192572,72.5656704,GEOCODED,2026-06-14 01:00:07,overlay,0.43,evidence/CAM-05_7357_1788366488736.jpg
4138,NOT_READABLE,,,bus,red,southbound,CAM-05,Visat teen Rasta,23.1192572,72.5656704,GEOCODED,2026-06-14 01:00:07,overlay,0.64,evidence/CAM-05_7358_1788366488755.jpg
4139,NOT_READABLE,,,truck,grey,eastbound,CAM-05,Visat teen Rasta,23.1192572,72.5656704,GEOCODED,2026-06-14 01:00:07,overlay,0.44,evidence/CAM-05_7361_1788366488778.jpg
4140,NOT_READABLE,,,truck,white,eastbound,CAM-05,Visat teen Rasta,23.1192572,72.5656704,GEOCODED,2026-06-14 01:00:07,overlay,0.56,evidence/CAM-05_7368_1788366488803.jpg
4141,NOT_READABLE,,,bicycle,grey,westbound,CAM-05,Visat teen Rasta,23.1192572,72.5656704,GEOCODED,2026-06-14 01:00:07,overlay,0.54,evidence/CAM-05_7375_1788366489012.jpg
4142,NOT_READABLE,,,bus,blue,stationary,CAM-05,Visat teen Rasta,23.1192572,72.5656704,GEOCODED,2026-06-14 01:00:07,overlay,0.32,evidence/CAM-05_7377_1788366489170.jpg
4143,NOT_READABLE,,,motorcycle,orange,eastbound,CAM-05,Visat teen Rasta,23.1192572,72.5656704,GEOCODED,2026-06-14 01:00:07,overlay,0.43,evidence/CAM-05_7383_1788366489207.jpg
4144,NOT_READABLE,,,bicycle,grey,stationary,CAM-05,Visat teen Rasta,23.1192572,72.5656704,GEOCODED,2026-06-14 01:00:07,overlay,0.39,evidence/CAM-05_7404_1788366489312.jpg
4145,NOT_READABLE,,,car,grey,stationary,CAM-05,Visat teen Rasta,23.1192572,72.5656704,GEOCODED,2026-06-14 01:00:07,overlay,0.45,evidence/CAM-05_7410_1788366489441.jpg
4146,NOT_READABLE,,,car,purple,stationary,CAM-05,Visat teen Rasta,23.1192572,72.5656704,GEOCODED,2026-06-14 01:00:07,overlay,0.44,evidence/CAM-05_7424_1788366489594.jpg
4147,NOT_READABLE,,,bicycle,grey,westbound,CAM-05,Visat teen Rasta,23.1192572,72.5656704,GEOCODED,2026-06-14 01:00:09,overlay,0.65,evidence/CAM-05_7220_1788366491200.jpg
4148,NOT_READABLE,,,motorcycle,grey,westbound,CAM-05,Visat teen Rasta,23.1192572,72.5656704,GEOCODED,2026-06-14 01:00:09,overlay,0.60,evidence/CAM-05_7393_1788366491253.jpg
4150,NOT_READABLE,,,truck,grey,westbound,CAM-05,Visat teen Rasta,23.1192572,72.5656704,GEOCODED,2026-06-14 01:00:09,overlay,0.65,evidence/CAM-05_7441_1788366491296.jpg
4915,NOT_READABLE,,,car,white,northbound,CAM-13,CN-VIDHYALAYA,23.0284,72.5541,APPROXIMATE,2026-06-14 01:00:11,overlay,0.56,evidence/CAM-13_6473_1788366554727.jpg
4917,NOT_READABLE,,,car,grey,southbound,CAM-13,CN-VIDHYALAYA,23.0284,72.5541,APPROXIMATE,2026-06-14 01:00:13,overlay,31.52,evidence/CAM-13_6307_1788366555209.jpg
4918,NOT_READABLE,,,motorcycle,grey,eastbound,CAM-13,CN-VIDHYALAYA,23.0284,72.5541,APPROXIMATE,2026-06-14 01:00:13,overlay,292.59,evidence/CAM-13_6318_1788366555218.jpg
4919,NOT_READABLE,,,bus,grey,eastbound,CAM-13,CN-VIDHYALAYA,23.0284,72.5541,APPROXIMATE,2026-06-14 01:00:13,overlay,1.24,evidence/CAM-13_6453_1788366555229.jpg
4920,NOT_READABLE,,,motorcycle,grey,northbound,CAM-13,CN-VIDHYALAYA,23.0284,72.5541,APPROXIMATE,2026-06-14 01:00:13,overlay,1.23,evidence/CAM-13_6454_1788366555237.jpg
4921,NOT_READABLE,,,bicycle,grey,stationary,CAM-13,CN-VIDHYALAYA,23.0284,72.5541,APPROXIMATE,2026-06-14 01:00:13,overlay,1.00,evidence/CAM-13_6463_1788366555246.jpg
4922,NOT_READABLE,,,car,grey,stationary,CAM-13,CN-VIDHYALAYA,23.0284,72.5541,APPROXIMATE,2026-06-14 01:00:13,overlay,0.99,evidence/CAM-13_6464_1788366555256.jpg
4923,NOT_READABLE,,,truck,grey,stationary,CAM-13,CN-VIDHYALAYA,23.0284,72.5541,APPROXIMATE,2026-06-14 01:00:13,overlay,2.02,evidence/CAM-13_6465_1788366555265.jpg
4924,NOT_READABLE,,,car,grey,southbound,CAM-13,CN-VIDHYALAYA,23.0284,72.5541,APPROXIMATE,2026-06-14 01:00:13,overlay,1.62,evidence/CAM-13_6466_1788366555274.jpg
4925,NOT_READABLE,,,motorcycle,grey,southbound,CAM-13,CN-VIDHYALAYA,23.0284,72.5541,APPROXIMATE,2026-06-14 01:00:13,overlay,0.95,evidence/CAM-13_6467_1788366555284.jpg
4926,NOT_READABLE,,,bus,grey,stationary,CAM-13,CN-VIDHYALAYA,23.0284,72.5541,APPROXIMATE,2026-06-14 01:00:13,overlay,0.88,evidence/CAM-13_6468_1788366555293.jpg
4927,NOT_READABLE,,,bicycle,grey,eastbound,CAM-13,CN-VIDHYALAYA,23.0284,72.5541,APPROXIMATE,2026-06-14 01:00:13,overlay,0.97,evidence/CAM-13_6469_1788366555310.jpg
4928,NOT_READABLE,,,truck,black,northbound,CAM-13,CN-VIDHYALAYA,23.0284,72.5541,APPROXIMATE,2026-06-14 01:00:13,overlay,0.94,evidence/CAM-13_6470_1788366555322.jpg
4929,NOT_READABLE,,,bicycle,grey,eastbound,CAM-13,CN-VIDHYALAYA,23.0284,72.5541,APPROXIMATE,2026-06-14 01:00:13,overlay,0.74,evidence/CAM-13_6471_1788366555331.jpg
4930,NOT_READABLE,,,bus,grey,southbound,CAM-13,CN-VIDHYALAYA,23.0284,72.5541,APPROXIMATE,2026-06-14 01:00:13,overlay,0.43,evidence/CAM-13_6472_1788366555344.jpg
4931,NOT_READABLE,,,bus,white,stationary,CAM-13,CN-VIDHYALAYA,23.0284,72.5541,APPROXIMATE,2026-06-14 01:00:13,overlay,0.83,evidence/CAM-13_6476_1788366555355.jpg
4932,NOT_READABLE,,,car,grey,northbound,CAM-13,CN-VIDHYALAYA,23.0284,72.5541,APPROXIMATE,2026-06-14 01:00:13,overlay,0.72,evidence/CAM-13_6477_1788366555363.jpg
4933,NOT_READABLE,,,car,grey,stationary,CAM-13,CN-VIDHYALAYA,23.0284,72.5541,APPROXIMATE,2026-06-14 01:00:13,overlay,0.52,evidence/CAM-13_6478_1788366555371.jpg
4934,NOT_READABLE,,,car,grey,southbound,CAM-13,CN-VIDHYALAYA,23.0284,72.5541,APPROXIMATE,2026-06-14 01:00:13,overlay,0.43,evidence/CAM-13_6483_1788366555380.jpg
4935,NOT_READABLE,,,car,white,stationary,CAM-13,CN-VIDHYALAYA,23.0284,72.5541,APPROXIMATE,2026-06-14 01:00:13,overlay,0.59,evidence/CAM-13_6490_1788366555388.jpg
4197,NOT_READABLE,,,car,red,stationary,CAM-05,Visat teen Rasta,23.1192572,72.5656704,GEOCODED,2026-06-14 01:00:13,overlay,0.46,evidence/CAM-05_7542_1788366492376.jpg
4659,NOT_READABLE,,,bicycle,grey,southbound,CAM-01,Chiman bhai Bridge,23.0064,72.5698,APPROXIMATE,2026-06-14 01:00:13,overlay,8.28,evidence/CAM-01_6556_1788366528346.jpg
4661,NOT_READABLE,,,car,grey,southbound,CAM-01,Chiman bhai Bridge,23.0064,72.5698,APPROXIMATE,2026-06-14 01:00:13,overlay,5.32,evidence/CAM-01_6557_1788366528395.jpg
4664,NOT_READABLE,,,truck,grey,westbound,CAM-01,Chiman bhai Bridge,23.0064,72.5698,APPROXIMATE,2026-06-14 01:00:13,overlay,6.16,evidence/CAM-01_6558_1788366528488.jpg
4666,NOT_READABLE,,,bus,grey,eastbound,CAM-01,Chiman bhai Bridge,23.0064,72.5698,APPROXIMATE,2026-06-14 01:00:13,overlay,7.84,evidence/CAM-01_6559_1788366528676.jpg
4668,NOT_READABLE,,,car,blue,westbound,CAM-01,Chiman bhai Bridge,23.0064,72.5698,APPROXIMATE,2026-06-14 01:00:13,overlay,5.22,evidence/CAM-01_6560_1788366528727.jpg
4669,NOT_READABLE,,,motorcycle,grey,northbound,CAM-01,Chiman bhai Bridge,23.0064,72.5698,APPROXIMATE,2026-06-14 01:00:13,overlay,8.16,evidence/CAM-01_6561_1788366528842.jpg
4671,NOT_READABLE,,,bus,orange,eastbound,CAM-01,Chiman bhai Bridge,23.0064,72.5698,APPROXIMATE,2026-06-14 01:00:13,overlay,4.69,evidence/CAM-01_6562_1788366528868.jpg
4672,NOT_READABLE,,,bus,yellow,eastbound,CAM-01,Chiman bhai Bridge,23.0064,72.5698,APPROXIMATE,2026-06-14 01:00:13,overlay,4.08,evidence/CAM-01_6563_1788366528896.jpg
4674,NOT_READABLE,,,motorcycle,grey,northbound,CAM-01,Chiman bhai Bridge,23.0064,72.5698,APPROXIMATE,2026-06-14 01:00:13,overlay,0.98,evidence/CAM-01_6565_1788366529105.jpg
4675,NOT_READABLE,,,truck,blue,eastbound,CAM-01,Chiman bhai Bridge,23.0064,72.5698,APPROXIMATE,2026-06-14 01:00:13,overlay,0.91,evidence/CAM-01_6567_1788366529256.jpg
4676,NOT_READABLE,,,truck,purple,eastbound,CAM-01,Chiman bhai Bridge,23.0064,72.5698,APPROXIMATE,2026-06-14 01:00:13,overlay,1.00,evidence/CAM-01_6568_1788366529515.jpg
4678,NOT_READABLE,,,bus,blue,southbound,CAM-01,Chiman bhai Bridge,23.0064,72.5698,APPROXIMATE,2026-06-14 01:00:13,overlay,1.55,evidence/CAM-01_6572_1788366529600.jpg
4680,NOT_READABLE,,,motorcycle,grey,southbound,CAM-01,Chiman bhai Bridge,23.0064,72.5698,APPROXIMATE,2026-06-14 01:00:13,overlay,0.99,evidence/CAM-01_6586_1788366529786.jpg
4682,NOT_READABLE,,,motorcycle,grey,northbound,CAM-01,Chiman bhai Bridge,23.0064,72.5698,APPROXIMATE,2026-06-14 01:00:13,overlay,1.00,evidence/CAM-01_6593_1788366529812.jpg
4686,NOT_READABLE,,,bicycle,grey,southbound,CAM-01,Chiman bhai Bridge,23.0064,72.5698,APPROXIMATE,2026-06-14 01:00:13,overlay,0.92,evidence/CAM-01_6603_1788366529832.jpg
4688,NOT_READABLE,,,motorcycle,grey,southbound,CAM-01,Chiman bhai Bridge,23.0064,72.5698,APPROXIMATE,2026-06-14 01:00:13,overlay,0.95,evidence/CAM-01_6607_1788366529865.jpg
4690,NOT_READABLE,,,motorcycle,blue,westbound,CAM-01,Chiman bhai Bridge,23.0064,72.5698,APPROXIMATE,2026-06-14 01:00:13,overlay,10.81,evidence/CAM-01_6612_1788366529884.jpg
4692,NOT_READABLE,,,bus,orange,eastbound,CAM-01,Chiman bhai Bridge,23.0064,72.5698,APPROXIMATE,2026-06-14 01:00:13,overlay,2.65,evidence/CAM-01_6619_1788366529905.jpg
4694,NOT_READABLE,,,motorcycle,white,eastbound,CAM-01,Chiman bhai Bridge,23.0064,72.5698,APPROXIMATE,2026-06-14 01:00:13,overlay,1.00,evidence/CAM-01_6632_1788366529919.jpg
4696,NOT_READABLE,,,truck,grey,southbound,CAM-01,Chiman bhai Bridge,23.0064,72.5698,APPROXIMATE,2026-06-14 01:00:13,overlay,0.93,evidence/CAM-01_6634_1788366529929.jpg
4698,NOT_READABLE,,,car,grey,westbound,CAM-01,Chiman bhai Bridge,23.0064,72.5698,APPROXIMATE,2026-06-14 01:00:13,overlay,1.95,evidence/CAM-01_6650_1788366529939.jpg
4700,NOT_READABLE,,,bicycle,blue,northbound,CAM-01,Chiman bhai Bridge,23.0064,72.5698,APPROXIMATE,2026-06-14 01:00:13,overlay,2.52,evidence/CAM-01_6652_1788366530014.jpg
4703,NOT_READABLE,,,bicycle,red,westbound,CAM-01,Chiman bhai Bridge,23.0064,72.5698,APPROXIMATE,2026-06-14 01:00:13,overlay,0.95,evidence/CAM-01_6674_1788366530065.jpg
4705,NOT_READABLE,,,bus,red,westbound,CAM-01,Chiman bhai Bridge,23.0064,72.5698,APPROXIMATE,2026-06-14 01:00:13,overlay,0.95,evidence/CAM-01_6692_1788366530206.jpg
4707,NOT_READABLE,,,car,grey,eastbound,CAM-01,Chiman bhai Bridge,23.0064,72.5698,APPROXIMATE,2026-06-14 01:00:13,overlay,0.52,evidence/CAM-01_6749_1788366530239.jpg
4710,NOT_READABLE,,,bus,grey,eastbound,CAM-01,Chiman bhai Bridge,23.0064,72.5698,APPROXIMATE,2026-06-14 01:00:13,overlay,0.87,evidence/CAM-01_6780_1788366530380.jpg
4712,NOT_READABLE,,,car,grey,northbound,CAM-01,Chiman bhai Bridge,23.0064,72.5698,APPROXIMATE,2026-06-14 01:00:13,overlay,0.89,evidence/CAM-01_6791_1788366530397.jpg
4715,NOT_READABLE,,,bus,orange,stationary,CAM-01,Chiman bhai Bridge,23.0064,72.5698,APPROXIMATE,2026-06-14 01:00:13,overlay,5.48,evidence/CAM-01_6796_1788366530415.jpg
4717,NOT_READABLE,,,motorcycle,yellow,northbound,CAM-01,Chiman bhai Bridge,23.0064,72.5698,APPROXIMATE,2026-06-14 01:00:13,overlay,0.49,evidence/CAM-01_6797_1788366530441.jpg
4719,NOT_READABLE,,,bicycle,grey,southbound,CAM-01,Chiman bhai Bridge,23.0064,72.5698,APPROXIMATE,2026-06-14 01:00:13,overlay,0.68,evidence/CAM-01_6799_1788366530457.jpg
4721,NOT_READABLE,,,car,purple,stationary,CAM-01,Chiman bhai Bridge,23.0064,72.5698,APPROXIMATE,2026-06-14 01:00:15,overlay,0.39,evidence/CAM-01_6747_1788366531079.jpg
4224,NOT_READABLE,,,car,red,westbound,CAM-05,Visat teen Rasta,23.1192572,72.5656704,GEOCODED,2026-06-14 01:00:18,overlay,0.32,evidence/CAM-05_7545_1788366493036.jpg
4277,NOT_READABLE,,,car,red,eastbound,CAM-05,Visat teen Rasta,23.1192572,72.5656704,GEOCODED,2026-06-14 01:00:20,overlay,0.75,evidence/CAM-05_7546_1788366494978.jpg
4280,NOT_READABLE,,,car,grey,stationary,CAM-05,Visat teen Rasta,23.1192572,72.5656704,GEOCODED,2026-06-14 01:00:20,overlay,0.33,evidence/CAM-05_7547_1788366495039.jpg
4965,NOT_READABLE,,,car,grey,westbound,CAM-13,CN-VIDHYALAYA,23.0284,72.5541,APPROXIMATE,2026-06-14 01:00:20,overlay,0.78,evidence/CAM-13_6730_1788366568800.jpg
4370,NOT_READABLE,,,bus,grey,westbound,CAM-05,Visat teen Rasta,23.1192572,72.5656704,GEOCODED,2026-06-14 01:00:22,overlay,0.82,evidence/CAM-05_7548_1788366505202.jpg
4371,NOT_READABLE,,,car,white,westbound,CAM-05,Visat teen Rasta,23.1192572,72.5656704,GEOCODED,2026-06-14 01:00:22,overlay,0.43,evidence/CAM-05_7549_1788366505232.jpg
4372,NOT_READABLE,,,bicycle,grey,eastbound,CAM-05,Visat teen Rasta,23.1192572,72.5656704,GEOCODED,2026-06-14 01:00:22,overlay,0.71,evidence/CAM-05_7550_1788366505259.jpg
4373,NOT_READABLE,,,car,white,westbound,CAM-05,Visat teen Rasta,23.1192572,72.5656704,GEOCODED,2026-06-14 01:00:23,overlay,0.57,evidence/CAM-05_7610_1788366505691.jpg
4374,NOT_READABLE,,,car,yellow,eastbound,CAM-05,Visat teen Rasta,23.1192572,72.5656704,GEOCODED,2026-06-14 01:00:23,overlay,0.53,evidence/CAM-05_7614_1788366505715.jpg
4375,NOT_READABLE,,,truck,grey,southbound,CAM-05,Visat teen Rasta,23.1192572,72.5656704,GEOCODED,2026-06-14 01:00:23,overlay,0.85,evidence/CAM-05_7662_1788366505741.jpg
4376,NOT_READABLE,,,truck,grey,northbound,CAM-05,Visat teen Rasta,23.1192572,72.5656704,GEOCODED,2026-06-14 01:00:23,overlay,0.76,evidence/CAM-05_7677_1788366505763.jpg
4377,NOT_READABLE,,,motorcycle,grey,southbound,CAM-05,Visat teen Rasta,23.1192572,72.5656704,GEOCODED,2026-06-14 01:00:23,overlay,0.55,evidence/CAM-05_7680_1788366505777.jpg
4378,NOT_READABLE,,,car,grey,eastbound,CAM-05,Visat teen Rasta,23.1192572,72.5656704,GEOCODED,2026-06-14 01:00:23,overlay,0.48,evidence/CAM-05_7693_1788366505877.jpg
4379,NOT_READABLE,,,bus,grey,stationary,CAM-05,Visat teen Rasta,23.1192572,72.5656704,GEOCODED,2026-06-14 01:00:23,overlay,0.83,evidence/CAM-05_7730_1788366505903.jpg
4380,NOT_READABLE,,,motorcycle,white,stationary,CAM-05,Visat teen Rasta,23.1192572,72.5656704,GEOCODED,2026-06-14 01:00:23,overlay,0.66,evidence/CAM-05_7781_1788366506098.jpg
4381,NOT_READABLE,,,bicycle,white,eastbound,CAM-05,Visat teen Rasta,23.1192572,72.5656704,GEOCODED,2026-06-14 01:00:23,overlay,0.44,evidence/CAM-05_7804_1788366506141.jpg
4382,NOT_READABLE,,,bus,grey,stationary,CAM-05,Visat teen Rasta,23.1192572,72.5656704,GEOCODED,2026-06-14 01:00:23,overlay,0.80,evidence/CAM-05_7806_1788366506291.jpg
4383,NOT_READABLE,,,bicycle,grey,stationary,CAM-05,Visat teen Rasta,23.1192572,72.5656704,GEOCODED,2026-06-14 01:00:23,overlay,0.57,evidence/CAM-05_7814_1788366506385.jpg
4395,NOT_READABLE,,,bicycle,grey,southbound,CAM-05,Visat teen Rasta,23.1192572,72.5656704,GEOCODED,2026-06-14 01:00:23,overlay,0.80,evidence/CAM-05_7567_1788366508991.jpg
4975,NOT_READABLE,,,car,white,eastbound,CAM-13,CN-VIDHYALAYA,23.0284,72.5541,APPROXIMATE,2026-06-14 01:00:24,overlay,0.91,evidence/CAM-13_6731_1788366576075.jpg
4408,NOT_READABLE,,,truck,red,stationary,CAM-05,Visat teen Rasta,23.1192572,72.5656704,GEOCODED,2026-06-14 01:00:24,overlay,0.62,evidence/CAM-05_7754_1788366510095.jpg
4525,NOT_READABLE,,,car,grey,eastbound,CAM-05,Visat teen Rasta,23.1192572,72.5656704,GEOCODED,2026-06-14 01:00:30,overlay,0.98,evidence/CAM-05_7869_1788366518399.jpg
4527,NOT_READABLE,,,car,green,southbound,CAM-05,Visat teen Rasta,23.1192572,72.5656704,GEOCODED,2026-06-14 01:00:30,overlay,0.46,evidence/CAM-05_7877_1788366518508.jpg
4724,NOT_READABLE,,,car,grey,eastbound,CAM-01,Chiman bhai Bridge,23.0064,72.5698,APPROXIMATE,2026-06-14 01:00:40,overlay,0.45,evidence/CAM-01_6915_1788366535476.jpg
4762,NOT_READABLE,,,car,yellow,northbound,CAM-01,Chiman bhai Bridge,23.0064,72.5698,APPROXIMATE,2026-06-14 01:00:40,overlay,0.64,evidence/CAM-01_6912_1788366537301.jpg
4765,NOT_READABLE,,,car,grey,stationary,CAM-01,Chiman bhai Bridge,23.0064,72.5698,APPROXIMATE,2026-06-14 01:00:40,overlay,0.38,evidence/CAM-01_6914_1788366537448.jpg
4767,NOT_READABLE,,,car,white,eastbound,CAM-01,Chiman bhai Bridge,23.0064,72.5698,APPROXIMATE,2026-06-14 01:00:40,overlay,0.46,evidence/CAM-01_6917_1788366537495.jpg
4819,NOT_READABLE,,,car,blue,southbound,CAM-01,Chiman bhai Bridge,23.0064,72.5698,APPROXIMATE,2026-06-14 01:00:42,overlay,2.24,evidence/CAM-01_6926_1788366539558.jpg
4820,NOT_READABLE,,,bicycle,grey,westbound,CAM-01,Chiman bhai Bridge,23.0064,72.5698,APPROXIMATE,2026-06-14 01:00:42,overlay,21.56,evidence/CAM-01_6927_1788366539575.jpg
4821,NOT_READABLE,,,bus,yellow,eastbound,CAM-01,Chiman bhai Bridge,23.0064,72.5698,APPROXIMATE,2026-06-14 01:00:42,overlay,4.29,evidence/CAM-01_6928_1788366539593.jpg
4822,NOT_READABLE,,,motorcycle,blue,eastbound,CAM-01,Chiman bhai Bridge,23.0064,72.5698,APPROXIMATE,2026-06-14 01:00:42,overlay,0.95,evidence/CAM-01_6929_1788366539619.jpg
4823,NOT_READABLE,,,truck,grey,westbound,CAM-01,Chiman bhai Bridge,23.0064,72.5698,APPROXIMATE,2026-06-14 01:00:42,overlay,3.97,evidence/CAM-01_6930_1788366539635.jpg
4824,NOT_READABLE,,,bicycle,white,westbound,CAM-01,Chiman bhai Bridge,23.0064,72.5698,APPROXIMATE,2026-06-14 01:00:42,overlay,0.90,evidence/CAM-01_6931_1788366539652.jpg
4825,NOT_READABLE,,,bicycle,blue,southbound,CAM-01,Chiman bhai Bridge,23.0064,72.5698,APPROXIMATE,2026-06-14 01:00:42,overlay,0.70,evidence/CAM-01_6932_1788366539664.jpg
4826,NOT_READABLE,,,bicycle,grey,southbound,CAM-01,Chiman bhai Bridge,23.0064,72.5698,APPROXIMATE,2026-06-14 01:00:42,overlay,1.32,evidence/CAM-01_6933_1788366539675.jpg
4827,NOT_READABLE,,,bicycle,blue,northbound,CAM-01,Chiman bhai Bridge,23.0064,72.5698,APPROXIMATE,2026-06-14 01:00:42,overlay,0.96,evidence/CAM-01_6934_1788366539689.jpg
4828,NOT_READABLE,,,car,blue,westbound,CAM-01,Chiman bhai Bridge,23.0064,72.5698,APPROXIMATE,2026-06-14 01:00:42,overlay,0.72,evidence/CAM-01_6935_1788366539700.jpg
4829,NOT_READABLE,,,motorcycle,yellow,northbound,CAM-01,Chiman bhai Bridge,23.0064,72.5698,APPROXIMATE,2026-06-14 01:00:42,overlay,0.91,evidence/CAM-01_6936_1788366539711.jpg
4830,NOT_READABLE,,,bus,orange,westbound,CAM-01,Chiman bhai Bridge,23.0064,72.5698,APPROXIMATE,2026-06-14 01:00:42,overlay,3.77,evidence/CAM-01_6937_1788366539722.jpg
4831,NOT_READABLE,,,bicycle,blue,westbound,CAM-01,Chiman bhai Bridge,23.0064,72.5698,APPROXIMATE,2026-06-14 01:00:42,overlay,0.94,evidence/CAM-01_6938_1788366539732.jpg
4832,NOT_READABLE,,,car,grey,southbound,CAM-01,Chiman bhai Bridge,23.0064,72.5698,APPROXIMATE,2026-06-14 01:00:42,overlay,0.98,evidence/CAM-01_6939_1788366539745.jpg
4833,NOT_READABLE,,,bicycle,grey,southbound,CAM-01,Chiman bhai Bridge,23.0064,72.5698,APPROXIMATE,2026-06-14 01:00:42,overlay,0.94,evidence/CAM-01_6940_1788366539763.jpg
4834,NOT_READABLE,,,truck,grey,southbound,CAM-01,Chiman bhai Bridge,23.0064,72.5698,APPROXIMATE,2026-06-14 01:00:42,overlay,0.97,evidence/CAM-01_6941_1788366539774.jpg
4835,NOT_READABLE,,,bicycle,blue,southbound,CAM-01,Chiman bhai Bridge,23.0064,72.5698,APPROXIMATE,2026-06-14 01:00:42,overlay,0.75,evidence/CAM-01_6942_1788366539786.jpg
4836,NOT_READABLE,,,bicycle,white,southbound,CAM-01,Chiman bhai Bridge,23.0064,72.5698,APPROXIMATE,2026-06-14 01:00:42,overlay,0.84,evidence/CAM-01_6943_1788366539798.jpg
4837,NOT_READABLE,,,motorcycle,yellow,westbound,CAM-01,Chiman bhai Bridge,23.0064,72.5698,APPROXIMATE,2026-06-14 01:00:42,overlay,2.79,evidence/CAM-01_6944_1788366539814.jpg
4838,NOT_READABLE,,,bus,red,northbound,CAM-01,Chiman bhai Bridge,23.0064,72.5698,APPROXIMATE,2026-06-14 01:00:42,overlay,0.98,evidence/CAM-01_6945_1788366539828.jpg
4839,NOT_READABLE,,,truck,orange,westbound,CAM-01,Chiman bhai Bridge,23.0064,72.5698,APPROXIMATE,2026-06-14 01:00:42,overlay,3.07,evidence/CAM-01_6948_1788366539839.jpg
4840,NOT_READABLE,,,bus,red,eastbound,CAM-01,Chiman bhai Bridge,23.0064,72.5698,APPROXIMATE,2026-06-14 01:00:42,overlay,0.60,evidence/CAM-01_6949_1788366539849.jpg
4841,NOT_READABLE,,,bus,grey,eastbound,CAM-01,Chiman bhai Bridge,23.0064,72.5698,APPROXIMATE,2026-06-14 01:00:42,overlay,0.79,evidence/CAM-01_6950_1788366539859.jpg
4842,NOT_READABLE,,,bus,blue,northbound,CAM-01,Chiman bhai Bridge,23.0064,72.5698,APPROXIMATE,2026-06-14 01:00:42,overlay,0.73,evidence/CAM-01_6953_1788366539869.jpg
4843,NOT_READABLE,,,truck,yellow,westbound,CAM-01,Chiman bhai Bridge,23.0064,72.5698,APPROXIMATE,2026-06-14 01:00:42,overlay,0.98,evidence/CAM-01_6954_1788366539878.jpg
4844,NOT_READABLE,,,truck,blue,northbound,CAM-01,Chiman bhai Bridge,23.0064,72.5698,APPROXIMATE,2026-06-14 01:00:42,overlay,3.98,evidence/CAM-01_6955_1788366539888.jpg
4845,NOT_READABLE,,,bicycle,grey,westbound,CAM-01,Chiman bhai Bridge,23.0064,72.5698,APPROXIMATE,2026-06-14 01:00:42,overlay,0.60,evidence/CAM-01_6956_1788366539909.jpg
4846,NOT_READABLE,,,bicycle,blue,eastbound,CAM-01,Chiman bhai Bridge,23.0064,72.5698,APPROXIMATE,2026-06-14 01:00:42,overlay,0.69,evidence/CAM-01_6958_1788366539919.jpg
4847,NOT_READABLE,,,bus,grey,westbound,CAM-01,Chiman bhai Bridge,23.0064,72.5698,APPROXIMATE,2026-06-14 01:00:42,overlay,0.86,evidence/CAM-01_6959_1788366539928.jpg
4848,NOT_READABLE,,,bus,white,eastbound,CAM-01,Chiman bhai Bridge,23.0064,72.5698,APPROXIMATE,2026-06-14 01:00:42,overlay,0.77,evidence/CAM-01_6961_1788366539938.jpg
4849,NOT_READABLE,,,bus,blue,southbound,CAM-01,Chiman bhai Bridge,23.0064,72.5698,APPROXIMATE,2026-06-14 01:00:42,overlay,3.02,evidence/CAM-01_6962_1788366539946.jpg
4850,NOT_READABLE,,,motorcycle,grey,westbound,CAM-01,Chiman bhai Bridge,23.0064,72.5698,APPROXIMATE,2026-06-14 01:00:42,overlay,1.00,evidence/CAM-01_6964_1788366539955.jpg
4851,NOT_READABLE,,,truck,grey,southbound,CAM-01,Chiman bhai Bridge,23.0064,72.5698,APPROXIMATE,2026-06-14 01:00:42,overlay,0.81,evidence/CAM-01_6966_1788366539964.jpg
4852,NOT_READABLE,,,bus,blue,southbound,CAM-01,Chiman bhai Bridge,23.0064,72.5698,APPROXIMATE,2026-06-14 01:00:42,overlay,0.82,evidence/CAM-01_6968_1788366539972.jpg
4853,NOT_READABLE,,,car,grey,southbound,CAM-01,Chiman bhai Bridge,23.0064,72.5698,APPROXIMATE,2026-06-14 01:00:42,overlay,0.82,evidence/CAM-01_6969_1788366539983.jpg
4854,NOT_READABLE,,,bus,red,southbound,CAM-01,Chiman bhai Bridge,23.0064,72.5698,APPROXIMATE,2026-06-14 01:00:42,overlay,0.85,evidence/CAM-01_6971_1788366539992.jpg
4855,NOT_READABLE,,,car,white,westbound,CAM-01,Chiman bhai Bridge,23.0064,72.5698,APPROXIMATE,2026-06-14 01:00:42,overlay,0.68,evidence/CAM-01_6972_1788366540002.jpg
4856,NOT_READABLE,,,bus,blue,westbound,CAM-01,Chiman bhai Bridge,23.0064,72.5698,APPROXIMATE,2026-06-14 01:00:42,overlay,0.80,evidence/CAM-01_6973_1788366540013.jpg
4857,NOT_READABLE,,,bicycle,blue,westbound,CAM-01,Chiman bhai Bridge,23.0064,72.5698,APPROXIMATE,2026-06-14 01:00:42,overlay,0.70,evidence/CAM-01_6974_1788366540025.jpg
4858,NOT_READABLE,,,bicycle,grey,southbound,CAM-01,Chiman bhai Bridge,23.0064,72.5698,APPROXIMATE,2026-06-14 01:00:42,overlay,0.98,evidence/CAM-01_6977_1788366540037.jpg
4859,NOT_READABLE,,,bicycle,blue,southbound,CAM-01,Chiman bhai Bridge,23.0064,72.5698,APPROXIMATE,2026-06-14 01:00:42,overlay,0.95,evidence/CAM-01_6984_1788366540052.jpg
4860,NOT_READABLE,,,bus,purple,northbound,CAM-01,Chiman bhai Bridge,23.0064,72.5698,APPROXIMATE,2026-06-14 01:00:42,overlay,0.84,evidence/CAM-01_6987_1788366540063.jpg
4861,NOT_READABLE,,,bus,purple,northbound,CAM-01,Chiman bhai Bridge,23.0064,72.5698,APPROXIMATE,2026-06-14 01:00:42,overlay,0.76,evidence/CAM-01_6990_1788366540075.jpg
4862,NOT_READABLE,,,bus,blue,westbound,CAM-01,Chiman bhai Bridge,23.0064,72.5698,APPROXIMATE,2026-06-14 01:00:42,overlay,1.76,evidence/CAM-01_6991_1788366540120.jpg
4863,NOT_READABLE,,,bus,blue,southbound,CAM-01,Chiman bhai Bridge,23.0064,72.5698,APPROXIMATE,2026-06-14 01:00:42,overlay,0.67,evidence/CAM-01_6992_1788366540237.jpg
4864,NOT_READABLE,,,bus,grey,southbound,CAM-01,Chiman bhai Bridge,23.0064,72.5698,APPROXIMATE,2026-06-14 01:00:42,overlay,0.83,evidence/CAM-01_6993_1788366540305.jpg
4865,NOT_READABLE,,,bus,grey,eastbound,CAM-01,Chiman bhai Bridge,23.0064,72.5698,APPROXIMATE,2026-06-14 01:00:42,overlay,0.77,evidence/CAM-01_6995_1788366540330.jpg
4866,NOT_READABLE,,,bus,red,northbound,CAM-01,Chiman bhai Bridge,23.0064,72.5698,APPROXIMATE,2026-06-14 01:00:42,overlay,0.72,evidence/CAM-01_6997_1788366540373.jpg
4867,NOT_READABLE,,,bus,orange,northbound,CAM-01,Chiman bhai Bridge,23.0064,72.5698,APPROXIMATE,2026-06-14 01:00:42,overlay,1.00,evidence/CAM-01_6999_1788366540394.jpg
4868,NOT_READABLE,,,bus,yellow,southbound,CAM-01,Chiman bhai Bridge,23.0064,72.5698,APPROXIMATE,2026-06-14 01:00:42,overlay,0.92,evidence/CAM-01_7000_1788366540418.jpg
4869,NOT_READABLE,,,bus,grey,westbound,CAM-01,Chiman bhai Bridge,23.0064,72.5698,APPROXIMATE,2026-06-14 01:00:42,overlay,0.62,evidence/CAM-01_7003_1788366540437.jpg
4870,NOT_READABLE,,,bicycle,grey,northbound,CAM-01,Chiman bhai Bridge,23.0064,72.5698,APPROXIMATE,2026-06-14 01:00:42,overlay,0.85,evidence/CAM-01_7006_1788366540457.jpg
4871,NOT_READABLE,,,bus,grey,southbound,CAM-01,Chiman bhai Bridge,23.0064,72.5698,APPROXIMATE,2026-06-14 01:00:42,overlay,0.72,evidence/CAM-01_7008_1788366540549.jpg
4872,NOT_READABLE,,,truck,blue,westbound,CAM-01,Chiman bhai Bridge,23.0064,72.5698,APPROXIMATE,2026-06-14 01:00:42,overlay,0.81,evidence/CAM-01_7010_1788366540707.jpg
4873,NOT_READABLE,,,bus,yellow,southbound,CAM-01,Chiman bhai Bridge,23.0064,72.5698,APPROXIMATE,2026-06-14 01:00:42,overlay,0.78,evidence/CAM-01_7015_1788366540821.jpg
4874,NOT_READABLE,,,bus,yellow,westbound,CAM-01,Chiman bhai Bridge,23.0064,72.5698,APPROXIMATE,2026-06-14 01:00:42,overlay,0.77,evidence/CAM-01_7021_1788366540844.jpg
4875,NOT_READABLE,,,bus,blue,westbound,CAM-01,Chiman bhai Bridge,23.0064,72.5698,APPROXIMATE,2026-06-14 01:00:42,overlay,0.46,evidence/CAM-01_7036_1788366541010.jpg
4876,NOT_READABLE,,,truck,grey,northbound,CAM-01,Chiman bhai Bridge,23.0064,72.5698,APPROXIMATE,2026-06-14 01:00:42,overlay,0.47,evidence/CAM-01_7044_1788366541035.jpg
4877,NOT_READABLE,,,car,white,stationary,CAM-01,Chiman bhai Bridge,23.0064,72.5698,APPROXIMATE,2026-06-14 01:00:42,overlay,0.47,evidence/CAM-01_7048_1788366541095.jpg
4878,NOT_READABLE,,,car,white,westbound,CAM-01,Chiman bhai Bridge,23.0064,72.5698,APPROXIMATE,2026-06-14 01:00:42,overlay,0.69,evidence/CAM-01_7053_1788366541126.jpg
4879,NOT_READABLE,,,car,grey,stationary,CAM-01,Chiman bhai Bridge,23.0064,72.5698,APPROXIMATE,2026-06-14 01:00:42,overlay,0.59,evidence/CAM-01_7055_1788366541211.jpg
4880,NOT_READABLE,,,bicycle,grey,westbound,CAM-01,Chiman bhai Bridge,23.0064,72.5698,APPROXIMATE,2026-06-14 01:00:42,overlay,0.92,evidence/CAM-01_7071_1788366541259.jpg
4881,NOT_READABLE,,,bicycle,blue,northbound,CAM-01,Chiman bhai Bridge,23.0064,72.5698,APPROXIMATE,2026-06-14 01:00:42,overlay,0.56,evidence/CAM-01_7076_1788366541281.jpg
4882,NOT_READABLE,,,car,black,stationary,CAM-01,Chiman bhai Bridge,23.0064,72.5698,APPROXIMATE,2026-06-14 01:00:42,overlay,0.86,evidence/CAM-01_7081_1788366541399.jpg
4883,NOT_READABLE,,,truck,grey,southbound,CAM-01,Chiman bhai Bridge,23.0064,72.5698,APPROXIMATE,2026-06-14 01:00:42,overlay,0.49,evidence/CAM-01_7087_1788366541473.jpg
4884,NOT_READABLE,,,bus,grey,eastbound,CAM-01,Chiman bhai Bridge,23.0064,72.5698,APPROXIMATE,2026-06-14 01:00:42,overlay,0.52,evidence/CAM-01_7104_1788366541532.jpg
4885,NOT_READABLE,,,bicycle,yellow,northbound,CAM-01,Chiman bhai Bridge,23.0064,72.5698,APPROXIMATE,2026-06-14 01:00:42,overlay,0.46,evidence/CAM-01_7105_1788366541609.jpg
4886,NOT_READABLE,,,car,,southbound,CAM-01,Chiman bhai Bridge,23.0064,72.5698,APPROXIMATE,2026-06-14 01:00:42,overlay,4.80,evidence/CAM-01_7117_1788366541634.jpg
4887,NOT_READABLE,,,truck,,stationary,CAM-01,Chiman bhai Bridge,23.0064,72.5698,APPROXIMATE,2026-06-14 01:00:42,overlay,5.10,evidence/CAM-01_7118_1788366541683.jpg
4888,NOT_READABLE,,,car,,eastbound,CAM-01,Chiman bhai Bridge,23.0064,72.5698,APPROXIMATE,2026-06-14 01:00:42,overlay,2.80,evidence/CAM-01_7124_1788366541870.jpg
4889,NOT_READABLE,,,car,,southbound,CAM-01,Chiman bhai Bridge,23.0064,72.5698,APPROXIMATE,2026-06-14 01:00:42,overlay,4.66,evidence/CAM-01_7127_1788366541894.jpg
4604,NOT_READABLE,,,motorcycle,grey,eastbound,CAM-05,Visat teen Rasta,23.1192572,72.5656704,GEOCODED,2026-06-14 01:00:43,overlay,0.72,evidence/CAM-05_8090_1788366525835.jpg
4606,NOT_READABLE,,,truck,grey,eastbound,CAM-05,Visat teen Rasta,23.1192572,72.5656704,GEOCODED,2026-06-14 01:00:43,overlay,0.46,evidence/CAM-05_8091_1788366525874.jpg
4607,NOT_READABLE,,,bus,grey,eastbound,CAM-05,Visat teen Rasta,23.1192572,72.5656704,GEOCODED,2026-06-14 01:00:43,overlay,0.79,evidence/CAM-05_8092_1788366525898.jpg
4609,NOT_READABLE,,,bicycle,grey,northbound,CAM-05,Visat teen Rasta,23.1192572,72.5656704,GEOCODED,2026-06-14 01:00:43,overlay,0.57,evidence/CAM-05_8093_1788366525943.jpg
4611,NOT_READABLE,,,bus,grey,stationary,CAM-05,Visat teen Rasta,23.1192572,72.5656704,GEOCODED,2026-06-14 01:00:43,overlay,0.60,evidence/CAM-05_8094_1788366525956.jpg
4613,NOT_READABLE,,,truck,green,eastbound,CAM-05,Visat teen Rasta,23.1192572,72.5656704,GEOCODED,2026-06-14 01:00:43,overlay,0.85,evidence/CAM-05_8097_1788366525970.jpg
4614,NOT_READABLE,,,motorcycle,grey,westbound,CAM-05,Visat teen Rasta,23.1192572,72.5656704,GEOCODED,2026-06-14 01:00:43,overlay,0.80,evidence/CAM-05_8098_1788366525987.jpg
4616,NOT_READABLE,,,bicycle,grey,stationary,CAM-05,Visat teen Rasta,23.1192572,72.5656704,GEOCODED,2026-06-14 01:00:43,overlay,0.44,evidence/CAM-05_8099_1788366526009.jpg
4617,NOT_READABLE,,,car,grey,eastbound,CAM-05,Visat teen Rasta,23.1192572,72.5656704,GEOCODED,2026-06-14 01:00:43,overlay,0.44,evidence/CAM-05_8100_1788366526027.jpg
4619,NOT_READABLE,,,bicycle,grey,westbound,CAM-05,Visat teen Rasta,23.1192572,72.5656704,GEOCODED,2026-06-14 01:00:43,overlay,0.60,evidence/CAM-05_8102_1788366526045.jpg
4621,NOT_READABLE,,,bus,grey,southbound,CAM-05,Visat teen Rasta,23.1192572,72.5656704,GEOCODED,2026-06-14 01:00:43,overlay,0.64,evidence/CAM-05_8103_1788366526067.jpg
4623,NOT_READABLE,,,truck,grey,eastbound,CAM-05,Visat teen Rasta,23.1192572,72.5656704,GEOCODED,2026-06-14 01:00:43,overlay,0.45,evidence/CAM-05_8104_1788366526169.jpg
4625,NOT_READABLE,,,car,grey,eastbound,CAM-05,Visat teen Rasta,23.1192572,72.5656704,GEOCODED,2026-06-14 01:00:43,overlay,0.50,evidence/CAM-05_8105_1788366526182.jpg
4627,NOT_READABLE,,,car,grey,northbound,CAM-05,Visat teen Rasta,23.1192572,72.5656704,GEOCODED,2026-06-14 01:00:43,overlay,0.46,evidence/CAM-05_8111_1788366526247.jpg
4630,NOT_READABLE,,,motorcycle,green,northbound,CAM-05,Visat teen Rasta,23.1192572,72.5656704,GEOCODED,2026-06-14 01:00:43,overlay,0.44,evidence/CAM-05_8116_1788366526291.jpg
4631,NOT_READABLE,,,bicycle,white,westbound,CAM-05,Visat teen Rasta,23.1192572,72.5656704,GEOCODED,2026-06-14 01:00:43,overlay,0.41,evidence/CAM-05_8117_1788366526353.jpg
4634,NOT_READABLE,,,motorcycle,grey,eastbound,CAM-05,Visat teen Rasta,23.1192572,72.5656704,GEOCODED,2026-06-14 01:00:43,overlay,0.43,evidence/CAM-05_8118_1788366526430.jpg
4641,NOT_READABLE,,,motorcycle,grey,eastbound,CAM-05,Visat teen Rasta,23.1192572,72.5656704,GEOCODED,2026-06-14 01:00:44,overlay,2.48,evidence/CAM-05_8085_1788366526777.jpg
4643,NOT_READABLE,,,truck,grey,stationary,CAM-05,Visat teen Rasta,23.1192572,72.5656704,GEOCODED,2026-06-14 01:00:44,overlay,1.00,evidence/CAM-05_8086_1788366526841.jpg
4644,NOT_READABLE,,,bus,grey,westbound,CAM-05,Visat teen Rasta,23.1192572,72.5656704,GEOCODED,2026-06-14 01:00:44,overlay,5.85,evidence/CAM-05_8087_1788366526979.jpg
4646,NOT_READABLE,,,bus,grey,westbound,CAM-05,Visat teen Rasta,23.1192572,72.5656704,GEOCODED,2026-06-14 01:00:44,overlay,2.67,evidence/CAM-05_8088_1788366527001.jpg
4648,NOT_READABLE,,,motorcycle,grey,eastbound,CAM-05,Visat teen Rasta,23.1192572,72.5656704,GEOCODED,2026-06-14 01:00:44,overlay,0.94,evidence/CAM-05_8089_1788366527468.jpg
4650,NOT_READABLE,,,car,grey,southbound,CAM-05,Visat teen Rasta,23.1192572,72.5656704,GEOCODED,2026-06-14 01:00:44,overlay,1.06,evidence/CAM-05_8129_1788366527588.jpg
4651,NOT_READABLE,,,bicycle,grey,northbound,CAM-05,Visat teen Rasta,23.1192572,72.5656704,GEOCODED,2026-06-14 01:00:44,overlay,0.73,evidence/CAM-05_8132_1788366527623.jpg
4653,NOT_READABLE,,,bicycle,green,southbound,CAM-05,Visat teen Rasta,23.1192572,72.5656704,GEOCODED,2026-06-14 01:00:44,overlay,0.98,evidence/CAM-05_8133_1788366527792.jpg
4654,NOT_READABLE,,,car,green,southbound,CAM-05,Visat teen Rasta,23.1192572,72.5656704,GEOCODED,2026-06-14 01:00:44,overlay,0.97,evidence/CAM-05_8134_1788366527857.jpg
4655,NOT_READABLE,,,truck,grey,southbound,CAM-05,Visat teen Rasta,23.1192572,72.5656704,GEOCODED,2026-06-14 01:00:44,overlay,0.79,evidence/CAM-05_8136_1788366527878.jpg
4656,NOT_READABLE,,,truck,green,eastbound,CAM-05,Visat teen Rasta,23.1192572,72.5656704,GEOCODED,2026-06-14 01:00:44,overlay,0.73,evidence/CAM-05_8145_1788366527976.jpg
4897,NOT_READABLE,,,car,,northbound,CAM-01,Chiman bhai Bridge,23.0064,72.5698,APPROXIMATE,2026-06-14 01:00:44,overlay,2.98,evidence/CAM-01_7126_1788366545146.jpg
4898,NOT_READABLE,,,car,grey,westbound,CAM-01,Chiman bhai Bridge,23.0064,72.5698,APPROXIMATE,2026-06-14 01:00:44,overlay,6.83,evidence/CAM-01_7164_1788366545166.jpg
4899,NOT_READABLE,,,truck,blue,southbound,CAM-01,Chiman bhai Bridge,23.0064,72.5698,APPROXIMATE,2026-06-14 01:00:44,overlay,1.51,evidence/CAM-01_7174_1788366545188.jpg
4900,NOT_READABLE,,,car,grey,westbound,CAM-01,Chiman bhai Bridge,23.0064,72.5698,APPROXIMATE,2026-06-14 01:00:44,overlay,8.12,evidence/CAM-01_7180_1788366545208.jpg
4901,NOT_READABLE,,,bus,,eastbound,CAM-01,Chiman bhai Bridge,23.0064,72.5698,APPROXIMATE,2026-06-14 01:00:44,overlay,7.51,evidence/CAM-01_7216_1788366545230.jpg
4658,NOT_READABLE,,,truck,grey,eastbound,CAM-05,Visat teen Rasta,23.1192572,72.5656704,GEOCODED,2026-06-14 01:00:44,overlay,0.39,evidence/CAM-05_8162_1788366528358.jpg
4660,NOT_READABLE,,,bicycle,grey,eastbound,CAM-05,Visat teen Rasta,23.1192572,72.5656704,GEOCODED,2026-06-14 01:00:44,overlay,30.13,evidence/CAM-05_8175_1788366528395.jpg
4662,NOT_READABLE,,,bus,grey,southbound,CAM-05,Visat teen Rasta,23.1192572,72.5656704,GEOCODED,2026-06-14 01:00:44,overlay,49.11,evidence/CAM-05_8188_1788366528473.jpg
4663,NOT_READABLE,,,bicycle,grey,stationary,CAM-05,Visat teen Rasta,23.1192572,72.5656704,GEOCODED,2026-06-14 01:00:44,overlay,30.74,evidence/CAM-05_8199_1788366528489.jpg
4665,NOT_READABLE,,,bus,grey,southbound,CAM-05,Visat teen Rasta,23.1192572,72.5656704,GEOCODED,2026-06-14 01:00:44,overlay,79.88,evidence/CAM-05_8201_1788366528674.jpg
4667,NOT_READABLE,,,car,grey,eastbound,CAM-05,Visat teen Rasta,23.1192572,72.5656704,GEOCODED,2026-06-14 01:00:44,overlay,8.26,evidence/CAM-05_8249_1788366528703.jpg
4902,NOT_READABLE,,,car,grey,northbound,CAM-01,Chiman bhai Bridge,23.0064,72.5698,APPROXIMATE,2026-06-14 01:00:45,overlay,0.98,evidence/CAM-01_7234_1788366546920.jpg
4911,NOT_READABLE,,,car,white,stationary,CAM-01,Chiman bhai Bridge,23.0064,72.5698,APPROXIMATE,2026-06-14 01:00:47,overlay,0.61,evidence/CAM-01_7262_1788366550567.jpg
4725,NOT_READABLE,,,bus,grey,eastbound,CAM-05,Visat teen Rasta,23.1192572,72.5656704,GEOCODED,2026-06-14 01:00:47,overlay,0.95,evidence/CAM-05_8310_1788366536078.jpg
4726,NOT_READABLE,,,truck,grey,stationary,CAM-05,Visat teen Rasta,23.1192572,72.5656704,GEOCODED,2026-06-14 01:00:47,overlay,0.99,evidence/CAM-05_8311_1788366536095.jpg
4727,NOT_READABLE,,,truck,grey,northbound,CAM-05,Visat teen Rasta,23.1192572,72.5656704,GEOCODED,2026-06-14 01:00:47,overlay,0.81,evidence/CAM-05_8314_1788366536108.jpg
4728,NOT_READABLE,,,motorcycle,grey,eastbound,CAM-05,Visat teen Rasta,23.1192572,72.5656704,GEOCODED,2026-06-14 01:00:47,overlay,0.71,evidence/CAM-05_8319_1788366536118.jpg
4729,NOT_READABLE,,,truck,grey,eastbound,CAM-05,Visat teen Rasta,23.1192572,72.5656704,GEOCODED,2026-06-14 01:00:47,overlay,0.93,evidence/CAM-05_8321_1788366536128.jpg
4730,NOT_READABLE,,,truck,grey,westbound,CAM-05,Visat teen Rasta,23.1192572,72.5656704,GEOCODED,2026-06-14 01:00:47,overlay,0.93,evidence/CAM-05_8325_1788366536142.jpg
4731,NOT_READABLE,,,car,grey,southbound,CAM-05,Visat teen Rasta,23.1192572,72.5656704,GEOCODED,2026-06-14 01:00:47,overlay,0.72,evidence/CAM-05_8327_1788366536151.jpg
4732,NOT_READABLE,,,car,orange,southbound,CAM-05,Visat teen Rasta,23.1192572,72.5656704,GEOCODED,2026-06-14 01:00:47,overlay,0.82,evidence/CAM-05_8330_1788366536163.jpg
4733,NOT_READABLE,,,truck,grey,southbound,CAM-05,Visat teen Rasta,23.1192572,72.5656704,GEOCODED,2026-06-14 01:00:47,overlay,0.81,evidence/CAM-05_8334_1788366536174.jpg
4734,NOT_READABLE,,,truck,grey,eastbound,CAM-05,Visat teen Rasta,23.1192572,72.5656704,GEOCODED,2026-06-14 01:00:47,overlay,0.71,evidence/CAM-05_8337_1788366536189.jpg
4735,NOT_READABLE,,,bus,grey,southbound,CAM-05,Visat teen Rasta,23.1192572,72.5656704,GEOCODED,2026-06-14 01:00:47,overlay,0.67,evidence/CAM-05_8347_1788366536198.jpg
4736,NOT_READABLE,,,truck,grey,northbound,CAM-05,Visat teen Rasta,23.1192572,72.5656704,GEOCODED,2026-06-14 01:00:47,overlay,0.63,evidence/CAM-05_8348_1788366536209.jpg
4737,NOT_READABLE,,,motorcycle,grey,eastbound,CAM-05,Visat teen Rasta,23.1192572,72.5656704,GEOCODED,2026-06-14 01:00:47,overlay,0.82,evidence/CAM-05_8349_1788366536220.jpg
4738,NOT_READABLE,,,car,orange,westbound,CAM-05,Visat teen Rasta,23.1192572,72.5656704,GEOCODED,2026-06-14 01:00:47,overlay,0.85,evidence/CAM-05_8352_1788366536239.jpg
4739,NOT_READABLE,,,truck,orange,westbound,CAM-05,Visat teen Rasta,23.1192572,72.5656704,GEOCODED,2026-06-14 01:00:47,overlay,0.68,evidence/CAM-05_8354_1788366536248.jpg
4740,NOT_READABLE,,,bus,green,eastbound,CAM-05,Visat teen Rasta,23.1192572,72.5656704,GEOCODED,2026-06-14 01:00:47,overlay,0.55,evidence/CAM-05_8355_1788366536257.jpg
4741,NOT_READABLE,,,truck,grey,eastbound,CAM-05,Visat teen Rasta,23.1192572,72.5656704,GEOCODED,2026-06-14 01:00:47,overlay,0.71,evidence/CAM-05_8358_1788366536267.jpg
4742,NOT_READABLE,,,bicycle,grey,northbound,CAM-05,Visat teen Rasta,23.1192572,72.5656704,GEOCODED,2026-06-14 01:00:47,overlay,0.93,evidence/CAM-05_8363_1788366536379.jpg
4743,NOT_READABLE,,,motorcycle,grey,southbound,CAM-05,Visat teen Rasta,23.1192572,72.5656704,GEOCODED,2026-06-14 01:00:47,overlay,0.59,evidence/CAM-05_8369_1788366536415.jpg
4744,NOT_READABLE,,,car,grey,eastbound,CAM-05,Visat teen Rasta,23.1192572,72.5656704,GEOCODED,2026-06-14 01:00:47,overlay,0.51,evidence/CAM-05_8370_1788366536428.jpg
4745,NOT_READABLE,,,motorcycle,grey,westbound,CAM-05,Visat teen Rasta,23.1192572,72.5656704,GEOCODED,2026-06-14 01:00:47,overlay,0.60,evidence/CAM-05_8372_1788366536442.jpg
4746,NOT_READABLE,,,bicycle,grey,southbound,CAM-05,Visat teen Rasta,23.1192572,72.5656704,GEOCODED,2026-06-14 01:00:47,overlay,0.60,evidence/CAM-05_8374_1788366536455.jpg
4747,NOT_READABLE,,,bus,grey,westbound,CAM-05,Visat teen Rasta,23.1192572,72.5656704,GEOCODED,2026-06-14 01:00:47,overlay,0.75,evidence/CAM-05_8377_1788366536470.jpg
4748,NOT_READABLE,,,car,grey,stationary,CAM-05,Visat teen Rasta,23.1192572,72.5656704,GEOCODED,2026-06-14 01:00:47,overlay,0.67,evidence/CAM-05_8379_1788366536484.jpg
4749,NOT_READABLE,,,motorcycle,purple,southbound,CAM-05,Visat teen Rasta,23.1192572,72.5656704,GEOCODED,2026-06-14 01:00:47,overlay,0.58,evidence/CAM-05_8387_1788366536498.jpg
4750,NOT_READABLE,,,bicycle,red,eastbound,CAM-05,Visat teen Rasta,23.1192572,72.5656704,GEOCODED,2026-06-14 01:00:47,overlay,0.46,evidence/CAM-05_8392_1788366536515.jpg
4751,NOT_READABLE,,,truck,orange,northbound,CAM-05,Visat teen Rasta,23.1192572,72.5656704,GEOCODED,2026-06-14 01:00:47,overlay,0.79,evidence/CAM-05_8394_1788366536528.jpg
4752,NOT_READABLE,,,bicycle,black,westbound,CAM-05,Visat teen Rasta,23.1192572,72.5656704,GEOCODED,2026-06-14 01:00:47,overlay,0.51,evidence/CAM-05_8397_1788366536540.jpg
4753,NOT_READABLE,,,bus,grey,westbound,CAM-05,Visat teen Rasta,23.1192572,72.5656704,GEOCODED,2026-06-14 01:00:47,overlay,0.49,evidence/CAM-05_8398_1788366536617.jpg
4754,NOT_READABLE,,,car,grey,northbound,CAM-05,Visat teen Rasta,23.1192572,72.5656704,GEOCODED,2026-06-14 01:00:47,overlay,0.58,evidence/CAM-05_8400_1788366536647.jpg
4755,NOT_READABLE,,,motorcycle,grey,westbound,CAM-05,Visat teen Rasta,23.1192572,72.5656704,GEOCODED,2026-06-14 01:00:47,overlay,0.74,evidence/CAM-05_8403_1788366536719.jpg
4756,NOT_READABLE,,,bus,orange,eastbound,CAM-05,Visat teen Rasta,23.1192572,72.5656704,GEOCODED,2026-06-14 01:00:47,overlay,0.51,evidence/CAM-05_8404_1788366536738.jpg
4757,NOT_READABLE,,,motorcycle,grey,westbound,CAM-05,Visat teen Rasta,23.1192572,72.5656704,GEOCODED,2026-06-14 01:00:47,overlay,0.81,evidence/CAM-05_8405_1788366536786.jpg
4758,NOT_READABLE,,,motorcycle,grey,eastbound,CAM-05,Visat teen Rasta,23.1192572,72.5656704,GEOCODED,2026-06-14 01:00:47,overlay,0.76,evidence/CAM-05_8407_1788366536813.jpg
4759,NOT_READABLE,,,bus,grey,northbound,CAM-05,Visat teen Rasta,23.1192572,72.5656704,GEOCODED,2026-06-14 01:00:47,overlay,0.51,evidence/CAM-05_8409_1788366537074.jpg
4760,NOT_READABLE,,,motorcycle,grey,eastbound,CAM-05,Visat teen Rasta,23.1192572,72.5656704,GEOCODED,2026-06-14 01:00:47,overlay,0.65,evidence/CAM-05_8411_1788366537226.jpg
4761,NOT_READABLE,,,car,grey,westbound,CAM-05,Visat teen Rasta,23.1192572,72.5656704,GEOCODED,2026-06-14 01:00:47,overlay,0.62,evidence/CAM-05_8412_1788366537303.jpg
4763,NOT_READABLE,,,bus,white,southbound,CAM-05,Visat teen Rasta,23.1192572,72.5656704,GEOCODED,2026-06-14 01:00:47,overlay,0.52,evidence/CAM-05_8413_1788366537421.jpg
4764,NOT_READABLE,,,bicycle,grey,westbound,CAM-05,Visat teen Rasta,23.1192572,72.5656704,GEOCODED,2026-06-14 01:00:47,overlay,0.41,evidence/CAM-05_8415_1788366537449.jpg
4766,NOT_READABLE,,,bicycle,grey,eastbound,CAM-05,Visat teen Rasta,23.1192572,72.5656704,GEOCODED,2026-06-14 01:00:47,overlay,0.69,evidence/CAM-05_8417_1788366537491.jpg
4768,NOT_READABLE,,,bus,grey,northbound,CAM-05,Visat teen Rasta,23.1192572,72.5656704,GEOCODED,2026-06-14 01:00:47,overlay,0.38,evidence/CAM-05_8418_1788366537507.jpg
4769,NOT_READABLE,,,truck,grey,eastbound,CAM-05,Visat teen Rasta,23.1192572,72.5656704,GEOCODED,2026-06-14 01:00:47,overlay,0.59,evidence/CAM-05_8423_1788366537526.jpg
4770,NOT_READABLE,,,motorcycle,green,southbound,CAM-05,Visat teen Rasta,23.1192572,72.5656704,GEOCODED,2026-06-14 01:00:47,overlay,0.56,evidence/CAM-05_8425_1788366537539.jpg
4771,NOT_READABLE,,,bicycle,white,stationary,CAM-05,Visat teen Rasta,23.1192572,72.5656704,GEOCODED,2026-06-14 01:00:47,overlay,0.75,evidence/CAM-05_8426_1788366537551.jpg
4772,NOT_READABLE,,,truck,grey,eastbound,CAM-05,Visat teen Rasta,23.1192572,72.5656704,GEOCODED,2026-06-14 01:00:47,overlay,0.65,evidence/CAM-05_8428_1788366537567.jpg
4773,NOT_READABLE,,,car,grey,stationary,CAM-05,Visat teen Rasta,23.1192572,72.5656704,GEOCODED,2026-06-14 01:00:47,overlay,0.36,evidence/CAM-05_8433_1788366537586.jpg
4774,NOT_READABLE,,,bicycle,red,northbound,CAM-05,Visat teen Rasta,23.1192572,72.5656704,GEOCODED,2026-06-14 01:00:47,overlay,0.46,evidence/CAM-05_8435_1788366537603.jpg
4775,NOT_READABLE,,,motorcycle,grey,eastbound,CAM-05,Visat teen Rasta,23.1192572,72.5656704,GEOCODED,2026-06-14 01:00:47,overlay,0.55,evidence/CAM-05_8437_1788366537617.jpg
4776,NOT_READABLE,,,truck,grey,southbound,CAM-05,Visat teen Rasta,23.1192572,72.5656704,GEOCODED,2026-06-14 01:00:47,overlay,0.59,evidence/CAM-05_8438_1788366537633.jpg
4777,NOT_READABLE,,,truck,grey,southbound,CAM-05,Visat teen Rasta,23.1192572,72.5656704,GEOCODED,2026-06-14 01:00:47,overlay,0.44,evidence/CAM-05_8440_1788366537684.jpg
4778,NOT_READABLE,,,bicycle,grey,stationary,CAM-05,Visat teen Rasta,23.1192572,72.5656704,GEOCODED,2026-06-14 01:00:47,overlay,0.65,evidence/CAM-05_8443_1788366537809.jpg
4779,NOT_READABLE,,,bicycle,orange,stationary,CAM-05,Visat teen Rasta,23.1192572,72.5656704,GEOCODED,2026-06-14 01:00:47,overlay,0.46,evidence/CAM-05_8445_1788366537865.jpg
4781,NOT_READABLE,,,bicycle,grey,southbound,CAM-05,Visat teen Rasta,23.1192572,72.5656704,GEOCODED,2026-06-14 01:00:47,overlay,0.68,evidence/CAM-05_8448_1788366537907.jpg
4782,NOT_READABLE,,,bus,grey,northbound,CAM-05,Visat teen Rasta,23.1192572,72.5656704,GEOCODED,2026-06-14 01:00:47,overlay,0.44,evidence/CAM-05_8450_1788366537983.jpg
4783,NOT_READABLE,,,motorcycle,grey,eastbound,CAM-05,Visat teen Rasta,23.1192572,72.5656704,GEOCODED,2026-06-14 01:00:47,overlay,0.48,evidence/CAM-05_8462_1788366538010.jpg
4784,NOT_READABLE,,,motorcycle,grey,southbound,CAM-05,Visat teen Rasta,23.1192572,72.5656704,GEOCODED,2026-06-14 01:00:47,overlay,0.61,evidence/CAM-05_8463_1788366538029.jpg
4785,NOT_READABLE,,,truck,grey,stationary,CAM-05,Visat teen Rasta,23.1192572,72.5656704,GEOCODED,2026-06-14 01:00:47,overlay,0.42,evidence/CAM-05_8465_1788366538043.jpg
4786,NOT_READABLE,,,bicycle,grey,westbound,CAM-05,Visat teen Rasta,23.1192572,72.5656704,GEOCODED,2026-06-14 01:00:47,overlay,0.40,evidence/CAM-05_8466_1788366538056.jpg
4787,NOT_READABLE,,,bus,green,northbound,CAM-05,Visat teen Rasta,23.1192572,72.5656704,GEOCODED,2026-06-14 01:00:47,overlay,0.45,evidence/CAM-05_8468_1788366538069.jpg
4788,NOT_READABLE,,,motorcycle,grey,westbound,CAM-05,Visat teen Rasta,23.1192572,72.5656704,GEOCODED,2026-06-14 01:00:47,overlay,0.70,evidence/CAM-05_8475_1788366538083.jpg
4789,NOT_READABLE,,,bicycle,grey,stationary,CAM-05,Visat teen Rasta,23.1192572,72.5656704,GEOCODED,2026-06-14 01:00:47,overlay,0.81,evidence/CAM-05_8481_1788366538096.jpg
4790,NOT_READABLE,,,car,grey,stationary,CAM-05,Visat teen Rasta,23.1192572,72.5656704,GEOCODED,2026-06-14 01:00:47,overlay,0.39,evidence/CAM-05_8484_1788366538112.jpg
4791,NOT_READABLE,,,car,grey,stationary,CAM-05,Visat teen Rasta,23.1192572,72.5656704,GEOCODED,2026-06-14 01:00:47,overlay,0.43,evidence/CAM-05_8495_1788366538129.jpg
4792,NOT_READABLE,,,bus,grey,westbound,CAM-05,Visat teen Rasta,23.1192572,72.5656704,GEOCODED,2026-06-14 01:00:47,overlay,0.35,evidence/CAM-05_8496_1788366538195.jpg
4793,NOT_READABLE,,,car,grey,eastbound,CAM-05,Visat teen Rasta,23.1192572,72.5656704,GEOCODED,2026-06-14 01:00:47,overlay,0.35,evidence/CAM-05_8500_1788366538208.jpg
4794,NOT_READABLE,,,truck,grey,stationary,CAM-05,Visat teen Rasta,23.1192572,72.5656704,GEOCODED,2026-06-14 01:00:47,overlay,0.46,evidence/CAM-05_8502_1788366538363.jpg
4795,NOT_READABLE,,,truck,grey,stationary,CAM-05,Visat teen Rasta,23.1192572,72.5656704,GEOCODED,2026-06-14 01:00:47,overlay,0.51,evidence/CAM-05_8507_1788366538397.jpg
4796,NOT_READABLE,,,car,grey,stationary,CAM-05,Visat teen Rasta,23.1192572,72.5656704,GEOCODED,2026-06-14 01:00:47,overlay,0.41,evidence/CAM-05_8512_1788366538497.jpg
4797,NOT_READABLE,,,bicycle,grey,southbound,CAM-05,Visat teen Rasta,23.1192572,72.5656704,GEOCODED,2026-06-14 01:00:47,overlay,0.45,evidence/CAM-05_8528_1788366538538.jpg
4798,NOT_READABLE,,,bus,grey,southbound,CAM-05,Visat teen Rasta,23.1192572,72.5656704,GEOCODED,2026-06-14 01:00:47,overlay,0.43,evidence/CAM-05_8533_1788366538566.jpg
4800,NOT_READABLE,,,car,grey,stationary,CAM-05,Visat teen Rasta,23.1192572,72.5656704,GEOCODED,2026-06-14 01:00:47,overlay,0.31,evidence/CAM-05_8543_1788366538741.jpg
4912,NOT_READABLE,,,car,purple,stationary,CAM-01,Chiman bhai Bridge,23.0064,72.5698,APPROXIMATE,2026-06-14 01:00:49,overlay,0.34,evidence/CAM-01_7264_1788366551653.jpg
4913,NOT_READABLE,,,car,blue,stationary,CAM-01,Chiman bhai Bridge,23.0064,72.5698,APPROXIMATE,2026-06-14 01:00:49,overlay,0.33,evidence/CAM-01_7265_1788366551888.jpg
4916,NOT_READABLE,,,car,grey,stationary,CAM-01,Chiman bhai Bridge,23.0064,72.5698,APPROXIMATE,2026-06-14 01:00:52,overlay,0.34,evidence/CAM-01_7266_1788366554864.jpg
4890,NOT_READABLE,,,bicycle,grey,eastbound,CAM-05,Visat teen Rasta,23.1192572,72.5656704,GEOCODED,2026-06-14 01:00:56,overlay,0.92,evidence/CAM-05_8332_1788366543247.jpg
4937,NOT_READABLE,,,car,grey,southbound,CAM-01,Chiman bhai Bridge,23.0064,72.5698,APPROXIMATE,2026-06-14 01:01:00,overlay,2.93,evidence/CAM-01_7267_1788366567671.jpg
4938,NOT_READABLE,,,motorcycle,grey,stationary,CAM-01,Chiman bhai Bridge,23.0064,72.5698,APPROXIMATE,2026-06-14 01:01:00,overlay,6.60,evidence/CAM-01_7268_1788366567767.jpg
4939,NOT_READABLE,,,truck,grey,stationary,CAM-01,Chiman bhai Bridge,23.0064,72.5698,APPROXIMATE,2026-06-14 01:01:00,overlay,8.69,evidence/CAM-01_7269_1788366567789.jpg
4940,NOT_READABLE,,,bicycle,grey,eastbound,CAM-01,Chiman bhai Bridge,23.0064,72.5698,APPROXIMATE,2026-06-14 01:01:00,overlay,7.22,evidence/CAM-01_7270_1788366567810.jpg
4941,NOT_READABLE,,,bus,purple,eastbound,CAM-01,Chiman bhai Bridge,23.0064,72.5698,APPROXIMATE,2026-06-14 01:01:00,overlay,1.83,evidence/CAM-01_7271_1788366567832.jpg
4942,NOT_READABLE,,,bicycle,yellow,southbound,CAM-01,Chiman bhai Bridge,23.0064,72.5698,APPROXIMATE,2026-06-14 01:01:00,overlay,1.67,evidence/CAM-01_7272_1788366567852.jpg
4943,NOT_READABLE,,,motorcycle,grey,eastbound,CAM-01,Chiman bhai Bridge,23.0064,72.5698,APPROXIMATE,2026-06-14 01:01:00,overlay,4.55,evidence/CAM-01_7274_1788366567873.jpg
4944,NOT_READABLE,,,motorcycle,yellow,eastbound,CAM-01,Chiman bhai Bridge,23.0064,72.5698,APPROXIMATE,2026-06-14 01:01:00,overlay,3.68,evidence/CAM-01_7275_1788366567885.jpg
4945,NOT_READABLE,,,bicycle,grey,northbound,CAM-01,Chiman bhai Bridge,23.0064,72.5698,APPROXIMATE,2026-06-14 01:01:00,overlay,5.04,evidence/CAM-01_7276_1788366567925.jpg
4946,NOT_READABLE,,,car,blue,stationary,CAM-01,Chiman bhai Bridge,23.0064,72.5698,APPROXIMATE,2026-06-14 01:01:00,overlay,1.28,evidence/CAM-01_7278_1788366567944.jpg
4947,NOT_READABLE,,,bicycle,blue,eastbound,CAM-01,Chiman bhai Bridge,23.0064,72.5698,APPROXIMATE,2026-06-14 01:01:00,overlay,0.90,evidence/CAM-01_7280_1788366567973.jpg
4948,NOT_READABLE,,,bicycle,yellow,eastbound,CAM-01,Chiman bhai Bridge,23.0064,72.5698,APPROXIMATE,2026-06-14 01:01:00,overlay,1.34,evidence/CAM-01_7281_1788366567993.jpg
4949,NOT_READABLE,,,motorcycle,purple,eastbound,CAM-01,Chiman bhai Bridge,23.0064,72.5698,APPROXIMATE,2026-06-14 01:01:00,overlay,1.48,evidence/CAM-01_7283_1788366568013.jpg
4950,NOT_READABLE,,,motorcycle,grey,westbound,CAM-01,Chiman bhai Bridge,23.0064,72.5698,APPROXIMATE,2026-06-14 01:01:00,overlay,2.09,evidence/CAM-01_7284_1788366568034.jpg
4951,NOT_READABLE,,,car,yellow,southbound,CAM-01,Chiman bhai Bridge,23.0064,72.5698,APPROXIMATE,2026-06-14 01:01:00,overlay,1.61,evidence/CAM-01_7288_1788366568054.jpg
4952,NOT_READABLE,,,car,blue,eastbound,CAM-01,Chiman bhai Bridge,23.0064,72.5698,APPROXIMATE,2026-06-14 01:01:00,overlay,3.89,evidence/CAM-01_7291_1788366568077.jpg
4953,NOT_READABLE,,,car,blue,eastbound,CAM-01,Chiman bhai Bridge,23.0064,72.5698,APPROXIMATE,2026-06-14 01:01:00,overlay,0.79,evidence/CAM-01_7293_1788366568090.jpg
4954,NOT_READABLE,,,truck,grey,southbound,CAM-01,Chiman bhai Bridge,23.0064,72.5698,APPROXIMATE,2026-06-14 01:01:00,overlay,0.55,evidence/CAM-01_7294_1788366568137.jpg
4955,NOT_READABLE,,,bus,red,westbound,CAM-01,Chiman bhai Bridge,23.0064,72.5698,APPROXIMATE,2026-06-14 01:01:00,overlay,1.21,evidence/CAM-01_7300_1788366568195.jpg
4956,NOT_READABLE,,,motorcycle,yellow,eastbound,CAM-01,Chiman bhai Bridge,23.0064,72.5698,APPROXIMATE,2026-06-14 01:01:00,overlay,0.60,evidence/CAM-01_7302_1788366568231.jpg
4957,NOT_READABLE,,,bicycle,purple,westbound,CAM-01,Chiman bhai Bridge,23.0064,72.5698,APPROXIMATE,2026-06-14 01:01:00,overlay,0.78,evidence/CAM-01_7303_1788366568346.jpg
4958,NOT_READABLE,,,car,grey,northbound,CAM-01,Chiman bhai Bridge,23.0064,72.5698,APPROXIMATE,2026-06-14 01:01:00,overlay,0.85,evidence/CAM-01_7308_1788366568373.jpg
4959,NOT_READABLE,,,bus,yellow,eastbound,CAM-01,Chiman bhai Bridge,23.0064,72.5698,APPROXIMATE,2026-06-14 01:01:00,overlay,1.66,evidence/CAM-01_7309_1788366568485.jpg
4960,NOT_READABLE,,,bicycle,grey,westbound,CAM-01,Chiman bhai Bridge,23.0064,72.5698,APPROXIMATE,2026-06-14 01:01:00,overlay,0.60,evidence/CAM-01_7317_1788366568511.jpg
4961,NOT_READABLE,,,truck,yellow,eastbound,CAM-01,Chiman bhai Bridge,23.0064,72.5698,APPROXIMATE,2026-06-14 01:01:00,overlay,4.32,evidence/CAM-01_7321_1788366568575.jpg
4962,NOT_READABLE,,,bicycle,grey,northbound,CAM-01,Chiman bhai Bridge,23.0064,72.5698,APPROXIMATE,2026-06-14 01:01:00,overlay,1.21,evidence/CAM-01_7325_1788366568637.jpg
4963,NOT_READABLE,,,bicycle,purple,westbound,CAM-01,Chiman bhai Bridge,23.0064,72.5698,APPROXIMATE,2026-06-14 01:01:00,overlay,1.14,evidence/CAM-01_7338_1788366568718.jpg
4964,NOT_READABLE,,,motorcycle,blue,northbound,CAM-01,Chiman bhai Bridge,23.0064,72.5698,APPROXIMATE,2026-06-14 01:01:00,overlay,0.92,evidence/CAM-01_7345_1788366568802.jpg
4966,NOT_READABLE,,,car,orange,eastbound,CAM-01,Chiman bhai Bridge,23.0064,72.5698,APPROXIMATE,2026-06-14 01:01:00,overlay,7.09,evidence/CAM-01_7370_1788366568924.jpg
4967,NOT_READABLE,,,bicycle,yellow,southbound,CAM-01,Chiman bhai Bridge,23.0064,72.5698,APPROXIMATE,2026-06-14 01:01:00,overlay,2.66,evidence/CAM-01_7385_1788366568951.jpg
4969,NOT_READABLE,,,truck,red,eastbound,CAM-01,Chiman bhai Bridge,23.0064,72.5698,APPROXIMATE,2026-06-14 01:01:00,overlay,2.10,evidence/CAM-01_7404_1788366568968.jpg
4970,NOT_READABLE,,,bicycle,yellow,westbound,CAM-01,Chiman bhai Bridge,23.0064,72.5698,APPROXIMATE,2026-06-14 01:01:00,overlay,2.40,evidence/CAM-01_7450_1788366568992.jpg
4891,NOT_READABLE,,,car,white,westbound,CAM-05,Visat teen Rasta,23.1192572,72.5656704,GEOCODED,2026-06-14 01:01:01,overlay,0.79,evidence/CAM-05_8759_1788366543899.jpg
4892,NOT_READABLE,,,car,grey,northbound,CAM-05,Visat teen Rasta,23.1192572,72.5656704,GEOCODED,2026-06-14 01:01:01,overlay,0.36,evidence/CAM-05_8795_1788366543913.jpg
4893,NOT_READABLE,,,car,red,stationary,CAM-05,Visat teen Rasta,23.1192572,72.5656704,GEOCODED,2026-06-14 01:01:01,overlay,0.86,evidence/CAM-05_8973_1788366543926.jpg
4894,NOT_READABLE,,,car,orange,stationary,CAM-05,Visat teen Rasta,23.1192572,72.5656704,GEOCODED,2026-06-14 01:01:01,overlay,0.40,evidence/CAM-05_8975_1788366543939.jpg
4968,NOT_READABLE,,,car,red,stationary,CAM-04,,23.0146,72.5679,APPROXIMATE,2026-06-14 01:01:02,overlay,0.80,evidence/CAM-04_3512_1788366568949.jpg
4910,NOT_READABLE,,,car,red,stationary,CAM-05,Visat teen Rasta,23.1192572,72.5656704,GEOCODED,2026-06-14 01:01:03,overlay,0.57,evidence/CAM-05_8978_1788366550525.jpg
4914,NOT_READABLE,,,car,grey,southbound,CAM-05,Visat teen Rasta,23.1192572,72.5656704,GEOCODED,2026-06-14 01:01:04,overlay,0.49,evidence/CAM-05_8977_1788366552496.jpg
5170,NOT_READABLE,,,car,white,westbound,CAM-13,CN-VIDHYALAYA,23.0284,72.5541,APPROXIMATE,2026-06-14 01:01:05,overlay,0.98,evidence/CAM-13_7190_1788366601872.jpg
5171,NOT_READABLE,,,car,grey,westbound,CAM-13,CN-VIDHYALAYA,23.0284,72.5541,APPROXIMATE,2026-06-14 01:01:05,overlay,0.93,evidence/CAM-13_7191_1788366601928.jpg
4984,NOT_READABLE,,,bus,red,southbound,CAM-01,Chiman bhai Bridge,23.0064,72.5698,APPROXIMATE,2026-06-14 01:01:05,overlay,0.52,evidence/CAM-01_7549_1788366580049.jpg
4971,NOT_READABLE,,,truck,grey,westbound,CAM-04,,23.0146,72.5679,APPROXIMATE,2026-06-14 01:01:15,overlay,0.69,evidence/CAM-04_3523_1788366575429.jpg
5244,NOT_READABLE,,,car,black,westbound,CAM-13,CN-VIDHYALAYA,23.0284,72.5541,APPROXIMATE,2026-06-14 01:01:15,overlay,0.73,evidence/CAM-13_7439_1788366608231.jpg
5247,NOT_READABLE,,,bicycle,grey,stationary,CAM-13,CN-VIDHYALAYA,23.0284,72.5541,APPROXIMATE,2026-06-14 01:01:15,overlay,5.35,evidence/CAM-13_7432_1788366608697.jpg
4979,NOT_READABLE,,,bus,cyan,eastbound,CAM-04,,23.0146,72.5679,APPROXIMATE,2026-06-14 01:01:16,overlay,1.28,evidence/CAM-04_3563_1788366576768.jpg
4980,NOT_READABLE,,,car,purple,southbound,CAM-04,,23.0146,72.5679,APPROXIMATE,2026-06-14 01:01:16,overlay,3.37,evidence/CAM-04_3610_1788366576947.jpg
4981,NOT_READABLE,,,bicycle,blue,southbound,CAM-04,,23.0146,72.5679,APPROXIMATE,2026-06-14 01:01:16,overlay,3.51,evidence/CAM-04_3625_1788366576975.jpg
4982,NOT_READABLE,,,car,purple,stationary,CAM-04,,23.0146,72.5679,APPROXIMATE,2026-06-14 01:01:16,overlay,5.68,evidence/CAM-04_3637_1788366577161.jpg
5267,NOT_READABLE,,,bicycle,grey,westbound,CAM-13,CN-VIDHYALAYA,23.0284,72.5541,APPROXIMATE,2026-06-14 01:01:18,overlay,31.30,evidence/CAM-13_7605_1788366614370.jpg
5269,NOT_READABLE,,,car,white,southbound,CAM-13,CN-VIDHYALAYA,23.0284,72.5541,APPROXIMATE,2026-06-14 01:01:18,overlay,2.13,evidence/CAM-13_7534_1788366615529.jpg
5276,NOT_READABLE,,,car,grey,eastbound,CAM-13,CN-VIDHYALAYA,23.0284,72.5541,APPROXIMATE,2026-06-14 01:01:20,overlay,11.16,evidence/CAM-13_7494_1788366617778.jpg
5277,NOT_READABLE,,,bicycle,black,northbound,CAM-13,CN-VIDHYALAYA,23.0284,72.5541,APPROXIMATE,2026-06-14 01:01:20,overlay,3.70,evidence/CAM-13_7504_1788366617803.jpg
5278,NOT_READABLE,,,bicycle,grey,northbound,CAM-13,CN-VIDHYALAYA,23.0284,72.5541,APPROXIMATE,2026-06-14 01:01:20,overlay,14.29,evidence/CAM-13_7541_1788366617815.jpg
5279,NOT_READABLE,,,car,grey,southbound,CAM-13,CN-VIDHYALAYA,23.0284,72.5541,APPROXIMATE,2026-06-14 01:01:20,overlay,2.21,evidence/CAM-13_7568_1788366617829.jpg
5280,NOT_READABLE,,,bicycle,grey,eastbound,CAM-13,CN-VIDHYALAYA,23.0284,72.5541,APPROXIMATE,2026-06-14 01:01:20,overlay,1.00,evidence/CAM-13_7597_1788366617840.jpg
5281,NOT_READABLE,,,bus,,westbound,CAM-13,CN-VIDHYALAYA,23.0284,72.5541,APPROXIMATE,2026-06-14 01:01:20,overlay,4.42,evidence/CAM-13_7659_1788366617854.jpg
5282,NOT_READABLE,,,motorcycle,orange,westbound,CAM-13,CN-VIDHYALAYA,23.0284,72.5541,APPROXIMATE,2026-06-14 01:01:20,overlay,6.00,evidence/CAM-13_7669_1788366617867.jpg
5283,NOT_READABLE,,,bus,black,westbound,CAM-13,CN-VIDHYALAYA,23.0284,72.5541,APPROXIMATE,2026-06-14 01:01:20,overlay,32.56,evidence/CAM-13_7672_1788366617880.jpg
5284,NOT_READABLE,,,car,grey,southbound,CAM-13,CN-VIDHYALAYA,23.0284,72.5541,APPROXIMATE,2026-06-14 01:01:20,overlay,0.52,evidence/CAM-13_7679_1788366617891.jpg
5285,NOT_READABLE,,,motorcycle,white,westbound,CAM-13,CN-VIDHYALAYA,23.0284,72.5541,APPROXIMATE,2026-06-14 01:01:20,overlay,0.49,evidence/CAM-13_7697_1788366617901.jpg
5286,NOT_READABLE,,,bus,white,eastbound,CAM-13,CN-VIDHYALAYA,23.0284,72.5541,APPROXIMATE,2026-06-14 01:01:20,overlay,16.16,evidence/CAM-13_7698_1788366617909.jpg
5287,NOT_READABLE,,,car,grey,westbound,CAM-13,CN-VIDHYALAYA,23.0284,72.5541,APPROXIMATE,2026-06-14 01:01:20,overlay,32.83,evidence/CAM-13_7699_1788366617919.jpg
5288,NOT_READABLE,,,bus,grey,northbound,CAM-13,CN-VIDHYALAYA,23.0284,72.5541,APPROXIMATE,2026-06-14 01:01:20,overlay,2.57,evidence/CAM-13_7708_1788366617927.jpg
5289,NOT_READABLE,,,truck,grey,stationary,CAM-13,CN-VIDHYALAYA,23.0284,72.5541,APPROXIMATE,2026-06-14 01:01:20,overlay,3.00,evidence/CAM-13_7709_1788366617936.jpg
4936,NOT_READABLE,,,truck,grey,eastbound,CAM-05,Visat teen Rasta,23.1192572,72.5656704,GEOCODED,2026-06-14 01:01:21,overlay,0.87,evidence/CAM-05_9231_1788366566384.jpg
5290,NOT_READABLE,,,bicycle,grey,stationary,CAM-13,CN-VIDHYALAYA,23.0284,72.5541,APPROXIMATE,2026-06-14 01:01:21,overlay,25.95,evidence/CAM-13_7440_1788366619328.jpg
5291,NOT_READABLE,,,car,grey,southbound,CAM-13,CN-VIDHYALAYA,23.0284,72.5541,APPROXIMATE,2026-06-14 01:01:21,overlay,6.46,evidence/CAM-13_7441_1788366619358.jpg
5292,NOT_READABLE,,,truck,grey,stationary,CAM-13,CN-VIDHYALAYA,23.0284,72.5541,APPROXIMATE,2026-06-14 01:01:21,overlay,10.26,evidence/CAM-13_7442_1788366619443.jpg
5293,NOT_READABLE,,,bus,grey,southbound,CAM-13,CN-VIDHYALAYA,23.0284,72.5541,APPROXIMATE,2026-06-14 01:01:21,overlay,3.94,evidence/CAM-13_7444_1788366619488.jpg
5295,NOT_READABLE,,,car,grey,southbound,CAM-13,CN-VIDHYALAYA,23.0284,72.5541,APPROXIMATE,2026-06-14 01:01:21,overlay,1.00,evidence/CAM-13_7509_1788366619562.jpg
5296,NOT_READABLE,,,truck,black,northbound,CAM-13,CN-VIDHYALAYA,23.0284,72.5541,APPROXIMATE,2026-06-14 01:01:21,overlay,21.55,evidence/CAM-13_7511_1788366619574.jpg
5297,NOT_READABLE,,,car,,eastbound,CAM-13,CN-VIDHYALAYA,23.0284,72.5541,APPROXIMATE,2026-06-14 01:01:21,overlay,10.18,evidence/CAM-13_7649_1788366619663.jpg
5298,NOT_READABLE,,,bus,grey,southbound,CAM-13,CN-VIDHYALAYA,23.0284,72.5541,APPROXIMATE,2026-06-14 01:01:21,overlay,3.66,evidence/CAM-13_7661_1788366619674.jpg
5299,NOT_READABLE,,,car,grey,southbound,CAM-13,CN-VIDHYALAYA,23.0284,72.5541,APPROXIMATE,2026-06-14 01:01:21,overlay,0.76,evidence/CAM-13_7662_1788366619756.jpg
5300,NOT_READABLE,,,car,grey,westbound,CAM-13,CN-VIDHYALAYA,23.0284,72.5541,APPROXIMATE,2026-06-14 01:01:21,overlay,1.02,evidence/CAM-13_7663_1788366619789.jpg
5301,NOT_READABLE,,,motorcycle,grey,northbound,CAM-13,CN-VIDHYALAYA,23.0284,72.5541,APPROXIMATE,2026-06-14 01:01:21,overlay,6.28,evidence/CAM-13_7664_1788366619829.jpg
5302,NOT_READABLE,,,bus,grey,eastbound,CAM-13,CN-VIDHYALAYA,23.0284,72.5541,APPROXIMATE,2026-06-14 01:01:21,overlay,2.09,evidence/CAM-13_7666_1788366619855.jpg
5303,NOT_READABLE,,,motorcycle,grey,westbound,CAM-13,CN-VIDHYALAYA,23.0284,72.5541,APPROXIMATE,2026-06-14 01:01:21,overlay,0.94,evidence/CAM-13_7667_1788366619879.jpg
5304,NOT_READABLE,,,bicycle,grey,eastbound,CAM-13,CN-VIDHYALAYA,23.0284,72.5541,APPROXIMATE,2026-06-14 01:01:21,overlay,25.61,evidence/CAM-13_7670_1788366619890.jpg
